Combo,Method,Models,N_Models,Acc_Mean,Acc_Std,F1_Mean,F1_Std,Kappa_Mean,Kappa_Std
C1_Optimal5,Hard Voting,SVM-L + CNB + DT + GB + XGB,5,0.8502,0.0084,0.7809,0.0111,0.8081,0.0107
C2_Alt5,Hard Voting,LR + SVM-L + DT + GB + XGB,5,0.8486,0.0064,0.7805,0.0093,0.8062,0.0081
C3_Optimal3,Stacking,LR + SVM-RBF + XGB,3,0.8494,0.0084,0.7763,0.0142,0.8089,0.0106
C3_Optimal3,Hard Voting,LR + SVM-RBF + XGB,3,0.8429,0.0014,0.7709,0.0115,0.8005,0.0019
C4_Prev4,Soft Voting,LR + SVM-L + CNB + RF,4,0.8486,0.0072,0.7704,0.0078,0.807,0.0094
C5_Prev5,Stacking,LR + SVM-RBF + CNB + RF + LGBM,5,0.8454,0.0091,0.7679,0.019,0.8041,0.0111
C4_Prev4,Hard Voting,LR + SVM-L + CNB + RF,4,0.8421,0.0077,0.7669,0.0067,0.799,0.0099
C5_Prev5,Soft Voting,LR + SVM-RBF + CNB + RF + LGBM,5,0.8421,0.005,0.7639,0.0166,0.7989,0.0065
C4_Prev4,Stacking,LR + SVM-L + CNB + RF,4,0.8446,0.0077,0.7606,0.0023,0.8026,0.0098
C1_Optimal5,Stacking,SVM-L + CNB + DT + GB + XGB,5,0.8397,0.0141,0.76,0.0193,0.7967,0.0176
C5_Prev5,Hard Voting,LR + SVM-RBF + CNB + RF + LGBM,5,0.8397,0.0028,0.7585,0.0026,0.7962,0.0033
C2_Alt5,Stacking,LR + SVM-L + DT + GB + XGB,5,0.8397,0.0123,0.757,0.0154,0.7968,0.0154
C2_Alt5,Soft Voting,LR + SVM-L + DT + GB + XGB,5,0.8774,0.0134,0.7176,0.019,0.8391,0.0175
C3_Optimal3,Soft Voting,LR + SVM-RBF + XGB,3,0.8806,0.0137,0.7154,0.0167,0.8435,0.018
C1_Optimal5,Soft Voting,SVM-L + CNB + DT + GB + XGB,5,0.8766,0.0171,0.7102,0.0177,0.8379,0.0224
