Seed,Combo,Models,N_Models,Method,CV_Acc_Mean,CV_Acc_Std,CV_F1_Mean,CV_F1_Std,CV_Kappa_Mean,CV_Kappa_Std
42,C1_Optimal5,SVM-L + CNB + DT + GB + XGB,5,Hard Voting,0.8413642594329414,0.019998636808006513,0.7293929772357612,0.046642585271770794,0.7963761078057072,0.025065419250344056
42,C1_Optimal5,SVM-L + CNB + DT + GB + XGB,5,Soft Voting,0.8708101868552053,0.016514093983006618,0.6870471520080518,0.05897626305306026,0.8300798273259249,0.021791853366963845
42,C1_Optimal5,SVM-L + CNB + DT + GB + XGB,5,Stacking,0.8407654570377318,0.0208976735391226,0.7442472958171967,0.031766080472413784,0.7978950644946645,0.026405543246536788
42,C2_Alt5,LR + SVM-L + DT + GB + XGB,5,Hard Voting,0.8377570160883053,0.023192757268582786,0.7305094486309095,0.049536243311303206,0.792485294352218,0.02929370261745985
42,C2_Alt5,LR + SVM-L + DT + GB + XGB,5,Soft Voting,0.8726102012841785,0.016441546479216508,0.6961093406150055,0.048190391006738574,0.8325999450780485,0.021780549474224746
42,C2_Alt5,LR + SVM-L + DT + GB + XGB,5,Stacking,0.8377570160883053,0.01848926032108052,0.7330325967011154,0.0340277016697767,0.7940357340914852,0.023463371749308015
42,C3_Optimal3,LR + SVM-RBF + XGB,3,Hard Voting,0.8329413462232163,0.028652458093785832,0.736534851620172,0.04805549946639656,0.7875463781246568,0.03639903061364531
42,C3_Optimal3,LR + SVM-RBF + XGB,3,Soft Voting,0.8738114133179424,0.023551403116442635,0.7016629142549278,0.0341135257877308,0.8345613078151592,0.030862072164509622
42,C3_Optimal3,LR + SVM-RBF + XGB,3,Stacking,0.8395462087872447,0.0201337404291157,0.7447346796970588,0.03513760432545988,0.7964256049339171,0.026020555479010686
42,C4_Prev4,LR + SVM-L + CNB + RF,4,Hard Voting,0.8269461077844312,0.02385800423980709,0.7182654274028653,0.04457123912216987,0.7792385985252707,0.030513876218086097
42,C4_Prev4,LR + SVM-L + CNB + RF,4,Soft Voting,0.8431498448885361,0.023210466938379193,0.7488465647899502,0.048434324177681926,0.7995409138867399,0.02969769588929529
42,C4_Prev4,LR + SVM-L + CNB + RF,4,Stacking,0.8395209580838323,0.0256706643556475,0.7470359607675272,0.0522434818100096,0.7963009151702305,0.03283083182655129
42,C5_Prev5,LR + SVM-RBF + CNB + RF + LGBM,5,Hard Voting,0.8353437702907438,0.021998448729174763,0.7294342679431544,0.04048656488936723,0.790080046475097,0.028234669026912802
42,C5_Prev5,LR + SVM-RBF + CNB + RF + LGBM,5,Soft Voting,0.8353401630473991,0.02651324373627907,0.7325799380465636,0.05136399962285182,0.7897617165204855,0.034030167769832934
42,C5_Prev5,LR + SVM-RBF + CNB + RF + LGBM,5,Stacking,0.8323136858812494,0.024126667358753982,0.7362874546223825,0.04379457454571498,0.7874649918240281,0.03071823434921592
43,C1_Optimal5,SVM-L + CNB + DT + GB + XGB,5,Hard Voting,0.8353473775340884,0.018143675625992235,0.7344644582613047,0.040808983393705124,0.7884072458682722,0.023348585701739342
43,C1_Optimal5,SVM-L + CNB + DT + GB + XGB,5,Soft Voting,0.8593680109660198,0.01872087149609078,0.6693068826247494,0.048595626899645694,0.8151649145690649,0.024402245009513768
43,C1_Optimal5,SVM-L + CNB + DT + GB + XGB,5,Stacking,0.8329377389798716,0.023537853243301557,0.7274940978960921,0.040133990176164966,0.7877929317271828,0.02939781116461583
43,C2_Alt5,LR + SVM-L + DT + GB + XGB,5,Hard Voting,0.8317329197027631,0.018598311768494268,0.7360055697069593,0.03580768570887561,0.7846316069501614,0.02366041779999483
43,C2_Alt5,LR + SVM-L + DT + GB + XGB,5,Soft Voting,0.8581704061756007,0.01747674072214718,0.6694124495153235,0.046845664289374665,0.8137405467433286,0.022832840114005798
43,C2_Alt5,LR + SVM-L + DT + GB + XGB,5,Stacking,0.8353473775340884,0.024453977279966503,0.7282228362992448,0.03602802539049408,0.7909596652073658,0.030512456118409817
43,C3_Optimal3,LR + SVM-RBF + XGB,3,Hard Voting,0.8269425005410864,0.02655246839198884,0.7304536058498468,0.052488010754757446,0.7800687655071357,0.03323012569240893
43,C3_Optimal3,LR + SVM-RBF + XGB,3,Soft Voting,0.8611824543683717,0.020524346401761484,0.6771245392682275,0.05049502365667419,0.8179131567647246,0.026857147514419265
43,C3_Optimal3,LR + SVM-RBF + XGB,3,Stacking,0.835946179929298,0.028366016023949874,0.7326232457544066,0.03834958372187968,0.7915750430753846,0.03547929793597133
43,C4_Prev4,LR + SVM-L + CNB + RF,4,Hard Voting,0.8299437270038237,0.018861992607093755,0.7410551414306996,0.03590837591244555,0.7825049529327297,0.023847453797003405
43,C4_Prev4,LR + SVM-L + CNB + RF,4,Soft Voting,0.8347377534088449,0.019574161492151066,0.7401030251674092,0.03200089445264609,0.788411952498256,0.025193775643631684
43,C4_Prev4,LR + SVM-L + CNB + RF,4,Stacking,0.8365377678378183,0.026955963124711914,0.7406245825396334,0.03973019854020067,0.7923268398403557,0.033450578589337254
43,C5_Prev5,LR + SVM-RBF + CNB + RF + LGBM,5,Hard Voting,0.8323461510713512,0.0216116451471521,0.7368536378746047,0.04331884117102353,0.7861838084512198,0.027485969888502156
43,C5_Prev5,LR + SVM-RBF + CNB + RF + LGBM,5,Soft Voting,0.8329485607099055,0.0172056734983686,0.7319756900373149,0.04318466930953126,0.7867409863864987,0.022027130211122813
43,C5_Prev5,LR + SVM-RBF + CNB + RF + LGBM,5,Stacking,0.8347413606521895,0.028029070238390987,0.7458525363478612,0.04382922344152882,0.7900812877635806,0.035085717619958344
44,C1_Optimal5,SVM-L + CNB + DT + GB + XGB,5,Hard Voting,0.8335437558617705,0.02556422716696768,0.729424069775218,0.05382114546569751,0.7860602287923107,0.03257881080993901
44,C1_Optimal5,SVM-L + CNB + DT + GB + XGB,5,Soft Voting,0.857582425510425,0.02352732740137887,0.670518435320998,0.05914691613269842,0.8130319714018212,0.03128319599799438
44,C1_Optimal5,SVM-L + CNB + DT + GB + XGB,5,Stacking,0.8287533367000938,0.032017141086495685,0.7268115015983602,0.05267498065517026,0.7825052097163823,0.04005373006586654
44,C2_Alt5,LR + SVM-L + DT + GB + XGB,5,Hard Voting,0.8371546064497511,0.029542403329402132,0.7346288697609495,0.06090053568585707,0.7915575405827593,0.03734584179857072
44,C2_Alt5,LR + SVM-L + DT + GB + XGB,5,Soft Voting,0.8599920640646419,0.022383606513863324,0.6760136274922364,0.059351174034207956,0.8163309910706331,0.0298209360115451
44,C2_Alt5,LR + SVM-L + DT + GB + XGB,5,Stacking,0.8299581559772022,0.03231252311025565,0.7313012047199684,0.05260963163981877,0.7840670059992054,0.04030704373002812
44,C3_Optimal3,LR + SVM-RBF + XGB,3,Hard Voting,0.8299581559772022,0.028046856114060378,0.7254863253294823,0.0667438301548668,0.7837819978226841,0.035409135515571274
44,C3_Optimal3,LR + SVM-RBF + XGB,3,Soft Voting,0.8653993218382512,0.017360895858346874,0.6755035717778518,0.06223101306789145,0.8233366751178337,0.023161060273673227
44,C3_Optimal3,LR + SVM-RBF + XGB,3,Stacking,0.8407762787677656,0.029527013222108486,0.7535964754808055,0.059997959413111666,0.7976214671459346,0.03736008503644099
44,C4_Prev4,LR + SVM-L + CNB + RF,4,Hard Voting,0.828136498088161,0.031301953423440665,0.729399016283258,0.060382537454239806,0.78064694943241,0.039567755179133454
44,C4_Prev4,LR + SVM-L + CNB + RF,4,Soft Voting,0.8389690498521031,0.03001115663692334,0.7400239000437627,0.0615271424361692,0.7939695894405252,0.038012679085917704
44,C4_Prev4,LR + SVM-L + CNB + RF,4,Stacking,0.8335545775918043,0.034521427364535645,0.7427621047959264,0.05705661091472036,0.7888815716757313,0.04300553615784321
44,C5_Prev5,LR + SVM-RBF + CNB + RF + LGBM,5,Hard Voting,0.8293449246086141,0.030215995661525996,0.7186207099127707,0.06458835433724516,0.7827904229833449,0.038203956287941335
44,C5_Prev5,LR + SVM-RBF + CNB + RF + LGBM,5,Soft Voting,0.8383702474568935,0.029465349665793828,0.741862634374172,0.06235727784455989,0.7938527742179422,0.03756191911939217
44,C5_Prev5,LR + SVM-RBF + CNB + RF + LGBM,5,Stacking,0.8413786884063199,0.03085081052017092,0.7478033961340659,0.0594529505155336,0.7988565562006985,0.03887891872463769
