Split,Ratio,Train_Pct,Seed,Train_Students,Test_Students,Train_N,Test_N,Type,Model,Combo_Name,Method,CV_Acc,CV_Acc_Std,CV_F1,CV_F1_Std,CV_Kappa,CV_Kappa_Std,Test_Acc,Test_F1,Test_F1_W,Test_Kappa
80:20_seed42,80:20,80,42,44,11,1680,400,Individual,LR,,,0.8148809523809524,0.03165972892136236,0.7320220855552024,0.050013846277860936,0.7658835816990093,0.038861364164167404,0.685,0.5000991997273837,0.7071568527490707,0.5961959090799838
80:20_seed42,80:20,80,42,44,11,1680,400,Individual,SVM-L,,,0.8392857142857142,0.032711027771509735,0.743361170107238,0.053470829278988365,0.7948788950301603,0.04116916948793384,0.71,0.548908660158681,0.7278144814966194,0.6262796298235299
80:20_seed42,80:20,80,42,44,11,1680,400,Individual,SVM-RBF,,,0.8398809523809524,0.02981542806278141,0.7552586619626258,0.060985630893875785,0.7960150935870143,0.037035691670598545,0.7025,0.48627414074182734,0.7162412758500938,0.6183879295140058
80:20_seed42,80:20,80,42,44,11,1680,400,Individual,CNB,,,0.7952380952380953,0.042525169284504186,0.6961745107801043,0.057928418275244746,0.7372794360963731,0.053473360630794345,0.6875,0.5010907509856253,0.6920647840824975,0.59137306821618
80:20_seed42,80:20,80,42,44,11,1680,400,Individual,DT,,,0.8125,0.034426175573622035,0.7049929051636176,0.05829613655681943,0.761178512482212,0.042948814216257285,0.71,0.5146552974801898,0.7470560879100953,0.6307320101230363
80:20_seed42,80:20,80,42,44,11,1680,400,Individual,RF,,,0.8321428571428571,0.025918501258425295,0.744855271064833,0.04727226897690872,0.7852476271386164,0.0321342802245236,0.735,0.5514875837824292,0.7609633248050821,0.6581224147523403
80:20_seed42,80:20,80,42,44,11,1680,400,Individual,GB,,,0.8535714285714286,0.027689769880030968,0.6631881858801237,0.051721525216932726,0.8048938557540446,0.037424337104703026,0.7825,0.6706907323683705,0.7685004268195454,0.7132072983797861
80:20_seed42,80:20,80,42,44,11,1680,400,Individual,XGB,,,0.8535714285714284,0.027689769880030964,0.671821783476594,0.06337828890335062,0.8063115757347254,0.036936795741817574,0.8025,0.6681221913312853,0.7906626544478871,0.7384863657053007
80:20_seed42,80:20,80,42,44,11,1680,400,Individual,LGBM,,,0.7767857142857143,0.023846697171440636,0.676695794016565,0.043841264108268656,0.7191734219799366,0.028621796184563633,0.695,0.45535653082908095,0.708976920365701,0.6060354083749768
80:20_seed42,80:20,80,42,44,11,1680,400,Ensemble,C1_Optimal5_HardVoting,C1_Optimal5,Hard Voting,0.8416666666666666,0.03262426096677316,0.7544413744808018,0.056642934684695154,0.7967720999090295,0.041394544931075465,0.79,0.5843094952328814,0.8052031260652167,0.7261435138395331
80:20_seed42,80:20,80,42,44,11,1680,400,Ensemble,C1_Optimal5_SoftVoting,C1_Optimal5,Soft Voting,0.8636904761904762,0.024024328655488772,0.6694371201016499,0.054676371329501636,0.819980508885193,0.03183684987494006,0.815,0.6759983575716335,0.804651588864951,0.7562682695870558
80:20_seed42,80:20,80,42,44,11,1680,400,Ensemble,C1_Optimal5_Stacking,C1_Optimal5,Stacking,0.8351190476190476,0.035719245687327365,0.731788279618834,0.05345899025924735,0.7905334872996094,0.04410730114535028,0.68,0.49383613413455413,0.7063397670361656,0.5935249799541127
80:20_seed42,80:20,80,42,44,11,1680,400,Ensemble,C2_Alt5_HardVoting,C2_Alt5,Hard Voting,0.8375,0.035219790934492894,0.7511211543046944,0.05651721329859829,0.7920162921337406,0.044411863680351396,0.765,0.5576484839613981,0.7804432556678412,0.6948151034057335
80:20_seed42,80:20,80,42,44,11,1680,400,Ensemble,C2_Alt5_SoftVoting,C2_Alt5,Soft Voting,0.8654761904761905,0.023839267136310453,0.6884486081798411,0.045024208298763545,0.8225488290753716,0.0313843017972094,0.815,0.5808542733844103,0.806682392361751,0.7567489830299543
80:20_seed42,80:20,80,42,44,11,1680,400,Ensemble,C2_Alt5_Stacking,C2_Alt5,Stacking,0.8333333333333333,0.03388154635894691,0.7294130171577979,0.048642945230478234,0.7884310904795195,0.041654766635958455,0.685,0.49070143688548773,0.7109110206801361,0.5991410164638511
80:20_seed42,80:20,80,42,44,11,1680,400,Ensemble,C3_Optimal3_HardVoting,C3_Optimal3,Hard Voting,0.8386904761904763,0.033189528236787266,0.7524118053541524,0.06656706657676031,0.7948155609667711,0.04105393151080214,0.7075,0.4918972168944847,0.7266468101977371,0.6244010882737698
80:20_seed42,80:20,80,42,44,11,1680,400,Ensemble,C3_Optimal3_SoftVoting,C3_Optimal3,Soft Voting,0.8720238095238096,0.022311505730942035,0.7073682435681288,0.04922832788227286,0.8312548497367768,0.029603290981745377,0.7825,0.6540711114648963,0.7759050200206892,0.7116507991747247
80:20_seed42,80:20,80,42,44,11,1680,400,Ensemble,C3_Optimal3_Stacking,C3_Optimal3,Stacking,0.851190476190476,0.03388154635894693,0.7650996252536622,0.058070785719662364,0.8108389359061257,0.041835699459181974,0.7225,0.5105651500585056,0.7391766826519733,0.6436740098711929
80:20_seed42,80:20,80,42,44,11,1680,400,Ensemble,C4_Prev4_HardVoting,C4_Prev4,Hard Voting,0.830952380952381,0.03543541920508861,0.7419850502004632,0.052072418017448094,0.7844192703766567,0.044108309360142525,0.6925,0.5164365171355898,0.7082029926913295,0.6024403054422044
80:20_seed42,80:20,80,42,44,11,1680,400,Ensemble,C4_Prev4_SoftVoting,C4_Prev4,Soft Voting,0.8422619047619048,0.031860532597791986,0.7577188500474497,0.05148382240506067,0.7985217780807143,0.03969222153285804,0.7125,0.5137015886029527,0.7261214598985372,0.6267778760415736
80:20_seed42,80:20,80,42,44,11,1680,400,Ensemble,C4_Prev4_Stacking,C4_Prev4,Stacking,0.8464285714285715,0.02802048165699956,0.7549251873216043,0.04442038443824462,0.8048872896632651,0.0345209884872955,0.7075,0.4975999792937804,0.7233602641487874,0.622528895090456
80:20_seed42,80:20,80,42,44,11,1680,400,Ensemble,C5_Prev5_HardVoting,C5_Prev5,Hard Voting,0.8386904761904761,0.03413678799747539,0.7615745733749898,0.056815591581043025,0.7946087158788278,0.04196741371735381,0.715,0.533258457083023,0.7315649507810715,0.6319612590799031
80:20_seed42,80:20,80,42,44,11,1680,400,Ensemble,C5_Prev5_SoftVoting,C5_Prev5,Soft Voting,0.8464285714285713,0.03169887370403417,0.7693568229984612,0.04739037652445704,0.8043334804330957,0.03944482367611046,0.7525,0.5451685587673032,0.7594901962886422,0.6752581123967756
80:20_seed42,80:20,80,42,44,11,1680,400,Ensemble,C5_Prev5_Stacking,C5_Prev5,Stacking,0.8440476190476189,0.024513405097588096,0.7575362809079007,0.04424021652547761,0.8018649184184825,0.03007328630199636,0.7575,0.5456253012657833,0.7819208300346396,0.6884159807267617
80:20_seed123,80:20,80,123,44,11,1660,420,Individual,LR,,,0.8138554216867471,0.026730973171486514,0.7405130507335945,0.051477259722447676,0.7591277524915736,0.034030413423477034,0.6785714285714286,0.5251002375518594,0.7122271858516831,0.601627215816875
80:20_seed123,80:20,80,123,44,11,1660,420,Individual,SVM-L,,,0.8427710843373493,0.019511005711688727,0.7591143764230225,0.053177708149118846,0.7941414788046076,0.02573517098779746,0.6880952380952381,0.5145235764125536,0.71228208484484,0.60776765473288
80:20_seed123,80:20,80,123,44,11,1660,420,Individual,SVM-RBF,,,0.8373493975903615,0.022378524844586384,0.7461930641672837,0.06599476728908976,0.7876333721608133,0.02903213508491298,0.680952380952381,0.4771166097962465,0.7047715609458284,0.6019436016041079
80:20_seed123,80:20,80,123,44,11,1660,420,Individual,CNB,,,0.7927710843373494,0.02486718968740999,0.7075664349719164,0.04678450756199494,0.7264531547173158,0.03320400951676294,0.4857142857142857,0.3711243302312805,0.49194057783335726,0.3698512148701776
80:20_seed123,80:20,80,123,44,11,1660,420,Individual,DT,,,0.8060240963855421,0.023609539689476416,0.6999043585471019,0.05231545223951649,0.747093003614801,0.031214142014400897,0.6761904761904762,0.4949363972687092,0.718830868541081,0.600402955003358
80:20_seed123,80:20,80,123,44,11,1660,420,Individual,RF,,,0.8397590361445783,0.03399213489076116,0.7702170663376997,0.0719112651943247,0.7894887723351028,0.04477303811435995,0.6880952380952381,0.4837830464200449,0.7231690716985022,0.613685991728864
80:20_seed123,80:20,80,123,44,11,1660,420,Individual,GB,,,0.8566265060240964,0.02298648678113121,0.6881489101121866,0.059317764520370395,0.8042714332763662,0.03179289631392191,0.7214285714285714,0.47383354689389556,0.7173773961338203,0.6454264046930132
80:20_seed123,80:20,80,123,44,11,1660,420,Individual,XGB,,,0.8566265060240964,0.020658347228291858,0.6781115696183758,0.06235124638769023,0.8052496376553215,0.02846648315603941,0.7523809523809524,0.5293838986486957,0.7509655611466797,0.6847620559749426
80:20_seed123,80:20,80,123,44,11,1660,420,Individual,LGBM,,,0.766867469879518,0.030485737178024077,0.6799273998070765,0.0576000865379505,0.6996594197103818,0.03953223111732255,0.6428571428571429,0.48003902399444404,0.6977537150275528,0.5643575310827444
80:20_seed123,80:20,80,123,44,11,1660,420,Ensemble,C1_Optimal5_HardVoting,C1_Optimal5,Hard Voting,0.85,0.029811669955803897,0.7759449935291828,0.061725219566108755,0.8024610045004238,0.03934802845621871,0.7023809523809523,0.4950754597426514,0.7168512270603135,0.6263690904044465
80:20_seed123,80:20,80,123,44,11,1660,420,Ensemble,C1_Optimal5_SoftVoting,C1_Optimal5,Soft Voting,0.8626506024096384,0.018626054016554584,0.6940218907834218,0.04473234597501197,0.8143850959649953,0.02523609706481046,0.7690476190476191,0.5478942436124432,0.7685666930300981,0.7056337112262372
80:20_seed123,80:20,80,123,44,11,1660,420,Ensemble,C1_Optimal5_Stacking,C1_Optimal5,Stacking,0.8367469879518072,0.020596772285878025,0.7368738367011142,0.05697362005153158,0.7876389738769422,0.026191715678400593,0.7095238095238096,0.5110064361174064,0.7547173744954341,0.6413623192463289
80:20_seed123,80:20,80,123,44,11,1660,420,Ensemble,C2_Alt5_HardVoting,C2_Alt5,Hard Voting,0.8463855421686748,0.03213165145323995,0.7682827486342773,0.06195536210066735,0.7982841555132886,0.04216403459678747,0.6952380952380952,0.49581539477416786,0.7253466107116467,0.6212243977707477
80:20_seed123,80:20,80,123,44,11,1660,420,Ensemble,C2_Alt5_SoftVoting,C2_Alt5,Soft Voting,0.8644578313253012,0.020561503814308452,0.6987970778603381,0.04394036639338156,0.8170413294544101,0.027862007110311768,0.7619047619047619,0.540301800976591,0.7618192085872704,0.6967092958600818
80:20_seed123,80:20,80,123,44,11,1660,420,Ensemble,C2_Alt5_Stacking,C2_Alt5,Stacking,0.8373493975903615,0.020693450647370697,0.7391613819669578,0.058008594243965136,0.788454788911056,0.026413290827528517,0.680952380952381,0.5085728572563477,0.721985356286283,0.6065876300190136
80:20_seed123,80:20,80,123,44,11,1660,420,Ensemble,C3_Optimal3_HardVoting,C3_Optimal3,Hard Voting,0.8379518072289155,0.026594867535715813,0.7543216236891312,0.07335051850571482,0.788606791585363,0.03472247615759944,0.7142857142857143,0.5102790805103142,0.7545237633868305,0.6457290670865434
80:20_seed123,80:20,80,123,44,11,1660,420,Ensemble,C3_Optimal3_SoftVoting,C3_Optimal3,Soft Voting,0.8680722891566264,0.0234011139753675,0.7051330364842524,0.05043902691992757,0.8219529940466922,0.03181616332120988,0.75,0.5070236348980622,0.7520735999977907,0.6832169640548229
80:20_seed123,80:20,80,123,44,11,1660,420,Ensemble,C3_Optimal3_Stacking,C3_Optimal3,Stacking,0.8463855421686748,0.018122420429507624,0.7600396184440485,0.05076345001413136,0.7998386392860489,0.023753952573576514,0.7023809523809523,0.5206943363803982,0.7336044434036358,0.6301983545587737
80:20_seed123,80:20,80,123,44,11,1660,420,Ensemble,C4_Prev4_HardVoting,C4_Prev4,Hard Voting,0.8349397590361447,0.02828119179350723,0.7620967910070691,0.05376238257557528,0.7844880105323565,0.036933296449272554,0.7142857142857143,0.5705556137481971,0.7508238682685119,0.6439571618299471
80:20_seed123,80:20,80,123,44,11,1660,420,Ensemble,C4_Prev4_SoftVoting,C4_Prev4,Soft Voting,0.846987951807229,0.023362312565861822,0.7699581649046305,0.061349939399950836,0.7996849163006998,0.03049923821033,0.7071428571428572,0.533562375903193,0.7424622177457199,0.6349219810040705
80:20_seed123,80:20,80,123,44,11,1660,420,Ensemble,C4_Prev4_Stacking,C4_Prev4,Stacking,0.8397590361445785,0.021075729740404694,0.7459340352384396,0.044530108058066356,0.7919478243017032,0.027043240457456524,0.6928571428571428,0.5331600277322615,0.7379068066928216,0.6202957460228468
80:20_seed123,80:20,80,123,44,11,1660,420,Ensemble,C5_Prev5_HardVoting,C5_Prev5,Hard Voting,0.8397590361445783,0.02904089347757576,0.7739079374963945,0.05222526899334829,0.7908012186441575,0.03784753234425147,0.7166666666666667,0.5130504599714625,0.7499654781451494,0.6469665826110911
80:20_seed123,80:20,80,123,44,11,1660,420,Ensemble,C5_Prev5_SoftVoting,C5_Prev5,Soft Voting,0.8403614457831325,0.03421029123976069,0.7567633636308448,0.07926084138107632,0.7910892433184109,0.04494691894890071,0.7023809523809523,0.5049810026112338,0.7366394563539063,0.6309885290148448
80:20_seed123,80:20,80,123,44,11,1660,420,Ensemble,C5_Prev5_Stacking,C5_Prev5,Stacking,0.8397590361445785,0.02628605328827882,0.7550098516483806,0.05086060853718905,0.7918645641351284,0.033726850141095256,0.7,0.5167794014031067,0.7341805075848594,0.6273029466448814
80:20_seed456,80:20,80,456,44,11,1680,400,Individual,LR,,,0.8208333333333332,0.030635974362994672,0.7446979335323101,0.049552991147766026,0.7742493742801276,0.037500663943898255,0.69,0.5753553673109505,0.734711689838107,0.6091318155669558
80:20_seed456,80:20,80,456,44,11,1680,400,Individual,SVM-L,,,0.8434523809523811,0.013586562155373013,0.7590135648155009,0.039914190206079656,0.8004913851430766,0.016711186060749755,0.715,0.5804883695369789,0.7577745495859598,0.6375141099222563
80:20_seed456,80:20,80,456,44,11,1680,400,Individual,SVM-RBF,,,0.8428571428571427,0.01687791295090217,0.7313645103335882,0.05272336597741878,0.800370797089237,0.021189381135320935,0.69,0.5565342970521542,0.7399758890415141,0.609375
80:20_seed456,80:20,80,456,44,11,1680,400,Individual,CNB,,,0.8011904761904761,0.018671889453997743,0.7056071156394306,0.040124521942183244,0.7450032844884524,0.024281489560550092,0.6525,0.5197465873106217,0.6841903547584174,0.5500380363530422
80:20_seed456,80:20,80,456,44,11,1680,400,Individual,DT,,,0.8035714285714285,0.02366024632660927,0.6972033355444724,0.04992101855842134,0.7505467663089572,0.029396815048941927,0.68,0.5315904259958505,0.7329165533330353,0.5977246299380873
80:20_seed456,80:20,80,456,44,11,1680,400,Individual,RF,,,0.8380952380952381,0.017617438793986594,0.7309769804092248,0.044287897784123856,0.7933640085768433,0.02185806892770999,0.7275,0.577461318366504,0.7716245855469662,0.6511051005873597
80:20_seed456,80:20,80,456,44,11,1680,400,Individual,GB,,,0.851190476190476,0.017455807498351406,0.6557124440055293,0.04308608964980849,0.8039765018708247,0.02364084825553763,0.83,0.576661007804514,0.8162911290400876,0.7684002588467695
80:20_seed456,80:20,80,456,44,11,1680,400,Individual,XGB,,,0.8613095238095237,0.015303523966883874,0.6883557848341233,0.02494983691700373,0.8183320237170939,0.01987180121925511,0.835,0.5896374523860285,0.8265808191474023,0.7763545796482667
80:20_seed456,80:20,80,456,44,11,1680,400,Individual,LGBM,,,0.780952380952381,0.0318104505140176,0.6734109051615185,0.06944442887169291,0.7241589770165202,0.039539804407204004,0.6775,0.5716054429650015,0.7324070208393819,0.595176639495383
80:20_seed456,80:20,80,456,44,11,1680,400,Ensemble,C1_Optimal5_HardVoting,C1_Optimal5,Hard Voting,0.8434523809523811,0.01191963356815524,0.7451704316012988,0.039314093918244336,0.7996095514437764,0.015126718837916308,0.745,0.5919892006374885,0.7826412831262125,0.6716007050926037
80:20_seed456,80:20,80,456,44,11,1680,400,Ensemble,C1_Optimal5_SoftVoting,C1_Optimal5,Soft Voting,0.8619047619047621,0.014035507288751895,0.6909820369522346,0.03101831295038484,0.8193037194162045,0.01822983445436787,0.8275,0.6003468910614151,0.8305353966652811,0.7696813925930871
80:20_seed456,80:20,80,456,44,11,1680,400,Ensemble,C1_Optimal5_Stacking,C1_Optimal5,Stacking,0.85,0.02041241452319315,0.7645112548782926,0.03592244973213539,0.8097072695734108,0.02513031647510193,0.75,0.6180626744719502,0.7936297623413543,0.6837019523496992
80:20_seed456,80:20,80,456,44,11,1680,400,Ensemble,C2_Alt5_HardVoting,C2_Alt5,Hard Voting,0.8434523809523808,0.017465953275144303,0.75776375201658,0.03114756122270304,0.8001882512718218,0.0215505933727187,0.7425,0.5975427168507831,0.7817052843826828,0.6692277431216231
80:20_seed456,80:20,80,456,44,11,1680,400,Ensemble,C2_Alt5_SoftVoting,C2_Alt5,Soft Voting,0.8535714285714286,0.016016219103659166,0.6980049365108565,0.03870698855128623,0.809503979877188,0.019920433517765637,0.83,0.6198772689733792,0.8330641499835326,0.7733257775259175
80:20_seed456,80:20,80,456,44,11,1680,400,Ensemble,C2_Alt5_Stacking,C2_Alt5,Stacking,0.8529761904761906,0.01684639487867252,0.7774516908429843,0.029150540647376415,0.8134435887482567,0.02098747005695553,0.76,0.6222735752902382,0.8012387472233214,0.6951776146060726
80:20_seed456,80:20,80,456,44,11,1680,400,Ensemble,C3_Optimal3_HardVoting,C3_Optimal3,Hard Voting,0.8428571428571429,0.024281045302822796,0.7560593872282108,0.03609032285542615,0.800751435571476,0.03016466911725423,0.7175,0.5748515285958689,0.7633949872711383,0.6424616358171176
80:20_seed456,80:20,80,456,44,11,1680,400,Ensemble,C3_Optimal3_SoftVoting,C3_Optimal3,Soft Voting,0.8714285714285716,0.013625622788404278,0.6916408970224786,0.05901092791519338,0.8318624235032386,0.017696840471738317,0.825,0.613146058347201,0.8279145474483305,0.7664369963797735
80:20_seed456,80:20,80,456,44,11,1680,400,Ensemble,C3_Optimal3_Stacking,C3_Optimal3,Stacking,0.8541666666666667,0.01709691263850606,0.7768972695373068,0.02903142363633303,0.8146969255178907,0.021355048034119146,0.755,0.6327317802935848,0.7940657207231101,0.6875846788976202
80:20_seed456,80:20,80,456,44,11,1680,400,Ensemble,C4_Prev4_HardVoting,C4_Prev4,Hard Voting,0.8434523809523808,0.017261904761904766,0.7545916367632518,0.03766255446508224,0.8007917844905666,0.021304128529989294,0.725,0.5936162923487752,0.7655421883991421,0.6494694241738632
80:20_seed456,80:20,80,456,44,11,1680,400,Ensemble,C4_Prev4_SoftVoting,C4_Prev4,Soft Voting,0.8511904761904763,0.01248581962107322,0.7587336270003423,0.05068425399704328,0.8101238190047677,0.01569016957781033,0.735,0.596957921010033,0.7761662000910639,0.6610711430855316
80:20_seed456,80:20,80,456,44,11,1680,400,Ensemble,C4_Prev4_Stacking,C4_Prev4,Stacking,0.8553571428571429,0.013586562155373022,0.7787689679455042,0.03393875978520727,0.8165151005738135,0.016907376399626688,0.7525,0.6164602073051783,0.7950909861986972,0.6852871754523997
80:20_seed456,80:20,80,456,44,11,1680,400,Ensemble,C5_Prev5_HardVoting,C5_Prev5,Hard Voting,0.8452380952380952,0.023660246326609277,0.7389755215095348,0.05796275153434326,0.8030346750852214,0.029765934621345726,0.7125,0.5847786514686765,0.7611358648748713,0.6362313568570389
80:20_seed456,80:20,80,456,44,11,1680,400,Ensemble,C5_Prev5_SoftVoting,C5_Prev5,Soft Voting,0.8476190476190476,0.01789678140282489,0.759312168395439,0.03746954561435377,0.8059205470734222,0.022184250264175955,0.7275,0.5827997248592354,0.7722165691138236,0.6526671340258747
80:20_seed456,80:20,80,456,44,11,1680,400,Ensemble,C5_Prev5_Stacking,C5_Prev5,Stacking,0.8565476190476191,0.018907595445557847,0.7754284193878235,0.03660217410139146,0.8181024722005196,0.023708220793333568,0.755,0.6284690800298189,0.7958698743692046,0.6891750451964858
70:30_seed42,70:30,70,42,38,17,1440,640,Individual,LR,,,0.8006944444444445,0.029796441601284637,0.7261997281813881,0.06000779813980958,0.7493842104027127,0.03713591437745906,0.703125,0.5430459717326501,0.7340932166194298,0.6190500059523436
70:30_seed42,70:30,70,42,38,17,1440,640,Individual,SVM-L,,,0.8347222222222221,0.02361111111111112,0.7491141310443737,0.046544448847988064,0.7898660827108297,0.029439029877306084,0.715625,0.557543494558956,0.740432572466771,0.6326502292782309
70:30_seed42,70:30,70,42,38,17,1440,640,Individual,SVM-RBF,,,0.8354166666666668,0.030118400614168667,0.7551930481493419,0.06407425128837352,0.7915111413196657,0.03802012535171793,0.7046875,0.5375304262244354,0.7279739001331776,0.6186500792902654
70:30_seed42,70:30,70,42,38,17,1440,640,Individual,CNB,,,0.7916666666666667,0.031365527196211704,0.7099338843311751,0.05952991356916169,0.7341387858942234,0.040033200443544616,0.6953125,0.5346466842767489,0.7099943616538102,0.6002370389352467
70:30_seed42,70:30,70,42,38,17,1440,640,Individual,DT,,,0.7965277777777777,0.02240592472903011,0.7041884770952549,0.05079050374634465,0.7420079023862564,0.02705672887368699,0.6921875,0.5039078738291434,0.7267490674971445,0.6039392463913802
70:30_seed42,70:30,70,42,38,17,1440,640,Individual,RF,,,0.8256944444444445,0.02904239398100901,0.7510634102596305,0.045747509864210854,0.7781971082144274,0.036059231093263734,0.70625,0.5449322292457398,0.7399614808558954,0.6205756956532708
70:30_seed42,70:30,70,42,38,17,1440,640,Individual,GB,,,0.8375,0.012880025688188478,0.659863979800386,0.05271021181263949,0.7838805876499426,0.017014741927302627,0.7984375,0.5462047847670378,0.7869053397748336,0.7311370985863204
70:30_seed42,70:30,70,42,38,17,1440,640,Individual,XGB,,,0.8451388888888889,0.01915710308907462,0.6766219554254709,0.025457154965859416,0.795000667799924,0.025685935415358706,0.784375,0.5317619912101497,0.7747177681707441,0.7127178930043294
70:30_seed42,70:30,70,42,38,17,1440,640,Individual,LGBM,,,0.7590277777777779,0.025048178884543634,0.6786657662077042,0.05452292489199469,0.6984468338844144,0.030736966519241772,0.69375,0.5045194725848294,0.7284895459283844,0.6068142993715423
70:30_seed42,70:30,70,42,38,17,1440,640,Ensemble,C1_Optimal5_HardVoting,C1_Optimal5,Hard Voting,0.825,0.02421610524189263,0.7437102020785911,0.052120927988276514,0.7762904186224857,0.030259429354396905,0.7625,0.5826256982906648,0.7833330644953438,0.6888175193689342
70:30_seed42,70:30,70,42,38,17,1440,640,Ensemble,C1_Optimal5_SoftVoting,C1_Optimal5,Soft Voting,0.8576388888888887,0.0162119687915677,0.6930867426946944,0.05601808549623442,0.8120381540495272,0.021700640248567632,0.803125,0.5808136031303229,0.7953448763183946,0.7379674278955509
70:30_seed42,70:30,70,42,38,17,1440,640,Ensemble,C1_Optimal5_Stacking,C1_Optimal5,Stacking,0.8215277777777776,0.01915710308907461,0.7186059662443048,0.03715612533409426,0.774512528046967,0.023547171693992803,0.6953125,0.5082549330566775,0.7304572696191907,0.6107153106167418
70:30_seed42,70:30,70,42,38,17,1440,640,Ensemble,C2_Alt5_HardVoting,C2_Alt5,Hard Voting,0.8243055555555557,0.025619259369023224,0.7416866549149259,0.05765110678484407,0.7763091529111695,0.03198647301389047,0.7421875,0.5553458897664029,0.7676001488542954,0.6639586058100793
70:30_seed42,70:30,70,42,38,17,1440,640,Ensemble,C2_Alt5_SoftVoting,C2_Alt5,Soft Voting,0.8583333333333332,0.015896559919804987,0.6953341733517862,0.054071877026565546,0.813094480736436,0.0212739669956386,0.7984375,0.5811901564126124,0.7957773242285239,0.7325420170789545
70:30_seed42,70:30,70,42,38,17,1440,640,Ensemble,C2_Alt5_Stacking,C2_Alt5,Stacking,0.8173611111111111,0.020138888888888887,0.7141216735839451,0.04300743549542506,0.7692743017757678,0.0252540536042572,0.721875,0.5339750469236744,0.7557868193287126,0.6427877107935055
70:30_seed42,70:30,70,42,38,17,1440,640,Ensemble,C3_Optimal3_HardVoting,C3_Optimal3,Hard Voting,0.826388888888889,0.02795084971874737,0.7486191602723002,0.05696696066639219,0.7801615960760929,0.0348268020470423,0.7171875,0.5455934392008684,0.7466271155577672,0.6353551855804129
70:30_seed42,70:30,70,42,38,17,1440,640,Ensemble,C3_Optimal3_SoftVoting,C3_Optimal3,Soft Voting,0.8569444444444445,0.016782008296659132,0.6896395475269227,0.04661014873821004,0.811241382975744,0.022482465206967485,0.8046875,0.5972672253320992,0.8006166122435673,0.7392811982636127
70:30_seed42,70:30,70,42,38,17,1440,640,Ensemble,C3_Optimal3_Stacking,C3_Optimal3,Stacking,0.8340277777777777,0.019752031462955413,0.751793797718318,0.028203233347826467,0.7899290433591317,0.024530471632752585,0.7515625,0.5605004268691823,0.7795223549667954,0.67983991995998
70:30_seed42,70:30,70,42,38,17,1440,640,Ensemble,C4_Prev4_HardVoting,C4_Prev4,Hard Voting,0.8208333333333334,0.0337073919430878,0.7424818891690019,0.057502876584098146,0.7725384024860188,0.041933072663963865,0.7328125,0.5735009818627921,0.7600944569968952,0.6534219201768359
70:30_seed42,70:30,70,42,38,17,1440,640,Ensemble,C4_Prev4_SoftVoting,C4_Prev4,Soft Voting,0.8340277777777778,0.02870837028971443,0.7525193976566369,0.0546368558757206,0.7890432938417329,0.036029161116792316,0.715625,0.557905066719611,0.7405539242434468,0.6312301930279458
70:30_seed42,70:30,70,42,38,17,1440,640,Ensemble,C4_Prev4_Stacking,C4_Prev4,Stacking,0.8312499999999998,0.0232509292260878,0.7371884031223874,0.04704589892960324,0.7866697547632658,0.029021468712032462,0.715625,0.5374963223888892,0.7530440930855512,0.6367050193218784
70:30_seed42,70:30,70,42,38,17,1440,640,Ensemble,C5_Prev5_HardVoting,C5_Prev5,Hard Voting,0.83125,0.026904681427514593,0.7601612835714269,0.054017767516095036,0.7860005175140137,0.03332913531430682,0.728125,0.5660219601276715,0.7558494027914185,0.6487886108605563
70:30_seed42,70:30,70,42,38,17,1440,640,Ensemble,C5_Prev5_SoftVoting,C5_Prev5,Soft Voting,0.8326388888888889,0.018491009660686595,0.755782988567989,0.05357575394665748,0.7875294479437231,0.022779175531761054,0.725,0.5523051604696688,0.7494976462766259,0.6424921446027867
70:30_seed42,70:30,70,42,38,17,1440,640,Ensemble,C5_Prev5_Stacking,C5_Prev5,Stacking,0.8243055555555555,0.02636146235569765,0.7303777642687002,0.056488646530167136,0.7779668400229733,0.03281533743708011,0.7453125,0.5509342757992908,0.7736083749177952,0.6721301170739373
70:30_seed123,70:30,70,123,38,17,1420,660,Individual,LR,,,0.8253521126760563,0.030338956659912677,0.7480100304508612,0.07409493775454716,0.7710047828347121,0.038090355537219844,0.6212121212121212,0.5095759762711577,0.6594927730061267,0.5471921798717319
70:30_seed123,70:30,70,123,38,17,1420,660,Individual,SVM-L,,,0.8514084507042254,0.03234073944564799,0.7581940909288137,0.07784497113554406,0.8022053945450601,0.041754321485752456,0.6196969696969697,0.5144407445457571,0.6457194506806244,0.538859815165349
70:30_seed123,70:30,70,123,38,17,1420,660,Individual,SVM-RBF,,,0.845774647887324,0.02945144178355843,0.7524866634417733,0.07167841381354614,0.7951601816901226,0.03809456612471331,0.6424242424242425,0.5011059351153929,0.6637768803422238,0.5664457514411448
70:30_seed123,70:30,70,123,38,17,1420,660,Individual,CNB,,,0.817605633802817,0.033545085531871986,0.7225783898517449,0.07225582536617708,0.7556501742566528,0.042930466975232645,0.5227272727272727,0.4093922676569922,0.5290705907595505,0.4230224851939631
70:30_seed123,70:30,70,123,38,17,1420,660,Individual,DT,,,0.8197183098591548,0.02581732785890612,0.7258424834557574,0.06153093353072314,0.7605377451399257,0.033749943792999205,0.5787878787878787,0.4545753372923506,0.6252033717752696,0.4987364596281777
70:30_seed123,70:30,70,123,38,17,1420,660,Individual,RF,,,0.8422535211267606,0.01814661792496497,0.7406840651358674,0.07456280170087366,0.7889618279377156,0.02399978026796564,0.6212121212121212,0.4888429618402106,0.6527863398107568,0.5426182747561323
70:30_seed123,70:30,70,123,38,17,1420,660,Individual,GB,,,0.852112676056338,0.018091876871359335,0.6757998557575524,0.08140867265705452,0.79593098806529,0.02544395614891603,0.759090909090909,0.5143509664102496,0.7437314346762078,0.6908592251743225
70:30_seed123,70:30,70,123,38,17,1420,660,Individual,XGB,,,0.854225352112676,0.01942692144244185,0.6755506970321072,0.05924921728928568,0.7993945909403524,0.027053537213159597,0.7560606060606061,0.5432861075617857,0.7467574375584588,0.6896947467709389
70:30_seed123,70:30,70,123,38,17,1420,660,Individual,LGBM,,,0.7894366197183099,0.033396917468674306,0.6724602985845581,0.08682346318283747,0.7224322915290807,0.043080809300029055,0.5727272727272728,0.4709116104002376,0.6108250033427979,0.4972189280379059
70:30_seed123,70:30,70,123,38,17,1420,660,Ensemble,C1_Optimal5_HardVoting,C1_Optimal5,Hard Voting,0.8507042253521127,0.020603857518771546,0.7597533873620084,0.06380417295113464,0.7997279145630697,0.026427831844572845,0.6727272727272727,0.5245313398905754,0.7008484919864028,0.598541276523845
70:30_seed123,70:30,70,123,38,17,1420,660,Ensemble,C1_Optimal5_SoftVoting,C1_Optimal5,Soft Voting,0.8492957746478874,0.017591543657460275,0.7671515783306717,0.0513619371144151,0.7985331507641333,0.02233211330484934,0.6333333333333333,0.4939103212708368,0.6684998317331821,0.556160729172456
70:30_seed123,70:30,70,123,38,17,1420,660,Ensemble,C1_Optimal5_Stacking,C1_Optimal5,Stacking,0.8514084507042252,0.018751446416470904,0.7608246607874458,0.061317783911980915,0.8031884487663049,0.024220588202549267,0.6530303030303031,0.5209077559961984,0.7000689576366189,0.5847026367563172
70:30_seed123,70:30,70,123,38,17,1420,660,Ensemble,C2_Alt5_HardVoting,C2_Alt5,Hard Voting,0.8464788732394366,0.018309859154929574,0.7594431028146966,0.057338990266996105,0.7948617246422924,0.023093256569739342,0.6681818181818182,0.5345989698472616,0.7074919940989114,0.5974567420564965
70:30_seed123,70:30,70,123,38,17,1420,660,Ensemble,C2_Alt5_SoftVoting,C2_Alt5,Soft Voting,0.8507042253521127,0.020361735626480224,0.7725145441198091,0.061905542137132785,0.8008207985206667,0.02631503007194022,0.6121212121212121,0.4861459003528884,0.6556400495826548,0.5368192509498824
70:30_seed123,70:30,70,123,38,17,1420,660,Ensemble,C2_Alt5_Stacking,C2_Alt5,Stacking,0.8528169014084508,0.01927314392028733,0.7613063571549492,0.058934113319130656,0.8051799212893795,0.024924245067235503,0.656060606060606,0.5316779633516144,0.7031483769105191,0.5884314684277323
70:30_seed123,70:30,70,123,38,17,1420,660,Ensemble,C3_Optimal3_HardVoting,C3_Optimal3,Hard Voting,0.85,0.028527646620463493,0.7684606418452887,0.0733297679301103,0.8011758779352206,0.03650628227430847,0.6530303030303031,0.5130663779634228,0.6942873196468816,0.5822634719615707
70:30_seed123,70:30,70,123,38,17,1420,660,Ensemble,C3_Optimal3_SoftVoting,C3_Optimal3,Soft Voting,0.8577464788732394,0.021079759925487006,0.7154688825053326,0.04983253828953971,0.807064175665673,0.02732908691869849,0.7303030303030303,0.5300965033481804,0.7298178659687427,0.6595276046949717
70:30_seed123,70:30,70,123,38,17,1420,660,Ensemble,C3_Optimal3_Stacking,C3_Optimal3,Stacking,0.856338028169014,0.019208706615473047,0.7760975719253163,0.05228503924265126,0.8101223454023995,0.024566269529484413,0.6590909090909091,0.5344819247967433,0.6948675019333788,0.5886403802791151
70:30_seed123,70:30,70,123,38,17,1420,660,Ensemble,C4_Prev4_HardVoting,C4_Prev4,Hard Voting,0.843661971830986,0.027419608921030663,0.7633554781868446,0.0724963800281064,0.7924598675919104,0.034497533736062624,0.6378787878787879,0.5154976978068576,0.6673448672277156,0.5628981619776268
70:30_seed123,70:30,70,123,38,17,1420,660,Ensemble,C4_Prev4_SoftVoting,C4_Prev4,Soft Voting,0.8549295774647888,0.024231902160683473,0.7721158682626446,0.06854447169604432,0.8065455975753268,0.03154976187905782,0.6227272727272727,0.5062231566425724,0.64912656920029,0.5438687061292122
70:30_seed123,70:30,70,123,38,17,1420,660,Ensemble,C4_Prev4_Stacking,C4_Prev4,Stacking,0.8507042253521128,0.02244701049367496,0.7610781026491054,0.06138593846335045,0.8026984232227553,0.028789522831330336,0.6409090909090909,0.5139605797861535,0.685244144094192,0.5694621442117402
70:30_seed123,70:30,70,123,38,17,1420,660,Ensemble,C5_Prev5_HardVoting,C5_Prev5,Hard Voting,0.8514084507042254,0.02345186733147424,0.7637380761392917,0.06612529085843373,0.8023514861235072,0.029746378850257865,0.6454545454545455,0.5054644929762968,0.675375091570738,0.5720235769451396
70:30_seed123,70:30,70,123,38,17,1420,660,Ensemble,C5_Prev5_SoftVoting,C5_Prev5,Soft Voting,0.843661971830986,0.02435438938843743,0.7552687982412019,0.06491415708782061,0.7917318942305983,0.03175272120042768,0.6151515151515151,0.4772173259784584,0.6483548479713681,0.5365860400829301
70:30_seed123,70:30,70,123,38,17,1420,660,Ensemble,C5_Prev5_Stacking,C5_Prev5,Stacking,0.85,0.020902566309374402,0.7628416314688247,0.056817630504597066,0.8017662033313705,0.026579774608226324,0.646969696969697,0.5215636694191642,0.6804368797187079,0.5731285860613076
70:30_seed456,70:30,70,456,38,17,1460,620,Individual,LR,,,0.8205479452054794,0.033386459197134094,0.7500788421346749,0.0554034506167232,0.7753721629395363,0.04075198719457635,0.6806451612903226,0.5569607455378043,0.7310003835962215,0.5977561372006763
70:30_seed456,70:30,70,456,38,17,1460,620,Individual,SVM-L,,,0.8390410958904109,0.03704333502189029,0.7668381489423853,0.06742649190788741,0.796653398666755,0.046421214850133535,0.7258064516129032,0.5834887132384223,0.7630660098234797,0.6484616026015175
70:30_seed456,70:30,70,456,38,17,1460,620,Individual,SVM-RBF,,,0.8349315068493152,0.03668701846806049,0.7418293408289227,0.056870148984205414,0.7921130637858474,0.04546925554602934,0.6758064516129032,0.5267818530242382,0.7238700791688281,0.5892009493670887
70:30_seed456,70:30,70,456,38,17,1460,620,Individual,CNB,,,0.7945205479452054,0.033694175003421485,0.7112438886740529,0.05601402558892013,0.7391465115491116,0.041909324998791464,0.6758064516129032,0.5082813747703133,0.6989019663537615,0.5780399274047188
70:30_seed456,70:30,70,456,38,17,1460,620,Individual,DT,,,0.7924657534246575,0.02808219178082193,0.7005904035964743,0.05972291695296861,0.7389875056822509,0.03403629946991734,0.6612903225806451,0.5342796433093178,0.709799628186736,0.5713636692850135
70:30_seed456,70:30,70,456,38,17,1460,620,Individual,RF,,,0.8280821917808219,0.0337567713160318,0.7228275563520491,0.05718252881909343,0.7822967279929973,0.042030172311994414,0.7096774193548387,0.548049700281477,0.7497647005863243,0.6238092348765245
70:30_seed456,70:30,70,456,38,17,1460,620,Individual,GB,,,0.8438356164383561,0.020729788973180226,0.6759586703612183,0.05013213741874258,0.7964028053287671,0.027622448973642588,0.8274193548387097,0.5771790659176108,0.8150165500476066,0.7627664139608068
70:30_seed456,70:30,70,456,38,17,1460,620,Individual,XGB,,,0.85,0.02401170978487409,0.6784542043526111,0.05730106351558779,0.8051196505207884,0.03170351507439161,0.8483870967741935,0.6315587165405677,0.8429664783482622,0.7931954636424283
70:30_seed456,70:30,70,456,38,17,1460,620,Individual,LGBM,,,0.773972602739726,0.0248847974309383,0.6779458656009105,0.06088444072863127,0.717700601210802,0.03035096886630903,0.6016129032258064,0.5174082125775978,0.6387492556307982,0.5067780179007952
70:30_seed456,70:30,70,456,38,17,1460,620,Ensemble,C1_Optimal5_HardVoting,C1_Optimal5,Hard Voting,0.8363013698630137,0.03551751277387446,0.7610239973876133,0.06559874965744213,0.792536734874043,0.044665101274994394,0.7645161290322581,0.5922986744482344,0.7933535642551446,0.6903340574380378
70:30_seed456,70:30,70,456,38,17,1460,620,Ensemble,C1_Optimal5_SoftVoting,C1_Optimal5,Soft Voting,0.8438356164383561,0.03529890062116471,0.6893040148488521,0.05353527783205059,0.7984202010173754,0.043918734471618266,0.8112903225806452,0.6248539620332764,0.8237836680048751,0.7481048833761029
70:30_seed456,70:30,70,456,38,17,1460,620,Ensemble,C1_Optimal5_Stacking,C1_Optimal5,Stacking,0.8376712328767123,0.031245191035498755,0.7540751798562219,0.05800059728046667,0.7956828143090335,0.03894921775116336,0.7451612903225806,0.6017400160743588,0.7820632056005513,0.6742235539430057
70:30_seed456,70:30,70,456,38,17,1460,620,Ensemble,C2_Alt5_HardVoting,C2_Alt5,Hard Voting,0.8356164383561644,0.036113496784833075,0.7590137231714746,0.06565453383547343,0.7920803017459848,0.045283086655112825,0.7306451612903225,0.5872689225118153,0.7705782452666288,0.651457925174877
70:30_seed456,70:30,70,456,38,17,1460,620,Ensemble,C2_Alt5_SoftVoting,C2_Alt5,Soft Voting,0.8356164383561644,0.03738998373686624,0.75429631331728,0.07077308928647814,0.7920336306998238,0.04686108528233781,0.7387096774193549,0.6095570027098225,0.7802857311762366,0.6639184088658083
70:30_seed456,70:30,70,456,38,17,1460,620,Ensemble,C2_Alt5_Stacking,C2_Alt5,Stacking,0.8383561643835616,0.03200909985081623,0.7643389138839254,0.05942141518396927,0.7967558548974722,0.039803250375067385,0.7403225806451613,0.5954131817461972,0.7775948743595288,0.6683291190552929
70:30_seed456,70:30,70,456,38,17,1460,620,Ensemble,C3_Optimal3_HardVoting,C3_Optimal3,Hard Voting,0.8376712328767123,0.038872503078527965,0.7595865366231122,0.06870582475005628,0.7959738339554949,0.04805230540535665,0.7129032258064516,0.5788008615337551,0.7632703454532743,0.6362102043103619
70:30_seed456,70:30,70,456,38,17,1460,620,Ensemble,C3_Optimal3_SoftVoting,C3_Optimal3,Soft Voting,0.8671232876712327,0.029252269183647425,0.7060742514626891,0.05884165177271358,0.8277448911222448,0.03830998165852752,0.8193548387096774,0.5991782693318101,0.8251442530453866,0.757728847502451
70:30_seed456,70:30,70,456,38,17,1460,620,Ensemble,C3_Optimal3_Stacking,C3_Optimal3,Stacking,0.8479452054794521,0.032242746016273485,0.773765573943908,0.056616287705381296,0.8086743520602594,0.040425552529053055,0.7467741935483871,0.6086530729067361,0.7794547930004553,0.6744677577938452
70:30_seed456,70:30,70,456,38,17,1460,620,Ensemble,C4_Prev4_HardVoting,C4_Prev4,Hard Voting,0.8301369863013697,0.03847827919229626,0.7465690942470041,0.06643368334878745,0.7856546135927954,0.04794618726587453,0.7258064516129032,0.5817283431503487,0.7686543920469915,0.6481059821983026
70:30_seed456,70:30,70,456,38,17,1460,620,Ensemble,C4_Prev4_SoftVoting,C4_Prev4,Soft Voting,0.8458904109589043,0.0370433350218903,0.7727598319141448,0.06276269148498782,0.8051205221673385,0.04653154755784464,0.7435483870967742,0.5909349760372098,0.7796422401702379,0.6687700340705199
70:30_seed456,70:30,70,456,38,17,1460,620,Ensemble,C4_Prev4_Stacking,C4_Prev4,Stacking,0.8438356164383561,0.03238791895215586,0.7625866454037571,0.05856987663746994,0.8037249438253393,0.04002681876572781,0.7435483870967742,0.5986661373477453,0.782129066840242,0.6733987993479903
70:30_seed456,70:30,70,456,38,17,1460,620,Ensemble,C5_Prev5_HardVoting,C5_Prev5,Hard Voting,0.8369863013698631,0.03150684931506849,0.7403735233074051,0.054405754538223675,0.7944432024327954,0.0391990948394855,0.7193548387096774,0.5778215409977558,0.7662232638365077,0.6421748129278777
70:30_seed456,70:30,70,456,38,17,1460,620,Ensemble,C5_Prev5_SoftVoting,C5_Prev5,Soft Voting,0.8417808219178081,0.03485083351563988,0.7476686909530627,0.06204986896566104,0.8001425824484455,0.04361783356060837,0.7112903225806452,0.5686027553765352,0.7552236018891876,0.6301233810815675
70:30_seed456,70:30,70,456,38,17,1460,620,Ensemble,C5_Prev5_Stacking,C5_Prev5,Stacking,0.845890410958904,0.034688924005755045,0.7697245022906573,0.06430559126002477,0.8062567161005774,0.04309909231502582,0.7387096774193549,0.596931352204404,0.7780078964090634,0.6651642841903136
60:40_seed42,60:40,60,42,33,22,1280,800,Individual,LR,,,0.8046875,0.025674494883054663,0.7326832844917084,0.05886499914140058,0.7557510462275097,0.030679620994152106,0.71125,0.5506231521475018,0.7405300037696619,0.6230571533472036
60:40_seed42,60:40,60,42,33,22,1280,800,Individual,SVM-L,,,0.8296875,0.025387620014487376,0.7472665787570583,0.06093594399963031,0.784864553843775,0.0312872523715746,0.7225,0.5629218551134184,0.7415079914331405,0.6345423342373746
60:40_seed42,60:40,60,42,33,22,1280,800,Individual,SVM-RBF,,,0.83203125,0.021035800027869155,0.7514542160271511,0.05064797432174179,0.788604211854303,0.025638679383223634,0.70125,0.5589330049066068,0.7238815567888266,0.6081774513500664
60:40_seed42,60:40,60,42,33,22,1280,800,Individual,CNB,,,0.79609375,0.019902717504464058,0.7148229474319187,0.04207914847504493,0.7426464363580731,0.023907972952379123,0.71875,0.5497735035423866,0.7280357968202332,0.622405611891706
60:40_seed42,60:40,60,42,33,22,1280,800,Individual,DT,,,0.790625,0.02364491554753368,0.7068065645457519,0.03359031437134376,0.7359833459051652,0.02861777532004123,0.7025,0.5239102277414488,0.7369623189882105,0.6126640939208199
60:40_seed42,60:40,60,42,33,22,1280,800,Individual,RF,,,0.81484375,0.028179201245111616,0.7223254328916286,0.061098751602106496,0.7657264729250673,0.03499755632011992,0.7175,0.5655867893774161,0.7484891826462136,0.6299237741225017
60:40_seed42,60:40,60,42,33,22,1280,800,Individual,GB,,,0.834375,0.015148999554426027,0.6512510068146657,0.05050804126801925,0.7799806781820807,0.020949879058117474,0.785,0.5636937269849823,0.7770809293986229,0.7111610235311404
60:40_seed42,60:40,60,42,33,22,1280,800,Individual,XGB,,,0.83984375,0.015329231929959832,0.6516920918593231,0.05084958154996396,0.7884336061788754,0.020018796274352383,0.78625,0.5532195059702382,0.7794451749393044,0.712565791547165
60:40_seed42,60:40,60,42,33,22,1280,800,Individual,LGBM,,,0.73515625,0.03210737904380393,0.6440432527739266,0.0672064335632018,0.6716093451881168,0.03765071433373794,0.68125,0.51288442987152,0.715599365102214,0.5864074008746267
60:40_seed42,60:40,60,42,33,22,1280,800,Ensemble,C1_Optimal5_HardVoting,C1_Optimal5,Hard Voting,0.82890625,0.027164591641740173,0.7582777475092529,0.05964856537314288,0.7828473813166276,0.03352222080844614,0.77,0.5942595953225194,0.7885253031387109,0.6945836315915056
60:40_seed42,60:40,60,42,33,22,1280,800,Ensemble,C1_Optimal5_SoftVoting,C1_Optimal5,Soft Voting,0.85,0.019390115071860715,0.6806778303837723,0.05489198756035462,0.802391225718526,0.02559114921825634,0.79,0.5666015575913069,0.7880412802095448,0.7187749132156959
60:40_seed42,60:40,60,42,33,22,1280,800,Ensemble,C1_Optimal5_Stacking,C1_Optimal5,Stacking,0.8234375,0.02013140426050801,0.7276305562513258,0.04160888165654609,0.7782139150621497,0.02404771926770084,0.70625,0.5291962822652123,0.7372311076943295,0.6190136506598358
60:40_seed42,60:40,60,42,33,22,1280,800,Ensemble,C2_Alt5_HardVoting,C2_Alt5,Hard Voting,0.8296875,0.025626905416963632,0.7623753940248861,0.06150240461232279,0.7846910014219087,0.031241001621632968,0.74,0.550710376152544,0.7625134883223444,0.6572690273360906
60:40_seed42,60:40,60,42,33,22,1280,800,Ensemble,C2_Alt5_SoftVoting,C2_Alt5,Soft Voting,0.85078125,0.021664725974784447,0.6869645102791158,0.06369609967396345,0.8037547867533267,0.028550453034543247,0.79,0.5715846337109588,0.7917350584272262,0.7194295066635492
60:40_seed42,60:40,60,42,33,22,1280,800,Ensemble,C2_Alt5_Stacking,C2_Alt5,Stacking,0.82578125,0.020387481797968576,0.7337779111937935,0.04294866779945063,0.7811320158260033,0.024244664629845047,0.72,0.5418092604706582,0.7497976173329627,0.6355968220463923
60:40_seed42,60:40,60,42,33,22,1280,800,Ensemble,C3_Optimal3_HardVoting,C3_Optimal3,Hard Voting,0.8265625,0.02364491554753368,0.7525548510229465,0.05724138290275062,0.7816282744866719,0.02883522429626503,0.73375,0.5744311119527057,0.7633765348404258,0.6508833429968715
60:40_seed42,60:40,60,42,33,22,1280,800,Ensemble,C3_Optimal3_SoftVoting,C3_Optimal3,Soft Voting,0.8578125,0.025146057717861065,0.6922608995839753,0.06368638556333238,0.8129896379180817,0.03267011734491184,0.80625,0.5995938896631755,0.803975947293893,0.7390616319590579
60:40_seed42,60:40,60,42,33,22,1280,800,Ensemble,C3_Optimal3_Stacking,C3_Optimal3,Stacking,0.83359375,0.024717643780556835,0.7487835453506506,0.035192605025200975,0.7908235453164517,0.029596250517385656,0.7725,0.5990719084553344,0.7962594744890217,0.7021916323212076
60:40_seed42,60:40,60,42,33,22,1280,800,Ensemble,C4_Prev4_HardVoting,C4_Prev4,Hard Voting,0.82265625,0.028609114724375866,0.7469880505495559,0.05700130778351633,0.7764908760106997,0.03483455986769733,0.72625,0.566753424657075,0.7502476353656148,0.6402227661776544
60:40_seed42,60:40,60,42,33,22,1280,800,Ensemble,C4_Prev4_SoftVoting,C4_Prev4,Soft Voting,0.8296875,0.029398262065979338,0.754538897509568,0.06564488565490433,0.7851276175217197,0.03584992558003796,0.735,0.5737742728540497,0.7556199123454654,0.6503719951266473
60:40_seed42,60:40,60,42,33,22,1280,800,Ensemble,C4_Prev4_Stacking,C4_Prev4,Stacking,0.8234375,0.028427195935406643,0.7326417704425247,0.06011724355784337,0.7784140487173001,0.034216121938352315,0.74,0.5665810957176237,0.7686993235316021,0.6619754932232587
60:40_seed42,60:40,60,42,33,22,1280,800,Ensemble,C5_Prev5_HardVoting,C5_Prev5,Hard Voting,0.825,0.0240035804620894,0.7455971781725264,0.053656953218040544,0.7797517353369384,0.02919053548951471,0.745,0.6013108389412934,0.7732419257897659,0.6649819968879456
60:40_seed42,60:40,60,42,33,22,1280,800,Ensemble,C5_Prev5_SoftVoting,C5_Prev5,Soft Voting,0.8203125,0.024951124097923924,0.7412801868796458,0.059824812631236096,0.7733923150138439,0.030123952937311693,0.74375,0.5919547317475604,0.7707643778457092,0.6623214576182544
60:40_seed42,60:40,60,42,33,22,1280,800,Ensemble,C5_Prev5_Stacking,C5_Prev5,Stacking,0.821875,0.03419698223162389,0.7277278959274034,0.060831112684466004,0.7763164011966369,0.04151412107750877,0.7775,0.593448479429047,0.7994528987646784,0.7080142302053538
60:40_seed123,60:40,60,123,33,22,1220,860,Individual,LR,,,0.8065573770491803,0.02205512138864545,0.7089352003011365,0.041823000577537586,0.7482904755843985,0.026567961793384998,0.6441860465116279,0.5398150732759668,0.646214140437902,0.5693617829037478
60:40_seed123,60:40,60,123,33,22,1220,860,Individual,SVM-L,,,0.8475409836065575,0.024644748161267046,0.748988882216907,0.049256761488975634,0.7981741879419131,0.032211505158459726,0.6802325581395349,0.583162506629393,0.6810498835360981,0.6069188923256938
60:40_seed123,60:40,60,123,33,22,1220,860,Individual,SVM-RBF,,,0.8311475409836067,0.030272434938720304,0.7254946361236284,0.0605770955528743,0.7774350923998784,0.03819371689409432,0.6755813953488372,0.5584758454684322,0.6765901281455619,0.6015728523557914
60:40_seed123,60:40,60,123,33,22,1220,860,Individual,CNB,,,0.7926229508196723,0.020094509298575862,0.6929926702959238,0.04316588174073498,0.7238979283787297,0.025990506024737917,0.5755813953488372,0.47127682039241264,0.5550484409481105,0.47377861821205436
60:40_seed123,60:40,60,123,33,22,1220,860,Individual,DT,,,0.8098360655737705,0.03910446046516904,0.7005993223837638,0.05186823271336065,0.7501161722089404,0.05052878284407204,0.6186046511627907,0.518608198984493,0.6364978928473138,0.5388905780541471
60:40_seed123,60:40,60,123,33,22,1220,860,Individual,RF,,,0.8360655737704917,0.033596559888392115,0.7366011089551546,0.0604631194632652,0.7828289106670596,0.04347169997312205,0.6686046511627907,0.5325816558172384,0.6781506266086529,0.5935424491928061
60:40_seed123,60:40,60,123,33,22,1220,860,Individual,GB,,,0.8655737704918034,0.018763152692228842,0.6903375272812042,0.06300793318982222,0.8153052108732657,0.02528848320959592,0.727906976744186,0.5173762877728871,0.6988272275708005,0.6508407997834671
60:40_seed123,60:40,60,123,33,22,1220,860,Individual,XGB,,,0.8631147540983607,0.023198314259155563,0.6793069774828897,0.04306804823037544,0.8126116551906601,0.031275908535888,0.7406976744186047,0.527311031227968,0.7176706332968102,0.6693733298853547
60:40_seed123,60:40,60,123,33,22,1220,860,Individual,LGBM,,,0.7655737704918033,0.03968432274396788,0.6760471646133224,0.03896818992997603,0.6965348458532329,0.048962200135691594,0.586046511627907,0.4448508708562235,0.5790001401056154,0.5003508771929824
60:40_seed123,60:40,60,123,33,22,1220,860,Ensemble,C1_Optimal5_HardVoting,C1_Optimal5,Hard Voting,0.8450819672131148,0.03368643047218773,0.7477930454027445,0.06227165790612824,0.7935930713528263,0.04383283885960497,0.7034883720930233,0.5787143254389099,0.7065051518546827,0.6326350104028116
60:40_seed123,60:40,60,123,33,22,1220,860,Ensemble,C1_Optimal5_SoftVoting,C1_Optimal5,Soft Voting,0.8754098360655739,0.030625478184048198,0.7027474981942763,0.06899806214470919,0.830197630318259,0.04145315348741911,0.7418604651162791,0.5432966909099991,0.7190208287885365,0.6714665271678529
60:40_seed123,60:40,60,123,33,22,1220,860,Ensemble,C1_Optimal5_Stacking,C1_Optimal5,Stacking,0.8360655737704917,0.03477574333704332,0.7382067598169638,0.05584450405586937,0.785174807842574,0.04373751714208831,0.6848837209302325,0.566590156067374,0.7025384776385416,0.6183348617843574
60:40_seed123,60:40,60,123,33,22,1220,860,Ensemble,C2_Alt5_HardVoting,C2_Alt5,Hard Voting,0.8442622950819672,0.03278688524590163,0.7485480012829613,0.056335416095444964,0.7930499342180903,0.042345123763408495,0.7058139534883721,0.5970379580794015,0.7145102857302087,0.6374881081504362
60:40_seed123,60:40,60,123,33,22,1220,860,Ensemble,C2_Alt5_SoftVoting,C2_Alt5,Soft Voting,0.8754098360655739,0.030625478184048198,0.7031098878717345,0.06863219945500545,0.8303058187594397,0.041372603566130324,0.7430232558139535,0.5426332688547416,0.7208375383362452,0.6732343030052954
60:40_seed123,60:40,60,123,33,22,1220,860,Ensemble,C2_Alt5_Stacking,C2_Alt5,Stacking,0.8401639344262295,0.029153146301276613,0.7452923987842736,0.05641202407916959,0.7903672210272344,0.03703537786545401,0.6802325581395349,0.5606242002977181,0.6969349064278679,0.6125821522412902
60:40_seed123,60:40,60,123,33,22,1220,860,Ensemble,C3_Optimal3_HardVoting,C3_Optimal3,Hard Voting,0.8303278688524591,0.026949642988153433,0.7326185262878473,0.04203411196480348,0.7767887886540963,0.033991037392307695,0.7034883720930233,0.5811867885886401,0.7155071991648068,0.6373066421012068
60:40_seed123,60:40,60,123,33,22,1220,860,Ensemble,C3_Optimal3_SoftVoting,C3_Optimal3,Soft Voting,0.8770491803278688,0.016798279944196057,0.7007395816813408,0.04132604491250759,0.8323950377122393,0.022601639776248066,0.7313953488372092,0.5342718357721151,0.7137424142769343,0.6585166289647206
60:40_seed123,60:40,60,123,33,22,1220,860,Ensemble,C3_Optimal3_Stacking,C3_Optimal3,Stacking,0.8483606557377049,0.018419840208396886,0.7528237041869525,0.04481602180598225,0.8007875577201518,0.023159552626203634,0.6837209302325581,0.5695935134798509,0.6953909543227185,0.6152283512488794
60:40_seed123,60:40,60,123,33,22,1220,860,Ensemble,C4_Prev4_HardVoting,C4_Prev4,Hard Voting,0.8344262295081968,0.02312579668797685,0.7399412457072583,0.04286321617468982,0.7818331580096459,0.029560358725732348,0.6825581395348838,0.5910906513077607,0.6907544051892027,0.611862030656915
60:40_seed123,60:40,60,123,33,22,1220,860,Ensemble,C4_Prev4_SoftVoting,C4_Prev4,Soft Voting,0.8459016393442622,0.0299601096434378,0.752207826909957,0.052229147465240454,0.7956858830488349,0.038823291912067376,0.6883720930232559,0.5620568743753857,0.6895232292181719,0.6164171081165195
60:40_seed123,60:40,60,123,33,22,1220,860,Ensemble,C4_Prev4_Stacking,C4_Prev4,Stacking,0.8450819672131147,0.029199201853371912,0.744558521327714,0.05592554672580068,0.7969335520984566,0.0366856088615855,0.686046511627907,0.5662794648718912,0.7033642772884208,0.6185256558746557
60:40_seed123,60:40,60,123,33,22,1220,860,Ensemble,C5_Prev5_HardVoting,C5_Prev5,Hard Voting,0.8368852459016394,0.02302388836916088,0.7425625426781184,0.04641783575518839,0.785115464835228,0.02952978789018549,0.6837209302325581,0.5496784295551328,0.6899040980318581,0.6125689829935804
60:40_seed123,60:40,60,123,33,22,1220,860,Ensemble,C5_Prev5_SoftVoting,C5_Prev5,Soft Voting,0.8442622950819672,0.03554013670275212,0.7517397716037391,0.05665474425827034,0.7945899562708163,0.04580523842640874,0.6651162790697674,0.526230947022907,0.6688967098930348,0.5884682038185658
60:40_seed123,60:40,60,123,33,22,1220,860,Ensemble,C5_Prev5_Stacking,C5_Prev5,Stacking,0.8385245901639344,0.028875270416079568,0.7397431150457179,0.05986755220916441,0.7879625369075371,0.03729389789681531,0.6697674418604651,0.5478820554001121,0.6791508604885858,0.5974705115506384
60:40_seed456,60:40,60,456,33,22,1260,820,Individual,LR,,,0.8142857142857143,0.015952183525588713,0.7387773286731947,0.045563750050425025,0.7658526204058215,0.01937908007491245,0.5951219512195122,0.5156312924098014,0.6417821719323823,0.5009715144627341
60:40_seed456,60:40,60,456,33,22,1260,820,Individual,SVM-L,,,0.8333333333333333,0.01976174539363291,0.746229998536627,0.05158682181982469,0.7875738459397286,0.024066007478328544,0.6378048780487805,0.538437715125576,0.6657241490374705,0.5431883405548366
60:40_seed456,60:40,60,456,33,22,1260,820,Individual,SVM-RBF,,,0.8277777777777777,0.018459846586687315,0.7266342534074852,0.0595849304820856,0.7812843327584481,0.022756539178301234,0.6365853658536585,0.5229582942499043,0.664015850026661,0.5420127747623475
60:40_seed456,60:40,60,456,33,22,1260,820,Individual,CNB,,,0.803968253968254,0.019130112370149135,0.7165031139383226,0.051891185448145416,0.7490726640635019,0.023385894313484142,0.6317073170731707,0.5018527065270637,0.6382911784994035,0.5252682874461796
60:40_seed456,60:40,60,456,33,22,1260,820,Individual,DT,,,0.8134920634920635,0.031596871805387894,0.729936472238325,0.07355930671491549,0.7627969953583478,0.0385648000225211,0.5939024390243902,0.4989702092713445,0.6465315196698376,0.49831891087471747
60:40_seed456,60:40,60,456,33,22,1260,820,Individual,RF,,,0.8293650793650793,0.02307054262499783,0.727238542749342,0.06857178800336484,0.7821782201601774,0.028377196351920764,0.6304878048780488,0.5137802215722388,0.6683390332098311,0.5344776222872163
60:40_seed456,60:40,60,456,33,22,1260,820,Individual,GB,,,0.8476190476190476,0.01937548510433921,0.6635060255636177,0.06521655504895138,0.7988316898135013,0.026141784618325666,0.7646341463414634,0.5561186406719627,0.7507167803124969,0.6854628422425033
60:40_seed456,60:40,60,456,33,22,1260,820,Individual,XGB,,,0.8547619047619047,0.027958595164775463,0.6965044995281804,0.05499312273817891,0.8089434916200723,0.03700858939385847,0.775609756097561,0.59047889694316,0.7671405811632122,0.7031709246005359
60:40_seed456,60:40,60,456,33,22,1260,820,Individual,LGBM,,,0.7515873015873016,0.02585158329349577,0.6548185870448618,0.058670733457743166,0.6883362548947096,0.03074404819647585,0.5487804878048781,0.47401834495995593,0.5943704450234873,0.4531500647063701
60:40_seed456,60:40,60,456,33,22,1260,820,Ensemble,C1_Optimal5_HardVoting,C1_Optimal5,Hard Voting,0.838095238095238,0.0235969345195532,0.7505579209478432,0.06423559821685361,0.7926907667899008,0.029388495254953278,0.6926829268292682,0.5602417148098096,0.7228689891424148,0.6070489306231424
60:40_seed456,60:40,60,456,33,22,1260,820,Ensemble,C1_Optimal5_SoftVoting,C1_Optimal5,Soft Voting,0.8563492063492063,0.022573750243377606,0.6992550418013501,0.06510582173553525,0.8116082506137147,0.029600172480857046,0.7865853658536586,0.6055029108929795,0.7859054328406345,0.7191802803891947
60:40_seed456,60:40,60,456,33,22,1260,820,Ensemble,C1_Optimal5_Stacking,C1_Optimal5,Stacking,0.8396825396825397,0.02944005871585938,0.765840059032378,0.05426906826175741,0.7964869816551549,0.03590141184485995,0.6829268292682927,0.5904917404245911,0.7278927857102955,0.6074308262549968
60:40_seed456,60:40,60,456,33,22,1260,820,Ensemble,C2_Alt5_HardVoting,C2_Alt5,Hard Voting,0.8365079365079364,0.02412489548185822,0.7498378984406939,0.06671918161975686,0.7912308498138676,0.029817359642344023,0.6792682926829269,0.5497191435758798,0.7170121812904823,0.5930820553073299
60:40_seed456,60:40,60,456,33,22,1260,820,Ensemble,C2_Alt5_SoftVoting,C2_Alt5,Soft Voting,0.8412698412698412,0.028394513999997338,0.7660758664363272,0.06669306090376452,0.7973363122493623,0.03517526471297451,0.6914634146341463,0.5758826648842689,0.7309659238895295,0.6102258871184408
60:40_seed456,60:40,60,456,33,22,1260,820,Ensemble,C2_Alt5_Stacking,C2_Alt5,Stacking,0.8412698412698413,0.028394513999997335,0.7678802682698834,0.04891460204259462,0.7984979225615048,0.03460869624191981,0.6804878048780488,0.586969390423322,0.726832790337828,0.6051199858840137
60:40_seed456,60:40,60,456,33,22,1260,820,Ensemble,C3_Optimal3_HardVoting,C3_Optimal3,Hard Voting,0.8285714285714285,0.020140599270554792,0.74293971823866,0.053218166461172,0.7826642415052769,0.024401838493375176,0.6329268292682927,0.5392663684784099,0.6766446069386639,0.5414841483033688
60:40_seed456,60:40,60,456,33,22,1260,820,Ensemble,C3_Optimal3_SoftVoting,C3_Optimal3,Soft Voting,0.8666666666666666,0.01969789467617596,0.7058603267701961,0.05522962586819041,0.824886944724677,0.025684894196928217,0.7646341463414634,0.5905124444122726,0.7607814342306304,0.6896552400338073
60:40_seed456,60:40,60,456,33,22,1260,820,Ensemble,C3_Optimal3_Stacking,C3_Optimal3,Stacking,0.8531746031746031,0.027088965342660337,0.7888701845420758,0.039029032484451054,0.8136365778898818,0.0334777751002967,0.6951219512195121,0.5792840485054513,0.7283751723158219,0.6196032368981149
60:40_seed456,60:40,60,456,33,22,1260,820,Ensemble,C4_Prev4_HardVoting,C4_Prev4,Hard Voting,0.8325396825396825,0.017187625260085476,0.7499199364737212,0.05391388351838747,0.7867518142246338,0.020570732563804702,0.6365853658536585,0.5338033362801711,0.66969081962568,0.5427746000026196
60:40_seed456,60:40,60,456,33,22,1260,820,Ensemble,C4_Prev4_SoftVoting,C4_Prev4,Soft Voting,0.8373015873015872,0.019841269841269837,0.7538087727117282,0.05398432050837417,0.7925953949079642,0.024083217449979648,0.6487804878048781,0.5513636942532381,0.6798475883357886,0.5571773053368986
60:40_seed456,60:40,60,456,33,22,1260,820,Ensemble,C4_Prev4_Stacking,C4_Prev4,Stacking,0.8444444444444444,0.02250388393453624,0.7603795279196314,0.037726393167125616,0.8027430482403733,0.027749977963120013,0.6817073170731708,0.576891222220308,0.7235484003941864,0.6055737904318195
60:40_seed456,60:40,60,456,33,22,1260,820,Ensemble,C5_Prev5_HardVoting,C5_Prev5,Hard Voting,0.8317460317460317,0.02063492063492065,0.7343492560155382,0.06194284442535336,0.7862163254786387,0.025089721814389173,0.6402439024390244,0.5237592258116772,0.6801123337322069,0.5494127837125481
60:40_seed456,60:40,60,456,33,22,1260,820,Ensemble,C5_Prev5_SoftVoting,C5_Prev5,Soft Voting,0.8412698412698412,0.021295885499998002,0.7600917384492205,0.05573951301480361,0.7977287183671826,0.026272488332244104,0.625609756097561,0.5171417208333989,0.6607662612167065,0.5298103664356248
60:40_seed456,60:40,60,456,33,22,1260,820,Ensemble,C5_Prev5_Stacking,C5_Prev5,Stacking,0.8452380952380952,0.027550087234459973,0.7600649529133952,0.05677496711766399,0.8038256977661943,0.034069754732653175,0.7036585365853658,0.5892553551142811,0.7401608510412464,0.6306347387972551
50:50_seed42,50:50,50,42,27,28,1040,1040,Individual,LR,,,0.8057692307692307,0.035926041715902704,0.7499192305634701,0.06423309880121206,0.76045054666827,0.04361370387968659,0.6865384615384615,0.5414549386139162,0.717226350988346,0.5946587345519236
50:50_seed42,50:50,50,42,27,28,1040,1040,Individual,SVM-L,,,0.835576923076923,0.027008792125361798,0.7569469974126334,0.0438926318279536,0.7953354345136239,0.03353145063110031,0.7403846153846154,0.5866079207800726,0.7715449948770843,0.6602544945499158
50:50_seed42,50:50,50,42,27,28,1040,1040,Individual,SVM-RBF,,,0.8317307692307692,0.026940241781003658,0.756544497299667,0.0370844433735783,0.7910196029053214,0.0331159886270167,0.7125,0.5758506831401665,0.7438775398027863,0.6266242732645401
50:50_seed42,50:50,50,42,27,28,1040,1040,Individual,CNB,,,0.8086538461538462,0.029307212796400323,0.7538550107278013,0.046378605477070636,0.7614292708584507,0.03595849855339822,0.6894230769230769,0.5290283735015632,0.698157568661068,0.5853556175475845
50:50_seed42,50:50,50,42,27,28,1040,1040,Individual,DT,,,0.8,0.03269230769230769,0.7274010845570017,0.05444293141942143,0.7510895034821029,0.039934429509003805,0.6961538461538461,0.5203030487834953,0.7337433986240876,0.6047577240856776
50:50_seed42,50:50,50,42,27,28,1040,1040,Individual,RF,,,0.8288461538461538,0.02845893959028604,0.7681512322030286,0.05443225044619158,0.7864187518095882,0.03495494468457873,0.7182692307692308,0.5630637703198069,0.7537154951439018,0.6297821726362955
50:50_seed42,50:50,50,42,27,28,1040,1040,Individual,GB,,,0.8211538461538461,0.022010621427422297,0.6777098494680741,0.04307655219846757,0.7685704848405588,0.028595917584394275,0.8096153846153846,0.5755786847551548,0.8001751452634355,0.7401118962668851
50:50_seed42,50:50,50,42,27,28,1040,1040,Individual,XGB,,,0.8173076923076923,0.02543991645254412,0.6732697170765672,0.060043000757375155,0.7645235533652143,0.03351246842123969,0.8153846153846154,0.585094828992534,0.8064991493214144,0.7484976994743995
50:50_seed42,50:50,50,42,27,28,1040,1040,Individual,LGBM,,,0.7307692307692307,0.038701176533650204,0.6547649831148477,0.05807991733466037,0.670424941044475,0.04672155580285135,0.6538461538461539,0.518050609934181,0.6930450222880928,0.55558035104879
50:50_seed42,50:50,50,42,27,28,1040,1040,Ensemble,C1_Optimal5_HardVoting,C1_Optimal5,Hard Voting,0.8394230769230768,0.026525219661795607,0.7786715227299045,0.05357553803721627,0.7991479670928493,0.032883256439569804,0.7596153846153846,0.577866976066249,0.7889206250295278,0.6824726102094826
50:50_seed42,50:50,50,42,27,28,1040,1040,Ensemble,C1_Optimal5_SoftVoting,C1_Optimal5,Soft Voting,0.8240384615384615,0.03219359431304461,0.7660563718761668,0.05317857796724157,0.7806124283927025,0.03890807421960258,0.7346153846153847,0.5678711256228254,0.7724546656771234,0.652946041234421
50:50_seed42,50:50,50,42,27,28,1040,1040,Ensemble,C1_Optimal5_Stacking,C1_Optimal5,Stacking,0.8317307692307694,0.030177605435529265,0.7620540527254238,0.03892909691203752,0.7913000527328332,0.03628188229269474,0.7375,0.559330029964248,0.7734284874220032,0.6586556379768446
50:50_seed42,50:50,50,42,27,28,1040,1040,Ensemble,C2_Alt5_HardVoting,C2_Alt5,Hard Voting,0.835576923076923,0.025239239900782084,0.7795911279008931,0.05281815075334452,0.794999230002259,0.03096115216917131,0.7490384615384615,0.5733787202352396,0.7852034579403638,0.6706256946905017
50:50_seed42,50:50,50,42,27,28,1040,1040,Ensemble,C2_Alt5_SoftVoting,C2_Alt5,Soft Voting,0.825,0.03407700989744105,0.7663168334279435,0.05235487780346018,0.7819774741701637,0.04146794451538526,0.7355769230769231,0.5691395898681356,0.7740741963777249,0.6543238526210955
50:50_seed42,50:50,50,42,27,28,1040,1040,Ensemble,C2_Alt5_Stacking,C2_Alt5,Stacking,0.8288461538461538,0.02746703241747249,0.7572818112846055,0.04198287188636539,0.7877138009379591,0.033027413309301194,0.7375,0.5598084484515263,0.7729500039823516,0.6585936588750378
50:50_seed42,50:50,50,42,27,28,1040,1040,Ensemble,C3_Optimal3_HardVoting,C3_Optimal3,Hard Voting,0.825,0.0318325872254747,0.7683650033305354,0.048419902971658185,0.783206595236255,0.039182714528046086,0.7259615384615384,0.5743657928289257,0.7634798754317053,0.6431095704190332
50:50_seed42,50:50,50,42,27,28,1040,1040,Ensemble,C3_Optimal3_SoftVoting,C3_Optimal3,Soft Voting,0.8403846153846153,0.03922322702763681,0.7778086199146585,0.06140036284283222,0.8007257311834424,0.04811294628851555,0.7596153846153846,0.5847016227846336,0.7849590727207121,0.6825113837985559
50:50_seed42,50:50,50,42,27,28,1040,1040,Ensemble,C3_Optimal3_Stacking,C3_Optimal3,Stacking,0.8432692307692307,0.031023588086349363,0.781523205442715,0.06285041968752035,0.8049973370263658,0.03844370931614431,0.7634615384615384,0.5883435915011352,0.7932945280445711,0.6912039473366582
50:50_seed42,50:50,50,42,27,28,1040,1040,Ensemble,C4_Prev4_HardVoting,C4_Prev4,Hard Voting,0.826923076923077,0.03385926319549809,0.7595034123745908,0.05711501885760053,0.7849376209978659,0.0418166824816561,0.7346153846153847,0.5789253915375779,0.7690519229723374,0.6521869785803693
50:50_seed42,50:50,50,42,27,28,1040,1040,Ensemble,C4_Prev4_SoftVoting,C4_Prev4,Soft Voting,0.8355769230769232,0.030238817679839207,0.7747163910934682,0.041136950087009794,0.795363604699206,0.03727940840310062,0.7480769230769231,0.5923213237150337,0.778781619799592,0.6687273943041245
50:50_seed42,50:50,50,42,27,28,1040,1040,Ensemble,C4_Prev4_Stacking,C4_Prev4,Stacking,0.8336538461538462,0.028214232213694644,0.7669811729178847,0.04748042219856235,0.7938466609154519,0.0342040313387548,0.7240384615384615,0.5539988085372923,0.7555804977477604,0.6399087466416375
50:50_seed42,50:50,50,42,27,28,1040,1040,Ensemble,C5_Prev5_HardVoting,C5_Prev5,Hard Voting,0.8336538461538462,0.030421715422223775,0.7725208712412752,0.05054057692283508,0.7934430611910377,0.03745550426562704,0.7413461538461539,0.5931782330330915,0.7771611223506448,0.6617628567836037
50:50_seed42,50:50,50,42,27,28,1040,1040,Ensemble,C5_Prev5_SoftVoting,C5_Prev5,Soft Voting,0.8298076923076924,0.03102358808634936,0.7627937744259032,0.054686940187108485,0.7880208546381811,0.03857862889555789,0.7432692307692308,0.5865536488985804,0.7771085560357702,0.6631450230550592
50:50_seed42,50:50,50,42,27,28,1040,1040,Ensemble,C5_Prev5_Stacking,C5_Prev5,Stacking,0.835576923076923,0.023728774383178948,0.7736647811578821,0.041205268587644284,0.795935116054874,0.028491389900379218,0.7461538461538462,0.5723417563503649,0.7727474579738137,0.6671410940602822
50:50_seed123,50:50,50,123,27,28,1000,1080,Individual,LR,,,0.8240000000000001,0.031048349392520023,0.6795251405906769,0.030024758396269672,0.7695074491300735,0.03875976133876032,0.6416666666666667,0.5401279764396302,0.6473264424760741,0.5606562615627838
50:50_seed123,50:50,50,123,27,28,1000,1080,Individual,SVM-L,,,0.891,0.012206555615733713,0.7991876526985443,0.04562620250927488,0.8521071083991851,0.01679639048231669,0.687962962962963,0.49654162877646985,0.6709344024561293,0.6038578041514605
50:50_seed123,50:50,50,123,27,28,1000,1080,Individual,SVM-RBF,,,0.8280000000000001,0.027856776554368218,0.6955961317473744,0.06295394497802785,0.7735294325889435,0.035972737935007555,0.6703703703703704,0.5659928420867282,0.6729038913328597,0.5927709643833469
50:50_seed123,50:50,50,123,27,28,1000,1080,Individual,CNB,,,0.788,0.037894590642992824,0.6423716964757026,0.052918071055345246,0.7177490998145145,0.049507119058328095,0.5925925925925926,0.48706382277035676,0.5784268925597923,0.4859529504158784
50:50_seed123,50:50,50,123,27,28,1000,1080,Individual,DT,,,0.8039999999999999,0.039799497484264784,0.6599302278064137,0.05477333376251434,0.7423431319687877,0.050484026371067095,0.6462962962962963,0.5418433214092057,0.6576295090126844,0.566586299815629
50:50_seed123,50:50,50,123,27,28,1000,1080,Individual,RF,,,0.836,0.040049968789001564,0.6879775359892737,0.04110246847304626,0.7808593798760699,0.05143289282161474,0.6731481481481482,0.5472609048253232,0.671474382702558,0.5927079727702781
50:50_seed123,50:50,50,123,27,28,1000,1080,Individual,GB,,,0.8779999999999999,0.02315167380558047,0.7743096290616597,0.06753017421131778,0.8314721761042788,0.032775590370700096,0.7203703703703703,0.5029516058723794,0.687247385820945,0.6386623327417393
50:50_seed123,50:50,50,123,27,28,1000,1080,Individual,XGB,,,0.8799999999999999,0.021908902300206663,0.7550315078011043,0.08215335297414365,0.8347126495590385,0.030676362094035497,0.7203703703703703,0.5238509107501551,0.6941067903847231,0.6410692649601244
50:50_seed123,50:50,50,123,27,28,1000,1080,Individual,LGBM,,,0.7259999999999999,0.02200000000000002,0.6204605074861803,0.049630370476034955,0.6496328750601039,0.026718142866830528,0.6018518518518519,0.48095731716798534,0.5861547013999184,0.5113235303402426
50:50_seed123,50:50,50,123,27,28,1000,1080,Ensemble,C1_Optimal5_HardVoting,C1_Optimal5,Hard Voting,0.8920000000000001,0.018330302779823376,0.796329999347069,0.057424356849872495,0.851732185413334,0.025625917323827924,0.7138888888888889,0.5070336597371277,0.6863791345933271,0.6326194960902797
50:50_seed123,50:50,50,123,27,28,1000,1080,Ensemble,C1_Optimal5_SoftVoting,C1_Optimal5,Soft Voting,0.889,0.027000000000000024,0.7595779110948411,0.0736045625586898,0.847708593340507,0.03748243152836726,0.7203703703703703,0.5160890971336567,0.6926501491696189,0.6413057105591347
50:50_seed123,50:50,50,123,27,28,1000,1080,Ensemble,C1_Optimal5_Stacking,C1_Optimal5,Stacking,0.842,0.0466476151587624,0.6987139562237255,0.04260948045085018,0.7915993012632165,0.060314152504361465,0.6944444444444444,0.576772937562808,0.702118481542467,0.6241418221317614
50:50_seed123,50:50,50,123,27,28,1000,1080,Ensemble,C2_Alt5_HardVoting,C2_Alt5,Hard Voting,0.8889999999999999,0.020712315177207997,0.7903233910281278,0.06025467185383208,0.8479475563002424,0.02881340367854838,0.7083333333333334,0.509154821171953,0.6808021945088248,0.6260753630707105
50:50_seed123,50:50,50,123,27,28,1000,1080,Ensemble,C2_Alt5_SoftVoting,C2_Alt5,Soft Voting,0.8880000000000001,0.02400000000000002,0.7735063928230398,0.06662076668876864,0.8464203948473413,0.03323802542524966,0.7194444444444444,0.5146723121078273,0.6917890506266388,0.6401955372987618
50:50_seed123,50:50,50,123,27,28,1000,1080,Ensemble,C2_Alt5_Stacking,C2_Alt5,Stacking,0.842,0.04467661580737736,0.6990015518111595,0.04495197117370791,0.7915229104142152,0.057993021540721244,0.6962962962962963,0.5860293637009185,0.7035416480195886,0.6266485106095945
50:50_seed123,50:50,50,123,27,28,1000,1080,Ensemble,C3_Optimal3_HardVoting,C3_Optimal3,Hard Voting,0.8470000000000001,0.035791060336346554,0.7192121755698498,0.03082944505785548,0.7975409918471973,0.04575248955347585,0.662962962962963,0.5639943073136863,0.6663581637203748,0.5831048886975315
50:50_seed123,50:50,50,123,27,28,1000,1080,Ensemble,C3_Optimal3_SoftVoting,C3_Optimal3,Soft Voting,0.889,0.021189620100417108,0.7799320005989252,0.059635878909985354,0.8481936169046203,0.02918909465598517,0.6972222222222222,0.5008438466231847,0.6748161820252367,0.6127415019918876
50:50_seed123,50:50,50,123,27,28,1000,1080,Ensemble,C3_Optimal3_Stacking,C3_Optimal3,Stacking,0.841,0.02981610303175113,0.7137342949534887,0.04565412748773475,0.7908961599969874,0.03837196575916679,0.6796296296296296,0.5781735907310536,0.6864052639339758,0.6072322740545006
50:50_seed123,50:50,50,123,27,28,1000,1080,Ensemble,C4_Prev4_HardVoting,C4_Prev4,Hard Voting,0.8390000000000001,0.03562302626111374,0.6938388338830882,0.023708502891116465,0.7865594355649511,0.04505122298357108,0.6694444444444444,0.556957764363176,0.6731353055114477,0.591020179562465
50:50_seed123,50:50,50,123,27,28,1000,1080,Ensemble,C4_Prev4_SoftVoting,C4_Prev4,Soft Voting,0.8940000000000001,0.011135528725660053,0.7992866620093297,0.05010278544314262,0.8555716269565373,0.01550600285090969,0.6962962962962963,0.5070449965629054,0.6729720112045923,0.6119958816184363
50:50_seed123,50:50,50,123,27,28,1000,1080,Ensemble,C4_Prev4_Stacking,C4_Prev4,Stacking,0.841,0.03699999999999999,0.6956895107285535,0.02912131022963223,0.7910676313163353,0.046765792117607244,0.6851851851851852,0.5758563764959606,0.6982018113267585,0.6138983959749538
50:50_seed123,50:50,50,123,27,28,1000,1080,Ensemble,C5_Prev5_HardVoting,C5_Prev5,Hard Voting,0.8379999999999999,0.027856776554368225,0.7100826984682247,0.03867906907848602,0.7863551432139746,0.03561023925327837,0.675,0.5531701174746425,0.6739950661057479,0.5961403856418255
50:50_seed123,50:50,50,123,27,28,1000,1080,Ensemble,C5_Prev5_SoftVoting,C5_Prev5,Soft Voting,0.884,0.0200997512422418,0.7261056540982809,0.06802325666024173,0.8432480203225344,0.027543396568693777,0.687962962962963,0.49483303638044224,0.6695011612724295,0.6020237784122284
50:50_seed123,50:50,50,123,27,28,1000,1080,Ensemble,C5_Prev5_Stacking,C5_Prev5,Stacking,0.8370000000000001,0.03522782990761707,0.6939000386623132,0.040748702405083236,0.7855154199371217,0.04456615968685004,0.6824074074074075,0.5712783992792115,0.6859861754857136,0.6086369485430062
50:50_seed456,50:50,50,456,27,28,1040,1040,Individual,LR,,,0.8038461538461539,0.04106568558473581,0.7225518334973889,0.044025324832847684,0.7519337302764397,0.05021058666489135,0.6259615384615385,0.5311602602063793,0.6708113176612209,0.5387926710261111
50:50_seed456,50:50,50,456,27,28,1040,1040,Individual,SVM-L,,,0.8096153846153846,0.028458939590286034,0.7082140233248658,0.03735375828653614,0.7561183876018638,0.036485098739342504,0.6461538461538462,0.529695090203452,0.6729265550461117,0.5540085278156184
50:50_seed456,50:50,50,456,27,28,1040,1040,Individual,SVM-RBF,,,0.8076923076923077,0.032465275031027176,0.7001262846550806,0.06172618543562749,0.7553882526796492,0.040721049608812454,0.6471153846153846,0.528888125395381,0.6751761243480287,0.5569449071532132
50:50_seed456,50:50,50,456,27,28,1040,1040,Individual,CNB,,,0.7903846153846154,0.051205872906516715,0.6880986856024061,0.05971860879936887,0.7311829569767802,0.06576821185447887,0.6307692307692307,0.4758094701903293,0.6406962197759665,0.5261256236984652
50:50_seed456,50:50,50,456,27,28,1040,1040,Individual,DT,,,0.8,0.027467032417472483,0.7145688948266964,0.03994404466714671,0.7449572710811712,0.03400850937134853,0.6173076923076923,0.4963212995592484,0.6631612228083004,0.5257686839141498
50:50_seed456,50:50,50,456,27,28,1040,1040,Individual,RF,,,0.8076923076923077,0.03189062298418652,0.692724432442252,0.04727220412555246,0.7528934435709511,0.04087557858332365,0.6432692307692308,0.5239565822519282,0.6768148383510683,0.5524105609948495
50:50_seed456,50:50,50,456,27,28,1040,1040,Individual,GB,,,0.8326923076923076,0.03223664348892349,0.6360493053017068,0.06205308329318767,0.7763591159057042,0.04378552915779746,0.7548076923076923,0.5561345134259514,0.7384270083952186,0.6763548673689554
50:50_seed456,50:50,50,456,27,28,1040,1040,Individual,XGB,,,0.8432692307692307,0.03190511542891743,0.6836107932462692,0.056191152247823895,0.7911862499623166,0.04352168311547584,0.760576923076923,0.5561743164394992,0.7502317640628581,0.6869476916381572
50:50_seed456,50:50,50,456,27,28,1040,1040,Individual,LGBM,,,0.7326923076923076,0.04006282049230703,0.6680200806322584,0.04956807802768469,0.6650526254491579,0.048986822682876414,0.5548076923076923,0.46511221234438666,0.5888542335330766,0.45659975353336557
50:50_seed456,50:50,50,456,27,28,1040,1040,Ensemble,C1_Optimal5_HardVoting,C1_Optimal5,Hard Voting,0.8221153846153847,0.03392745916226412,0.7445221790342826,0.058202597087077736,0.771106895562618,0.04406488217049716,0.6913461538461538,0.5426085631392239,0.7163275736188576,0.6077731043071646
50:50_seed456,50:50,50,456,27,28,1040,1040,Ensemble,C1_Optimal5_SoftVoting,C1_Optimal5,Soft Voting,0.8423076923076923,0.02622727249420357,0.6836755619041116,0.04378987324278842,0.7912252487523563,0.03541620521815764,0.7807692307692308,0.5923001266789562,0.7791335019402329,0.714944496404348
50:50_seed456,50:50,50,456,27,28,1040,1040,Ensemble,C1_Optimal5_Stacking,C1_Optimal5,Stacking,0.8278846153846153,0.0314380437005227,0.7513234637770119,0.05412473277532714,0.7809220600934557,0.03934187196628103,0.6653846153846154,0.5525090191701028,0.7071050313797894,0.586536857762373
50:50_seed456,50:50,50,456,27,28,1040,1040,Ensemble,C2_Alt5_HardVoting,C2_Alt5,Hard Voting,0.8240384615384615,0.029495887788803788,0.7408618919678147,0.05045601130868357,0.7743082399643364,0.03773708959197849,0.6865384615384615,0.5496370431169895,0.7188419303724011,0.6039182929607412
50:50_seed456,50:50,50,456,27,28,1040,1040,Ensemble,C2_Alt5_SoftVoting,C2_Alt5,Soft Voting,0.823076923076923,0.029854182108192365,0.745983777324674,0.04041823502961232,0.7735389977792434,0.03767693348870678,0.7173076923076923,0.5822988684771156,0.7408270109324586,0.6412114043517902
50:50_seed456,50:50,50,456,27,28,1040,1040,Ensemble,C2_Alt5_Stacking,C2_Alt5,Stacking,0.8288461538461538,0.0294174202707276,0.7565997593546657,0.05356275628275448,0.7821660089187445,0.03690590464128419,0.6625,0.552691215581597,0.7034070152961204,0.5840265464540154
50:50_seed456,50:50,50,456,27,28,1040,1040,Ensemble,C3_Optimal3_HardVoting,C3_Optimal3,Hard Voting,0.8182692307692306,0.02930721279640033,0.728775785114296,0.03558039234097818,0.7684295673561441,0.03710424607574411,0.65,0.5357474530570381,0.6902551058993166,0.5641285737807034
50:50_seed456,50:50,50,456,27,28,1040,1040,Ensemble,C3_Optimal3_SoftVoting,C3_Optimal3,Soft Voting,0.8528846153846154,0.02886217503808393,0.6945593996015351,0.04380589375116327,0.8047972198355599,0.038754888421968524,0.7653846153846153,0.5829994469232549,0.7633173668230311,0.694975070077843
50:50_seed456,50:50,50,456,27,28,1040,1040,Ensemble,C3_Optimal3_Stacking,C3_Optimal3,Stacking,0.8326923076923076,0.024401110654710612,0.7622946569262128,0.04784534902171731,0.7867794544964232,0.030901525513413016,0.6807692307692308,0.5610775386218801,0.7142616960473174,0.6039849246346427
50:50_seed456,50:50,50,456,27,28,1040,1040,Ensemble,C4_Prev4_HardVoting,C4_Prev4,Hard Voting,0.8192307692307692,0.03124630155629215,0.7299862253031387,0.03628891173346463,0.7687956011872425,0.04017442697007862,0.6403846153846153,0.5245562641520273,0.672299409574809,0.5478492148739195
50:50_seed456,50:50,50,456,27,28,1040,1040,Ensemble,C4_Prev4_SoftVoting,C4_Prev4,Soft Voting,0.8288461538461538,0.030345641996268283,0.7394938455348365,0.04447508474530675,0.7807585134299505,0.03861435397831207,0.6730769230769231,0.5655213565719975,0.7029982579634272,0.5887181288535868
50:50_seed456,50:50,50,456,27,28,1040,1040,Ensemble,C4_Prev4_Stacking,C4_Prev4,Stacking,0.835576923076923,0.02734896664101517,0.7486602950587055,0.040931092335542936,0.7903840941442827,0.03446730616191905,0.6884615384615385,0.5621054683632211,0.7301560828773502,0.613848995888207
50:50_seed456,50:50,50,456,27,28,1040,1040,Ensemble,C5_Prev5_HardVoting,C5_Prev5,Hard Voting,0.8192307692307692,0.03269230769230768,0.7308957615325412,0.03479712077524138,0.7697091190007186,0.040997404595639386,0.6586538461538461,0.5406888924935224,0.6943325656580362,0.5729402347671992
50:50_seed456,50:50,50,456,27,28,1040,1040,Ensemble,C5_Prev5_SoftVoting,C5_Prev5,Soft Voting,0.8288461538461538,0.023864757011520858,0.7534580937535595,0.039235964252193944,0.7812039134733544,0.030160076003998625,0.6528846153846154,0.5449265244932576,0.6810076643128935,0.5640410505560962
50:50_seed456,50:50,50,456,27,28,1040,1040,Ensemble,C5_Prev5_Stacking,C5_Prev5,Stacking,0.8307692307692308,0.024019223070763086,0.7398889823096186,0.050598923581832676,0.7843563382472156,0.030145834319902025,0.698076923076923,0.574107956254868,0.7343849185480695,0.6244282640272985
40:60_seed42,40:60,40,42,22,33,860,1220,Individual,LR,,,0.805813953488372,0.033317555306731195,0.746759173187289,0.04171756449858053,0.761409230789347,0.03828811890303877,0.6778688524590164,0.5444652281843572,0.71520266997316,0.5898994806385615
40:60_seed42,40:60,40,42,22,33,860,1220,Individual,SVM-L,,,0.8383720930232558,0.028695262044774572,0.778075599188081,0.04737359168155772,0.7989417059013652,0.03518066507704463,0.7180327868852459,0.5716392858624842,0.7480343301205842,0.6346058744453964
40:60_seed42,40:60,40,42,22,33,860,1220,Individual,SVM-RBF,,,0.8290697674418605,0.024418604651162773,0.7316830635886469,0.0586771388965423,0.7881644105884431,0.02882064406365261,0.7098360655737705,0.5728767464705057,0.7406700334823875,0.627026985013891
40:60_seed42,40:60,40,42,22,33,860,1220,Individual,CNB,,,0.8127906976744186,0.022336479898021552,0.7446296975428184,0.03570517518480186,0.7668633421423143,0.02728596934191073,0.6745901639344263,0.5183447949106629,0.6888711245380879,0.572297630832295
40:60_seed42,40:60,40,42,22,33,860,1220,Individual,DT,,,0.8,0.035952615892419305,0.745593867000075,0.04255051567171891,0.75222986170372,0.04248908375382589,0.6844262295081968,0.5174834400887744,0.7209853428858645,0.5943423847002218
40:60_seed42,40:60,40,42,22,33,860,1220,Individual,RF,,,0.8151162790697674,0.03730003472638474,0.7361851202308816,0.06502701025497493,0.7699739962456936,0.04560025655468101,0.7139344262295082,0.5589993404204002,0.7490348849057147,0.6283176261492316
40:60_seed42,40:60,40,42,22,33,860,1220,Individual,GB,,,0.8081395348837208,0.026642881947417672,0.6883193810755095,0.03535623358814908,0.754412200586888,0.03414951423055279,0.8,0.5605568905754751,0.7913592311211848,0.7293424498108816
40:60_seed42,40:60,40,42,22,33,860,1220,Individual,XGB,,,0.7988372093023255,0.039277548265243115,0.6599815182683564,0.0757737871149363,0.7428275659943633,0.04927742047642135,0.8057377049180328,0.6338020242263457,0.798561187219831,0.7374507277447404
40:60_seed42,40:60,40,42,22,33,860,1220,Individual,LGBM,,,0.7034883720930233,0.030433144949540466,0.6366318887342703,0.04540858037275298,0.6398773607630304,0.03534891398780338,0.5827868852459016,0.4457380318051161,0.6340927958143041,0.4761709138117344
40:60_seed42,40:60,40,42,22,33,860,1220,Ensemble,C1_Optimal5_HardVoting,C1_Optimal5,Hard Voting,0.8337209302325581,0.03165269206701443,0.7734746928391865,0.04657538863534136,0.7929954734314963,0.03884917135932989,0.7352459016393442,0.5763701995080567,0.7639469229948785,0.6542356700752318
40:60_seed42,40:60,40,42,22,33,860,1220,Ensemble,C1_Optimal5_SoftVoting,C1_Optimal5,Soft Voting,0.8209302325581396,0.036475318933390975,0.7671878142526684,0.049014708872885226,0.7776092068923516,0.044932660340162654,0.7270491803278688,0.5665796428104486,0.76173593086137,0.6463454125709033
40:60_seed42,40:60,40,42,22,33,860,1220,Ensemble,C1_Optimal5_Stacking,C1_Optimal5,Stacking,0.813953488372093,0.04443017017335534,0.7408471611870993,0.068302512882285,0.7692495582407088,0.05372848867317918,0.7254098360655737,0.5556530136386743,0.7602074165797792,0.6453663780948009
40:60_seed42,40:60,40,42,22,33,860,1220,Ensemble,C2_Alt5_HardVoting,C2_Alt5,Hard Voting,0.8313953488372092,0.031309097715898286,0.7745272972290449,0.042718315393111814,0.7904262524054317,0.0382285872434485,0.7163934426229508,0.5609104306283845,0.7511112339133155,0.6323287962365354
40:60_seed42,40:60,40,42,22,33,860,1220,Ensemble,C2_Alt5_SoftVoting,C2_Alt5,Soft Voting,0.8220930232558139,0.034513539720129834,0.7714572064037334,0.04409497793497565,0.7792648774005032,0.042152154909980394,0.7245901639344262,0.5667108305301399,0.7599908865973032,0.6435304675705948
40:60_seed42,40:60,40,42,22,33,860,1220,Ensemble,C2_Alt5_Stacking,C2_Alt5,Stacking,0.8186046511627907,0.03863545982752591,0.7482564867827795,0.06631077510878215,0.7749596499366296,0.04679958238938368,0.7229508196721312,0.5538314512147672,0.7563128793969625,0.6419267667470181
40:60_seed42,40:60,40,42,22,33,860,1220,Ensemble,C3_Optimal3_HardVoting,C3_Optimal3,Hard Voting,0.819767441860465,0.026130470993307234,0.7451318683710223,0.05565703123454031,0.7771375162219027,0.030086944300920293,0.7114754098360656,0.5817348908772094,0.7526058249330697,0.6303790800618674
40:60_seed42,40:60,40,42,22,33,860,1220,Ensemble,C3_Optimal3_SoftVoting,C3_Optimal3,Soft Voting,0.8372093023255813,0.03488372093023255,0.7790779811140385,0.05065323285490581,0.7967762926419331,0.04307568687003338,0.7311475409836066,0.5798307728507675,0.7591988009317022,0.6499000864401026
40:60_seed42,40:60,40,42,22,33,860,1220,Ensemble,C3_Optimal3_Stacking,C3_Optimal3,Stacking,0.841860465116279,0.035345777101327115,0.7849385850603011,0.05888031214998485,0.8040283461393326,0.04263586547664192,0.7426229508196721,0.5756492482876504,0.7716326805123869,0.6672656949611269
40:60_seed42,40:60,40,42,22,33,860,1220,Ensemble,C4_Prev4_HardVoting,C4_Prev4,Hard Voting,0.8267441860465116,0.02518186956710199,0.7578993178646132,0.05211703203483169,0.7847646328983287,0.03025647831784969,0.7155737704918033,0.5747552000814299,0.754809629206767,0.6343140473023168
40:60_seed42,40:60,40,42,22,33,860,1220,Ensemble,C4_Prev4_SoftVoting,C4_Prev4,Soft Voting,0.8313953488372092,0.02812415493592517,0.7652924576132268,0.05603488751985365,0.790616675401459,0.033529603999233555,0.7213114754098361,0.569796508292213,0.7525787164060688,0.6385011917782552
40:60_seed42,40:60,40,42,22,33,860,1220,Ensemble,C4_Prev4_Stacking,C4_Prev4,Stacking,0.8267441860465116,0.01907118542657759,0.7719740508164208,0.04604766552028341,0.7855983864037805,0.023440600840937135,0.7229508196721312,0.556018280572009,0.7600583616348726,0.64354682834821
40:60_seed42,40:60,40,42,22,33,860,1220,Ensemble,C5_Prev5_HardVoting,C5_Prev5,Hard Voting,0.8255813953488371,0.027020814043307535,0.7500005892867958,0.05302372217136447,0.7839487949397965,0.032467209438232635,0.7098360655737705,0.5681626335144202,0.7505720239789919,0.6282216827643201
40:60_seed42,40:60,40,42,22,33,860,1220,Ensemble,C5_Prev5_SoftVoting,C5_Prev5,Soft Voting,0.8174418604651162,0.03331755530673117,0.7357053440260379,0.05566556050302851,0.7734313536708942,0.0402737988614557,0.7188524590163935,0.5694525119890235,0.7524209352928557,0.6354547798755288
40:60_seed42,40:60,40,42,22,33,860,1220,Ensemble,C5_Prev5_Stacking,C5_Prev5,Stacking,0.8220930232558139,0.026026778239069057,0.757448345794017,0.052334100906028615,0.7796354380946824,0.03176442304680331,0.760655737704918,0.5987350085982822,0.792637686758274,0.6903031072272461
40:60_seed123,40:60,40,123,22,33,800,1280,Individual,LR,,,0.8012500000000001,0.03084740669813267,0.6811723840002213,0.04375895372566945,0.7472562841497041,0.037306876179348976,0.63671875,0.5256928755062324,0.654636235543782,0.5533342338691521
40:60_seed123,40:60,40,123,22,33,800,1280,Individual,SVM-L,,,0.8450000000000001,0.026925824035672525,0.7180711774721724,0.05532295577642578,0.7987246175763001,0.03370461940464482,0.65234375,0.5347724463239233,0.6708066610121276,0.5695785103607953
40:60_seed123,40:60,40,123,22,33,800,1280,Individual,SVM-RBF,,,0.8237499999999999,0.02401171589037317,0.6808784696882852,0.06955238141086177,0.7723900538490864,0.030239664350229487,0.6671875,0.5681053065897242,0.6802654651174316,0.5872236765010909
40:60_seed123,40:60,40,123,22,33,800,1280,Individual,CNB,,,0.7925,0.04153311931459036,0.6549119880317203,0.04676724539584898,0.7292216201836548,0.05328280092262747,0.62890625,0.5079976927344102,0.6211134234705675,0.5245862414632735
40:60_seed123,40:60,40,123,22,33,800,1280,Individual,DT,,,0.80625,0.0411741727300015,0.6583798772587457,0.08165680509216625,0.7486881452791326,0.0533818251046209,0.61953125,0.5130298746135974,0.6414323957180879,0.5298525811497554
40:60_seed123,40:60,40,123,22,33,800,1280,Individual,RF,,,0.8400000000000001,0.022912878474779203,0.7139188132573853,0.07088314151412428,0.7915455353645069,0.02981215151208519,0.67734375,0.5381005633484108,0.6828502663820302,0.592142194735437
40:60_seed123,40:60,40,123,22,33,800,1280,Individual,GB,,,0.8712499999999999,0.02683863819197986,0.7794525577831716,0.06388984419700325,0.8267886111073409,0.03620663786561291,0.73203125,0.5061904041691248,0.7012007261959405,0.6459737415472844
40:60_seed123,40:60,40,123,22,33,800,1280,Individual,XGB,,,0.8637499999999999,0.03420983045851,0.7641400100243642,0.07396640566353012,0.8168335827762627,0.04576819778633056,0.7453125,0.5259585073994837,0.7168814544904338,0.665174469874288
40:60_seed123,40:60,40,123,22,33,800,1280,Individual,LGBM,,,0.7150000000000001,0.04100304866714182,0.6196567630660949,0.0652542229172637,0.6422380878996609,0.049223594013885735,0.59765625,0.48082925086970624,0.6091925174912751,0.5001508949816424
40:60_seed123,40:60,40,123,22,33,800,1280,Ensemble,C1_Optimal5_HardVoting,C1_Optimal5,Hard Voting,0.8400000000000001,0.0343693177121688,0.7038146729328735,0.07594166037777916,0.7902058059917805,0.04467475848727668,0.70859375,0.5825722524133459,0.7144635474734455,0.6307758934026247
40:60_seed123,40:60,40,123,22,33,800,1280,Ensemble,C1_Optimal5_SoftVoting,C1_Optimal5,Soft Voting,0.8699999999999999,0.04264680527307995,0.7588085796827874,0.08259306554072325,0.8261009647284896,0.05660682924980963,0.75234375,0.541794964302724,0.7263476378845576,0.6755822385752994
40:60_seed123,40:60,40,123,22,33,800,1280,Ensemble,C2_Alt5_HardVoting,C2_Alt5,Hard Voting,0.8387499999999999,0.03375,0.7034686783107522,0.0794869056472414,0.7891758319494685,0.043820274159152316,0.6984375,0.5820678349269374,0.7080870216755433,0.6200495239852966
40:60_seed123,40:60,40,123,22,33,800,1280,Ensemble,C2_Alt5_SoftVoting,C2_Alt5,Soft Voting,0.8699999999999999,0.04264680527307995,0.7588085796827874,0.08259306554072325,0.8261009647284896,0.05660682924980963,0.75234375,0.5431237125369355,0.7274921427907856,0.6758864676050218
40:60_seed123,40:60,40,123,22,33,800,1280,Ensemble,C3_Optimal3_HardVoting,C3_Optimal3,Hard Voting,0.8300000000000001,0.029685855217594804,0.7112353373852474,0.06030935484495721,0.7806143330464994,0.03708477383025118,0.671875,0.5673834140307628,0.6871831968501636,0.5921080185372338
40:60_seed123,40:60,40,123,22,33,800,1280,Ensemble,C3_Optimal3_SoftVoting,C3_Optimal3,Soft Voting,0.8800000000000001,0.03674234614174768,0.7949252292094855,0.06397296999682262,0.839850899625062,0.04794338148568494,0.73984375,0.5338177358535791,0.7183430028279446,0.6606028948763969
40:60_seed123,40:60,40,123,22,33,800,1280,Ensemble,C4_Prev4_HardVoting,C4_Prev4,Hard Voting,0.8412499999999999,0.023750000000000004,0.7220608873471943,0.05633487942066122,0.7942427131337266,0.030218115123815698,0.67421875,0.5563468899419388,0.6851669118546739,0.5928340128841305
40:60_seed123,40:60,40,123,22,33,800,1280,Ensemble,C4_Prev4_SoftVoting,C4_Prev4,Soft Voting,0.8487499999999999,0.024011715890373198,0.7154792255958677,0.031033236941632774,0.8024685458272727,0.029896992836543953,0.68515625,0.5670035372775656,0.6912791068229279,0.6039719500604207
40:60_seed123,40:60,40,123,22,33,800,1280,Ensemble,C4_Prev4_Stacking,C4_Prev4,Stacking,0.8412499999999999,0.03114983948594276,0.6917050729916873,0.030610388805754396,0.7944087435699605,0.03928629700355587,0.6765625,0.5557428956996937,0.6892917860641565,0.5981414649424079
40:60_seed123,40:60,40,123,22,33,800,1280,Ensemble,C5_Prev5_HardVoting,C5_Prev5,Hard Voting,0.8300000000000001,0.02915475947422652,0.7190477912791834,0.05381197520359062,0.7806020738000818,0.036428898951480666,0.68203125,0.5551859052639337,0.6932513961450923,0.6019453454210648
40:60_seed123,40:60,40,123,22,33,800,1280,Ensemble,C5_Prev5_SoftVoting,C5_Prev5,Soft Voting,0.8412499999999999,0.03356430395524389,0.7015147959145961,0.0510312115700416,0.7937430397287729,0.042712077083706536,0.68515625,0.560060236221114,0.6876986604363643,0.603168558739654
40:60_seed123,40:60,40,123,22,33,800,1280,Ensemble,C5_Prev5_Stacking,C5_Prev5,Stacking,0.8537500000000001,0.04295710069359898,0.7157693851283822,0.04888402595669178,0.8104087343980272,0.05436658261663352,0.67890625,0.5648240113954562,0.6843182550236191,0.5989510276270049
40:60_seed456,40:60,40,456,22,33,860,1220,Individual,LR,,,0.7674418604651162,0.031631326764501026,0.6641721266853057,0.062454591399621305,0.7063583480055543,0.03888066228124357,0.6459016393442623,0.5632195063948189,0.6814620438500038,0.5624016101070084
40:60_seed456,40:60,40,456,22,33,860,1220,Individual,SVM-L,,,0.791860465116279,0.02351598653041474,0.6853640989273265,0.05750484535168584,0.7335266361256031,0.02996515741136038,0.6688524590163935,0.5615344193775009,0.688556076259424,0.5817585353063071
40:60_seed456,40:60,40,456,22,33,860,1220,Individual,SVM-RBF,,,0.7848837209302325,0.02664288194741768,0.6674656431840943,0.07098552608601588,0.7257189347189819,0.03377789808352371,0.659016393442623,0.5673211340902521,0.6780526845048968,0.5712434379598919
40:60_seed456,40:60,40,456,22,33,860,1220,Individual,CNB,,,0.777906976744186,0.030521871507922533,0.6676580707896533,0.06402330199470439,0.7157591950298906,0.039010888449621486,0.6467213114754098,0.5277814364963389,0.6527360326871701,0.5480052126134243
40:60_seed456,40:60,40,456,22,33,860,1220,Individual,DT,,,0.7802325581395348,0.03182309810093956,0.6868424605259007,0.050886264478599626,0.7193938564744682,0.040480249201209045,0.6368852459016393,0.514097567989563,0.6583730551573388,0.546327922162409
40:60_seed456,40:60,40,456,22,33,860,1220,Individual,RF,,,0.7872093023255814,0.03249578747088867,0.6702793436759558,0.07702807974679668,0.7263100998876457,0.04191638080204591,0.6745901639344263,0.5491827838722606,0.6857574453674966,0.590067989095338
40:60_seed456,40:60,40,456,22,33,860,1220,Individual,GB,,,0.8279069767441861,0.027418200285003705,0.6224879694155475,0.06290759504624722,0.7695428916112659,0.03744982226009706,0.7319672131147541,0.5181898907491019,0.7059925077587992,0.6445747173543116
40:60_seed456,40:60,40,456,22,33,860,1220,Individual,XGB,,,0.8348837209302324,0.031545720851745424,0.6530189253584245,0.04708852800931029,0.7792428822642263,0.04196721636355743,0.75,0.559635402255968,0.7279908959461757,0.6721551241070389
40:60_seed456,40:60,40,456,22,33,860,1220,Individual,LGBM,,,0.6976744186046512,0.028953254879043554,0.6241298970418907,0.049817288401081954,0.6219634587266257,0.03497991752295439,0.559016393442623,0.4588347381244275,0.5696670613301963,0.4614181550232136
40:60_seed456,40:60,40,456,22,33,860,1220,Ensemble,C1_Optimal5_HardVoting,C1_Optimal5,Hard Voting,0.8023255813953488,0.031631326764501026,0.7189383995829001,0.04077498173381042,0.745312075852435,0.04064023155915552,0.7,0.5751841713293436,0.7079604021604831,0.617526031048814
40:60_seed456,40:60,40,456,22,33,860,1220,Ensemble,C1_Optimal5_SoftVoting,C1_Optimal5,Soft Voting,0.855813953488372,0.03214017432810523,0.6883503335781904,0.06557424380378236,0.8081350001908147,0.04266228085639944,0.7598360655737705,0.5682156201263856,0.741904844604699,0.6857005441725877
40:60_seed456,40:60,40,456,22,33,860,1220,Ensemble,C1_Optimal5_Stacking,C1_Optimal5,Stacking,0.8,0.039191394293843516,0.6998260656843456,0.059984331350049366,0.7457176550375155,0.049555090279908606,0.6852459016393443,0.5829144964405569,0.7172131268542906,0.6105780980104969
40:60_seed456,40:60,40,456,22,33,860,1220,Ensemble,C2_Alt5_HardVoting,C2_Alt5,Hard Voting,0.8046511627906977,0.023716369830664122,0.7216567298217591,0.031146702496083544,0.7491219233408689,0.03030910104332124,0.6967213114754098,0.5774763309378264,0.7124203067389453,0.616032391418996
40:60_seed456,40:60,40,456,22,33,860,1220,Ensemble,C2_Alt5_SoftVoting,C2_Alt5,Soft Voting,0.855813953488372,0.030410922861911664,0.6954036252052893,0.05584327336475112,0.8081982281405968,0.04029567685888959,0.7581967213114754,0.5694186374550536,0.7413458038669883,0.6838453679700834
40:60_seed456,40:60,40,456,22,33,860,1220,Ensemble,C2_Alt5_Stacking,C2_Alt5,Stacking,0.7965116279069767,0.040364081296999484,0.6931484562754988,0.06200135316504803,0.741368655563678,0.051033841011349376,0.6754098360655738,0.5766364319031686,0.7054277010281613,0.5986508714506455
40:60_seed456,40:60,40,456,22,33,860,1220,Ensemble,C3_Optimal3_HardVoting,C3_Optimal3,Hard Voting,0.7895348837209302,0.029622649308969747,0.6850174395998375,0.07093169209067327,0.7315190441344634,0.03750506134634463,0.6672131147540984,0.5729205581350765,0.6991630221610674,0.5854906670125652
40:60_seed456,40:60,40,456,22,33,860,1220,Ensemble,C3_Optimal3_SoftVoting,C3_Optimal3,Soft Voting,0.8476744186046512,0.030521871507922516,0.6707376430149612,0.05129020138890283,0.7970092557229469,0.04070719752153696,0.7442622950819672,0.5560857894983209,0.7296435351341714,0.6656345117468014
40:60_seed456,40:60,40,456,22,33,860,1220,Ensemble,C3_Optimal3_Stacking,C3_Optimal3,Stacking,0.8162790697674419,0.03557455474599616,0.7310852851875099,0.04494776386310446,0.7656301282457001,0.044824746874988886,0.7016393442622951,0.6120168899058055,0.7242962605314935,0.6278829684897116
40:60_seed456,40:60,40,456,22,33,860,1220,Ensemble,C4_Prev4_HardVoting,C4_Prev4,Hard Voting,0.7906976744186046,0.032474976845974286,0.6829502502773344,0.05927811741947539,0.7323762463577635,0.04139262514105799,0.6524590163934426,0.5481970043973513,0.6786262493951862,0.56419357529262
40:60_seed456,40:60,40,456,22,33,860,1220,Ensemble,C4_Prev4_SoftVoting,C4_Prev4,Soft Voting,0.8069767441860465,0.022184632591091744,0.7137921076880991,0.05540652328402785,0.752667048928242,0.028334917751367827,0.6754098360655738,0.5674224811178846,0.6954650129106306,0.5907021822947687
40:60_seed456,40:60,40,456,22,33,860,1220,Ensemble,C4_Prev4_Stacking,C4_Prev4,Stacking,0.808139534883721,0.03722746649670261,0.7011835017175534,0.06089309476545243,0.7557827004635147,0.04643267957663851,0.6885245901639344,0.5940197457177734,0.7202201709619644,0.6134924161642874
40:60_seed456,40:60,40,456,22,33,860,1220,Ensemble,C5_Prev5_HardVoting,C5_Prev5,Hard Voting,0.7906976744186046,0.018013876028871688,0.6890398217786456,0.061793259524245026,0.7334113768108097,0.022706281225209488,0.6647540983606557,0.5571198238727924,0.691433307619249,0.5803695923114573
40:60_seed456,40:60,40,456,22,33,860,1220,Ensemble,C5_Prev5_SoftVoting,C5_Prev5,Soft Voting,0.7965116279069767,0.033398620038011785,0.6962562820777272,0.06309014761124457,0.739617676544815,0.04286051418373128,0.6680327868852459,0.5582003375921164,0.6830749040417863,0.5814907264748408
40:60_seed456,40:60,40,456,22,33,860,1220,Ensemble,C5_Prev5_Stacking,C5_Prev5,Stacking,0.808139534883721,0.040364081296999504,0.71058797525006,0.06694110217450039,0.7554690829627791,0.050700346250872316,0.7352459016393442,0.6365060427289115,0.7607404518066768,0.6682736948262785
