sample_id,feedback_text,y_true,prompt_version,run_1_pred,run_1_conf,run_1_success,run_1_prob_0,run_1_prob_1,run_1_prob_2,run_1_prob_3,run_1_prob_4,run_1_prob_5,run_1_prob_6,run_2_pred,run_2_conf,run_2_success,run_2_prob_0,run_2_prob_1,run_2_prob_2,run_2_prob_3,run_2_prob_4,run_2_prob_5,run_2_prob_6,run_3_pred,run_3_conf,run_3_success,run_3_prob_0,run_3_prob_1,run_3_prob_2,run_3_prob_3,run_3_prob_4,run_3_prob_5,run_3_prob_6
10212_aq4_1,자신이 키운 아이들이 아니라 자신의 형제의 냄새를 맡는것.,4,P2_few-shot_cot_v6,0,0.9997327397095348,True,0.0,0.0,0.0,0.0,0.0,0.0,0.0,0,0.9995659680671646,True,0.0,0.0,0.0,0.0,0.0,0.0,0.0,0,0.9997327397095348,True,0.0,0.0,0.0,0.0,0.0,0.0,0.0
10212_bq3_2,이유를 구체적으로 잘 적어서 표현하였다,3,P2_few-shot_cot_v6,1,0.9984903281510338,True,0.0,0.0,0.0,0.0,0.0,0.0,0.0,1,0.9968056581709921,True,0.0,0.0,0.0,0.0,0.0,0.0,0.0,1,0.9932590201873198,True,0.0,0.0,0.0,0.0,0.0,0.0,0.0
10212_bq3_4,정답은 맞았으나 근거가 틀렸다.,3,P2_few-shot_cot_v6,4,0.9997370299025349,True,0.0,0.0,0.0,0.0,0.0,0.0,0.0,4,0.9996628066227882,True,0.0,0.0,0.0,0.0,0.0,0.0,0.0,4,0.9997927857698706,True,0.0,0.0,0.0,0.0,0.0,0.0,0.0
10212_bq3_5,근거와 답 둘다 오답.,3,P2_few-shot_cot_v6,2,0.9997348848182815,True,0.0,0.0,0.0,0.0,0.0,0.0,0.0,2,0.9999521260688496,True,0.0,0.0,0.0,0.0,0.0,0.0,0.0,2,0.9998716780222322,True,0.0,0.0,0.0,0.0,0.0,0.0,0.0
10212_bq4_4,근거가 이상함.,3,P2_few-shot_cot_v6,4,0.9998347339797481,True,0.0,0.0,0.0,0.0,0.0,0.0,0.0,4,0.9984760675171105,True,0.0,0.0,0.0,0.0,0.0,0.0,0.0,4,0.9994309248796208,True,0.0,0.0,0.0,0.0,0.0,0.0,0.0
10271_aq2_1,적절하다,1,P2_few-shot_cot_v6,1,0.9984930583898546,True,0.0,0.0,0.0,0.0,0.0,0.0,0.0,1,0.99751851071337,True,0.0,0.0,0.0,0.0,0.0,0.0,0.0,1,0.9975109190924708,True,0.0,0.0,0.0,0.0,0.0,0.0,0.0
10271_aq3_4,버터와 라드의 차이인지 저온 보관과  실온 보관에서 차이가 나는 것인지 정확히 알 수 없기 때문,2,P2_few-shot_cot_v6,2,0.9999951574562983,True,0.0,0.0,0.0,0.0,0.0,0.0,0.0,2,0.99999408462894,True,0.0,0.0,0.0,0.0,0.0,0.0,0.0,2,0.9967791224039729,True,0.0,0.0,0.0,0.0,0.0,0.0,0.0
10271_aq3_5,버터와 라드의 차이인지 저온 보관과  실온 보관에서 차이가 나는 것인지 정확히 알 수 없기 때문,2,P2_few-shot_cot_v6,2,0.9999907469519438,True,0.0,0.0,0.0,0.0,0.0,0.0,0.0,2,0.9996624491155732,True,0.0,0.0,0.0,0.0,0.0,0.0,0.0,2,0.9999927733972167,True,0.0,0.0,0.0,0.0,0.0,0.0,0.0
10271_aq4_1,흰색쥐와 회색쥐 모두 형제로 인식하지 못하고 교배하는 근거는 적절하지 않음,4,P2_few-shot_cot_v6,4,0.9999015874097997,True,0.0,0.0,0.0,0.0,0.0,0.0,0.0,4,0.998782766614763,True,0.0,0.0,0.0,0.0,0.0,0.0,0.0,4,0.9999607083561873,True,0.0,0.0,0.0,0.0,0.0,0.0,0.0
10271_bq1_2,아버지의 가설이 옳다고 주장해야합니다,4,P2_few-shot_cot_v6,2,0.9889902447199593,True,0.0,0.0,0.0,0.0,0.0,0.0,0.0,2,0.9947547897417526,True,0.0,0.0,0.0,0.0,0.0,0.0,0.0,2,0.981994464148247,True,0.0,0.0,0.0,0.0,0.0,0.0,0.0
10271_bq1_4,적절하다,1,P2_few-shot_cot_v6,1,0.9975030894738007,True,0.0,0.0,0.0,0.0,0.0,0.0,0.0,1,0.999081340606208,True,0.0,0.0,0.0,0.0,0.0,0.0,0.0,1,0.9968064790627059,True,0.0,0.0,0.0,0.0,0.0,0.0,0.0
10271_bq2_2,적절하다,1,P2_few-shot_cot_v6,1,0.9980504344665048,True,0.0,0.0,0.0,0.0,0.0,0.0,0.0,1,0.9994429540499468,True,0.0,0.0,0.0,0.0,0.0,0.0,0.0,1,0.9988228462371191,True,0.0,0.0,0.0,0.0,0.0,0.0,0.0
10271_bq2_4,적절하다,1,P2_few-shot_cot_v6,1,0.9995666829836225,True,0.0,0.0,0.0,0.0,0.0,0.0,0.0,1,0.9995663255398752,True,0.0,0.0,0.0,0.0,0.0,0.0,0.0,1,0.9994433114204889,True,0.0,0.0,0.0,0.0,0.0,0.0,0.0
10271_bq3_1,적절하다,1,P2_few-shot_cot_v6,1,0.9990863315855424,True,0.0,0.0,0.0,0.0,0.0,0.0,0.0,1,0.9990830080044748,True,0.0,0.0,0.0,0.0,0.0,0.0,0.0,1,0.9975144753277962,True,0.0,0.0,0.0,0.0,0.0,0.0,0.0
10271_bq3_2,가설과 설명 옳지 않다,4,P2_few-shot_cot_v6,2,0.994518208034354,True,0.0,0.0,0.0,0.0,0.0,0.0,0.0,2,0.994518208034354,True,0.0,0.0,0.0,0.0,0.0,0.0,0.0,2,0.9968147743541399,True,0.0,0.0,0.0,0.0,0.0,0.0,0.0
10271_bq3_5,적절하다,1,P2_few-shot_cot_v6,1,0.9996619724685795,True,0.0,0.0,0.0,0.0,0.0,0.0,0.0,1,0.9975030894738007,True,0.0,0.0,0.0,0.0,0.0,0.0,0.0,1,0.9996609000354949,True,0.0,0.0,0.0,0.0,0.0,0.0,0.0
10271_bq4_2,가설이 적절하지 않다,4,P2_few-shot_cot_v6,4,0.9990799115262167,True,0.0,0.0,0.0,0.0,0.0,0.0,0.0,4,0.9990796733851862,True,0.0,0.0,0.0,0.0,0.0,0.0,0.0,4,0.9988197542860792,True,0.0,0.0,0.0,0.0,0.0,0.0,0.0
13043_aq1_2,늑대로 인한 상황 먹이 유무로 인한 상황 결론 모든것이 완벽함,5,P2_few-shot_cot_v6,1,0.9947007627582558,True,0.0,0.0,0.0,0.0,0.0,0.0,0.0,1,0.9959107484605707,True,0.0,0.0,0.0,0.0,0.0,0.0,0.0,1,0.9975215915525398,True,0.0,0.0,0.0,0.0,0.0,0.0,0.0
13043_aq3_4,이 결과만 가지고 알 수 있는 것이 없다,2,P2_few-shot_cot_v6,2,0.9890005073233461,True,0.0,0.0,0.0,0.0,0.0,0.0,0.0,2,0.9945189193694626,True,0.0,0.0,0.0,0.0,0.0,0.0,0.0,2,0.9967260608794506,True,0.0,0.0,0.0,0.0,0.0,0.0,0.0
13043_aq4_1,그래서 누구랑 누가 섹스를 하는 건데.....,4,P2_few-shot_cot_v6,0,0.9968192752667732,True,0.0,0.0,0.0,0.0,0.0,0.0,0.0,0,0.9626346616345078,True,0.0,0.0,0.0,0.0,0.0,0.0,0.0,0,0.998066210298484,True,0.0,0.0,0.0,0.0,0.0,0.0,0.0
13043_aq4_5,왜 갑자기 자연 상태가 나오는 건가요?,4,P2_few-shot_cot_v6,4,0.9984594265712449,True,0.0,0.0,0.0,0.0,0.0,0.0,0.0,4,0.9992656880106395,True,0.0,0.0,0.0,0.0,0.0,0.0,0.0,4,0.9992656880106395,True,0.0,0.0,0.0,0.0,0.0,0.0,0.0
13043_bq1_2,답과 일치,2,P2_few-shot_cot_v6,2,0.976995304854139,True,0.0,0.0,0.0,0.0,0.0,0.0,0.0,2,0.9984921062693635,True,0.0,0.0,0.0,0.0,0.0,0.0,0.0,2,0.9819843455792089,True,0.0,0.0,0.0,0.0,0.0,0.0,0.0
13043_bq1_4,굿굿,1,P2_few-shot_cot_v6,1,0.9959147701700989,True,0.0,0.0,0.0,0.0,0.0,0.0,0.0,1,0.9958980935377426,True,0.0,0.0,0.0,0.0,0.0,0.0,0.0,1,0.9947558458811679,True,0.0,0.0,0.0,0.0,0.0,0.0,0.0
13043_bq2_1,변인통제...,4,P2_few-shot_cot_v6,3,0.9859117566486212,True,0.0,0.0,0.0,0.0,0.0,0.0,0.0,3,0.9889868625605912,True,0.0,0.0,0.0,0.0,0.0,0.0,0.0,3,0.9932836058630665,True,0.0,0.0,0.0,0.0,0.0,0.0,0.0
13043_bq2_5,굿,1,P2_few-shot_cot_v6,1,0.9932963061952147,True,0.0,0.0,0.0,0.0,0.0,0.0,0.0,1,0.9984941296572623,True,0.0,0.0,0.0,0.0,0.0,0.0,0.0,1,0.9999750123381673,True,0.0,0.0,0.0,0.0,0.0,0.0,0.0
13043_bq3_3,좋다,1,P2_few-shot_cot_v6,1,0.9988210639251861,True,0.0,0.0,0.0,0.0,0.0,0.0,0.0,1,0.9992862732525848,True,0.0,0.0,0.0,0.0,0.0,0.0,0.0,1,0.9992862732525848,True,0.0,0.0,0.0,0.0,0.0,0.0,0.0
13043_bq3_5,가설이...글쎄?,1,P2_few-shot_cot_v6,1,0.9959224574681874,True,0.0,0.0,0.0,0.0,0.0,0.0,0.0,1,0.9968201070779436,True,0.0,0.0,0.0,0.0,0.0,0.0,0.0,1,0.9968217595620152,True,0.0,0.0,0.0,0.0,0.0,0.0,0.0
13182_aq2_2,근거와 결론이 타당함,3,P2_few-shot_cot_v6,3,0.997947965309362,True,0.0,0.0,0.0,0.0,0.0,0.0,0.0,3,0.997947965309362,True,0.0,0.0,0.0,0.0,0.0,0.0,0.0,3,0.9997364340421032,True,0.0,0.0,0.0,0.0,0.0,0.0,0.0
13182_aq3_3,단어를 이상하게 사용하고 이유도 타당하지 않음,4,P2_few-shot_cot_v6,4,0.9994383076627775,True,0.0,0.0,0.0,0.0,0.0,0.0,0.0,4,0.9984604976863335,True,0.0,0.0,0.0,0.0,0.0,0.0,0.0,4,0.9998741809682545,True,0.0,0.0,0.0,0.0,0.0,0.0,0.0
13182_aq4_5,근거와 결과 모두 적절하다,3,P2_few-shot_cot_v6,3,0.9999208966912073,True,0.0,0.0,0.0,0.0,0.0,0.0,0.0,3,0.9990772951183173,True,0.0,0.0,0.0,0.0,0.0,0.0,0.0,3,0.9994341415294373,True,0.0,0.0,0.0,0.0,0.0,0.0,0.0
13182_bq1_3,적절하다,1,P2_few-shot_cot_v6,1,0.9995666829836225,True,0.0,0.0,0.0,0.0,0.0,0.0,0.0,1,0.9968108643579955,True,0.0,0.0,0.0,0.0,0.0,0.0,0.0,1,0.9994433114204889,True,0.0,0.0,0.0,0.0,0.0,0.0,0.0
13182_bq4_1,적절하다,1,P2_few-shot_cot_v6,1,0.9980684707813668,True,0.0,0.0,0.0,0.0,0.0,0.0,0.0,1,0.99956537233778,True,0.0,0.0,0.0,0.0,0.0,0.0,0.0,1,0.9932863042884693,True,0.0,0.0,0.0,0.0,0.0,0.0,0.0
13930_aq1_4,눈의 양에 따라 감소한것이 아니다,4,P2_few-shot_cot_v6,4,0.9912958887841655,True,0.0,0.0,0.0,0.0,0.0,0.0,0.0,4,0.9980638418802761,True,0.0,0.0,0.0,0.0,0.0,0.0,0.0,4,0.988964359337204,True,0.0,0.0,0.0,0.0,0.0,0.0,0.0
13930_aq3_4,선호도로 맛을 판단할 수 없다,4,P2_few-shot_cot_v6,2,0.9932447852412992,True,0.0,0.0,0.0,0.0,0.0,0.0,0.0,2,0.9968063600020338,True,0.0,0.0,0.0,0.0,0.0,0.0,0.0,2,0.9975156607423888,True,0.0,0.0,0.0,0.0,0.0,0.0,0.0
13930_aq4_3,판단을 적절하게판단했다. ,1,P2_few-shot_cot_v6,1,0.9967503373831685,True,0.0,0.0,0.0,0.0,0.0,0.0,0.0,1,0.9968076671172488,True,0.0,0.0,0.0,0.0,0.0,0.0,0.0,1,0.998478440633157,True,0.0,0.0,0.0,0.0,0.0,0.0,0.0
13930_bq2_4,결론이 타당하지 않다.,3,P2_few-shot_cot_v6,2,0.9999219694395923,True,0.0,0.0,0.0,0.0,0.0,0.0,0.0,2,0.9999206582987917,True,0.0,0.0,0.0,0.0,0.0,0.0,0.0,2,0.9999206582987917,True,0.0,0.0,0.0,0.0,0.0,0.0,0.0
13930_bq3_3,타당하다,1,P2_few-shot_cot_v6,1,0.9997915939828996,True,0.0,0.0,0.0,0.0,0.0,0.0,0.0,1,0.9997346464629393,True,0.0,0.0,0.0,0.0,0.0,0.0,0.0,1,0.9997358381820268,True,0.0,0.0,0.0,0.0,0.0,0.0,0.0
16397_aq1_1,모범답안과 거의 유사하다,2,P2_few-shot_cot_v6,2,0.9997932624937861,True,0.0,0.0,0.0,0.0,0.0,0.0,0.0,2,0.9999236381607817,True,0.0,0.0,0.0,0.0,0.0,0.0,0.0,2,0.9998371176579596,True,0.0,0.0,0.0,0.0,0.0,0.0,0.0
16397_aq2_1,모범답안과 거의 유사하다,2,P2_few-shot_cot_v6,2,0.9958315405098325,True,0.0,0.0,0.0,0.0,0.0,0.0,0.0,2,0.9997932624937861,True,0.0,0.0,0.0,0.0,0.0,0.0,0.0,2,0.9999236381607817,True,0.0,0.0,0.0,0.0,0.0,0.0,0.0
16397_aq2_4,모범답안과 거의 유사하다,2,P2_few-shot_cot_v6,2,0.9820028579571773,True,0.0,0.0,0.0,0.0,0.0,0.0,0.0,2,0.9958315405098325,True,0.0,0.0,0.0,0.0,0.0,0.0,0.0,2,0.9820025122530176,True,0.0,0.0,0.0,0.0,0.0,0.0,0.0
16397_aq3_2,주장은 거의 유사하고 근거에서 유사한 그 주장대로 설득력 있는 근거를 펼침,3,P2_few-shot_cot_v6,3,0.9996606616977919,True,0.0,0.0,0.0,0.0,0.0,0.0,0.0,3,0.9998404548199127,True,0.0,0.0,0.0,0.0,0.0,0.0,0.0,3,0.9980646746138042,True,0.0,0.0,0.0,0.0,0.0,0.0,0.0
16397_aq3_4,자기가 생각한 주장 토대로 설득력 있는 근거를 제시함,3,P2_few-shot_cot_v6,3,0.9999617811472837,True,0.0,0.0,0.0,0.0,0.0,0.0,0.0,3,0.9999620195458656,True,0.0,0.0,0.0,0.0,0.0,0.0,0.0,3,0.9999531988507386,True,0.0,0.0,0.0,0.0,0.0,0.0,0.0
16397_bq1_1,좋은 근거를 제시했습니다,3,P2_few-shot_cot_v6,1,0.9968204635686576,True,0.0,0.0,0.0,0.0,0.0,0.0,0.0,1,0.9980703707296136,True,0.0,0.0,0.0,0.0,0.0,0.0,0.0,1,0.9988171385013453,True,0.0,0.0,0.0,0.0,0.0,0.0,0.0
16397_bq1_3,좋은 근거를 제시했습니다,3,P2_few-shot_cot_v6,1,0.9997912364441756,True,0.0,0.0,0.0,0.0,0.0,0.0,0.0,1,0.9968065976592181,True,0.0,0.0,0.0,0.0,0.0,0.0,0.0,1,0.9975113947428562,True,0.0,0.0,0.0,0.0,0.0,0.0,0.0
16397_bq2_5,결론과 판단 근거 모두 미흡합니다,3,P2_few-shot_cot_v6,3,0.9999756083407958,True,0.0,0.0,0.0,0.0,0.0,0.0,0.0,3,0.9999859788604943,True,0.0,0.0,0.0,0.0,0.0,0.0,0.0,3,0.9988058423108516,True,0.0,0.0,0.0,0.0,0.0,0.0,0.0
16397_bq3_1,결론과 판단 근거 모두 적절합니다,3,P2_few-shot_cot_v6,3,0.9994425966213573,True,0.0,0.0,0.0,0.0,0.0,0.0,0.0,3,0.9994430731346632,True,0.0,0.0,0.0,0.0,0.0,0.0,0.0,3,0.9994430731346632,True,0.0,0.0,0.0,0.0,0.0,0.0,0.0
16397_bq3_4,결론과 판단 근거 모두 적절합니다,3,P2_few-shot_cot_v6,3,0.993285607711035,True,0.0,0.0,0.0,0.0,0.0,0.0,0.0,3,0.9988267716833917,True,0.0,0.0,0.0,0.0,0.0,0.0,0.0,3,0.9999534372472745,True,0.0,0.0,0.0,0.0,0.0,0.0,0.0
16397_bq4_2,결론과 판단 근거가 조금 아쉬움,3,P2_few-shot_cot_v6,3,0.9947560830494715,True,0.0,0.0,0.0,0.0,0.0,0.0,0.0,3,0.9999708403224388,True,0.0,0.0,0.0,0.0,0.0,0.0,0.0,3,0.999981926000683,True,0.0,0.0,0.0,0.0,0.0,0.0,0.0
19998_bq1_5,과학적 근거를 제시하지 않았다,3,P2_few-shot_cot_v6,4,0.9999772771533194,True,0.0,0.0,0.0,0.0,0.0,0.0,0.0,4,0.9992748452465149,True,0.0,0.0,0.0,0.0,0.0,0.0,0.0,4,0.9999708403224388,True,0.0,0.0,0.0,0.0,0.0,0.0,0.0
19998_bq2_3,틀림 변인통제로 인해 비교ㄹ불가,5,P2_few-shot_cot_v6,3,0.9947551417880998,True,0.0,0.0,0.0,0.0,0.0,0.0,0.0,3,0.9968026911764399,True,0.0,0.0,0.0,0.0,0.0,0.0,0.0,3,0.9999807339864315,True,0.0,0.0,0.0,0.0,0.0,0.0,0.0
19998_bq3_2,근거없는 판단,3,P2_few-shot_cot_v6,4,0.9984896140915928,True,0.0,0.0,0.0,0.0,0.0,0.0,0.0,4,0.998819516148921,True,0.0,0.0,0.0,0.0,0.0,0.0,0.0,4,0.9984934154788627,True,0.0,0.0,0.0,0.0,0.0,0.0,0.0
19998_bq3_3,근거가 잘못들음,3,P2_few-shot_cot_v6,4,0.9990789587298193,True,0.0,0.0,0.0,0.0,0.0,0.0,0.0,4,0.999081102464837,True,0.0,0.0,0.0,0.0,0.0,0.0,0.0,4,0.9990789587298193,True,0.0,0.0,0.0,0.0,0.0,0.0,0.0
19998_bq4_1,부적절함,1,P2_few-shot_cot_v6,1,0.9997914747984611,True,0.0,0.0,0.0,0.0,0.0,0.0,0.0,1,0.9994411669664522,True,0.0,0.0,0.0,0.0,0.0,0.0,0.0,1,0.9994417626799871,True,0.0,0.0,0.0,0.0,0.0,0.0,0.0
19998_bq4_2,근거가 적절함,3,P2_few-shot_cot_v6,3,0.998819635217493,True,0.0,0.0,0.0,0.0,0.0,0.0,0.0,3,0.9990782442494257,True,0.0,0.0,0.0,0.0,0.0,0.0,0.0,3,0.9995598913706445,True,0.0,0.0,0.0,0.0,0.0,0.0,0.0
19998_bq4_3,근거를 들어 설명함,3,P2_few-shot_cot_v6,3,0.9769922312242638,True,0.0,0.0,0.0,0.0,0.0,0.0,0.0,3,0.9959042447525004,True,0.0,0.0,0.0,0.0,0.0,0.0,0.0,3,0.9947478336094153,True,0.0,0.0,0.0,0.0,0.0,0.0,0.0
19998_bq4_5,적절한 근거를 들어 설명함,3,P2_few-shot_cot_v6,3,0.9958817802958035,True,0.0,0.0,0.0,0.0,0.0,0.0,0.0,3,0.9992859159381947,True,0.0,0.0,0.0,0.0,0.0,0.0,0.0,3,0.9979749144234611,True,0.0,0.0,0.0,0.0,0.0,0.0,0.0
22040_aq2_3,모범답안과 일치,2,P2_few-shot_cot_v6,2,0.988999102679633,True,0.0,0.0,0.0,0.0,0.0,0.0,0.0,2,0.9705601226456351,True,0.0,0.0,0.0,0.0,0.0,0.0,0.0,2,0.9999014682195242,True,0.0,0.0,0.0,0.0,0.0,0.0,0.0
22040_aq3_1,답이틀림,2,P2_few-shot_cot_v6,2,0.9990809833069415,True,0.0,0.0,0.0,0.0,0.0,0.0,0.0,2,0.9992781769109569,True,0.0,0.0,0.0,0.0,0.0,0.0,0.0,2,0.9992863924349648,True,0.0,0.0,0.0,0.0,0.0,0.0,0.0
22040_aq4_1,모범답안과 일치해,2,P2_few-shot_cot_v6,2,0.9889889589085535,True,0.0,0.0,0.0,0.0,0.0,0.0,0.0,2,0.9706623144348548,True,0.0,0.0,0.0,0.0,0.0,0.0,0.0,2,0.9994428348488942,True,0.0,0.0,0.0,0.0,0.0,0.0,0.0
25095_aq1_2,"날씨와 늑대 유무라는 변인들을 제시하여 이러한 변인들이 개체수의 변화에 영향을 미미하게 끼친다는 것을 제시하였고, 먹이가 유일한 커톤우드 계곡만이 압도적으로 살아남았기에라는 근거를 제시해 주어 주장이 타당하였다고 생각한다.",5,P2_few-shot_cot_v6,5,0.9990845561890485,True,0.0,0.0,0.0,0.0,0.0,0.0,0.0,5,0.9994439034702586,True,0.0,0.0,0.0,0.0,0.0,0.0,0.0,5,0.9999242341327902,True,0.0,0.0,0.0,0.0,0.0,0.0,0.0
25095_aq2_1,"결과를 얻는데 필요한 변인을 제시하였으며, 조작변인과 통제변인이란 단어를 사용하여 근거를 뒷받침해주었다. ",5,P2_few-shot_cot_v6,5,0.9994241377958557,True,0.0,0.0,0.0,0.0,0.0,0.0,0.0,5,0.9995648957370732,True,0.0,0.0,0.0,0.0,0.0,0.0,0.0,5,0.9994444991272492,True,0.0,0.0,0.0,0.0,0.0,0.0,0.0
25095_aq2_2,"통제해야할 변인과 변해야할 변인을 짧지만 굵게 제시해주었으며, 주장이 맞기에 3점을 준다.",5,P2_few-shot_cot_v6,2,0.999874657730981,True,0.0,0.0,0.0,0.0,0.0,0.0,0.0,2,0.9984949627498005,True,0.0,0.0,0.0,0.0,0.0,0.0,0.0,2,0.9947324952709394,True,0.0,0.0,0.0,0.0,0.0,0.0,0.0
25095_aq2_4,"주장과 근거를 모두 잘 제시해주었다, 하지만 3번 줄을 이용해선 안되는 이유를 제시해주지 않아 조금 아쉬웠다.",5,P2_few-shot_cot_v6,5,0.9980708466467664,True,0.0,0.0,0.0,0.0,0.0,0.0,0.0,5,0.9947680012927637,True,0.0,0.0,0.0,0.0,0.0,0.0,0.0,5,0.9914108210967008,True,0.0,0.0,0.0,0.0,0.0,0.0,0.0
25095_aq3_4,"수지의 가족과 승태의 가족 모두 투표에 참여한 이유를 제시하였으며 이로 인한 결과 도출을 잘하였고, 근거도 성실히 썼다고 생각한다.",5,P2_few-shot_cot_v6,5,0.995868888307397,True,0.0,0.0,0.0,0.0,0.0,0.0,0.0,5,0.999443192277569,True,0.0,0.0,0.0,0.0,0.0,0.0,0.0,5,0.9958822514594042,True,0.0,0.0,0.0,0.0,0.0,0.0,0.0
25095_aq4_2,판단이 맞지 않았으며 근거가 매우 미흡했다.,3,P2_few-shot_cot_v6,3,0.9992794872674728,True,0.0,0.0,0.0,0.0,0.0,0.0,0.0,3,0.9992794872674728,True,0.0,0.0,0.0,0.0,0.0,0.0,0.0,3,0.9997348848182815,True,0.0,0.0,0.0,0.0,0.0,0.0,0.0
25095_aq4_3,판단의 결과가 적절하였고 그러한 근거 또한 잘 타당성 있게 제시해 주었다.,3,P2_few-shot_cot_v6,3,0.9990833652463111,True,0.0,0.0,0.0,0.0,0.0,0.0,0.0,5,0.9947415783662045,True,0.0,0.0,0.0,0.0,0.0,0.0,0.0,5,0.9997370299025349,True,0.0,0.0,0.0,0.0,0.0,0.0,0.0
25095_aq4_4,판단이 적절하였으며 근거 또한 잘 제시해주었다.,3,P2_few-shot_cot_v6,3,0.9988192780118195,True,0.0,0.0,0.0,0.0,0.0,0.0,0.0,3,0.9990849134895927,True,0.0,0.0,0.0,0.0,0.0,0.0,0.0,3,0.9988154716630732,True,0.0,0.0,0.0,0.0,0.0,0.0,0.0
25311_aq1_3,정확함,1,P2_few-shot_cot_v6,2,0.9975220669757605,True,0.0,0.0,0.0,0.0,0.0,0.0,0.0,2,0.9984946058927191,True,0.0,0.0,0.0,0.0,0.0,0.0,0.0,2,0.998493891713979,True,0.0,0.0,0.0,0.0,0.0,0.0,0.0
25311_aq3_1,선호도로 판단하는 것은 옳지 않다,4,P2_few-shot_cot_v6,2,0.9997342889591284,True,0.0,0.0,0.0,0.0,0.0,0.0,0.0,2,0.9984896140915928,True,0.0,0.0,0.0,0.0,0.0,0.0,0.0,2,0.9984899712956087,True,0.0,0.0,0.0,0.0,0.0,0.0,0.0
25311_aq3_2,선호도로 판단하는것은 맞지않다,4,P2_few-shot_cot_v6,4,0.9999031369065,True,0.0,0.0,0.0,0.0,0.0,0.0,0.0,4,0.9990759850850901,True,0.0,0.0,0.0,0.0,0.0,0.0,0.0,4,0.9995648957370732,True,0.0,0.0,0.0,0.0,0.0,0.0,0.0
25311_bq2_2,이상하다,1,P2_few-shot_cot_v6,1,0.9975190980810688,True,0.0,0.0,0.0,0.0,0.0,0.0,0.0,1,0.9974504246224416,True,0.0,0.0,0.0,0.0,0.0,0.0,0.0,1,0.9990850325898026,True,0.0,0.0,0.0,0.0,0.0,0.0,0.0
25311_bq2_3,이상하다,1,P2_few-shot_cot_v6,1,0.998825465641437,True,0.0,0.0,0.0,0.0,0.0,0.0,0.0,1,0.9974505435278052,True,0.0,0.0,0.0,0.0,0.0,0.0,0.0,1,0.998061941828268,True,0.0,0.0,0.0,0.0,0.0,0.0,0.0
25311_bq3_3,타당히다,1,P2_few-shot_cot_v6,0,0.962642941960164,True,0.0,0.0,0.0,0.0,0.0,0.0,0.0,1,0.9959174896563177,True,0.0,0.0,0.0,0.0,0.0,0.0,0.0,1,0.9988278431925562,True,0.0,0.0,0.0,0.0,0.0,0.0,0.0
25311_bq3_4,타당하다,1,P2_few-shot_cot_v6,1,0.9992857967558716,True,0.0,0.0,0.0,0.0,0.0,0.0,0.0,1,0.9980621761829248,True,0.0,0.0,0.0,0.0,0.0,0.0,0.0,1,0.9889521159640214,True,0.0,0.0,0.0,0.0,0.0,0.0,0.0
31422_aq1_2,결론과 근거가 적절하였기 때문,3,P2_few-shot_cot_v6,3,0.9913643116241675,True,0.0,0.0,0.0,0.0,0.0,0.0,0.0,3,0.9959049533689449,True,0.0,0.0,0.0,0.0,0.0,0.0,0.0,3,0.9984647750677457,True,0.0,0.0,0.0,0.0,0.0,0.0,0.0
31422_aq2_2,논리적이다,1,P2_few-shot_cot_v6,1,0.9914125827990812,True,0.0,0.0,0.0,0.0,0.0,0.0,0.0,1,0.991410000262646,True,0.0,0.0,0.0,0.0,0.0,0.0,0.0,1,0.9947602149750848,True,0.0,0.0,0.0,0.0,0.0,0.0,0.0
31422_aq4_3,논리적이다,1,P2_few-shot_cot_v6,1,0.9932877136335505,True,0.0,0.0,0.0,0.0,0.0,0.0,0.0,1,0.988997006310169,True,0.0,0.0,0.0,0.0,0.0,0.0,0.0,1,0.9957995030604937,True,0.0,0.0,0.0,0.0,0.0,0.0,0.0
31422_aq4_4,논리적이다,1,P2_few-shot_cot_v6,1,0.988983603835191,True,0.0,0.0,0.0,0.0,0.0,0.0,0.0,1,0.9770028151793038,True,0.0,0.0,0.0,0.0,0.0,0.0,0.0,1,0.981993427044998,True,0.0,0.0,0.0,0.0,0.0,0.0,0.0
31422_aq4_5,논리적이다,1,P2_few-shot_cot_v6,1,0.9959036548575201,True,0.0,0.0,0.0,0.0,0.0,0.0,0.0,1,0.995897740623151,True,0.0,0.0,0.0,0.0,0.0,0.0,0.0,1,0.9968174965300372,True,0.0,0.0,0.0,0.0,0.0,0.0,0.0
31422_bq1_1,근거 좋음,3,P2_few-shot_cot_v6,1,0.9968090893496713,True,0.0,0.0,0.0,0.0,0.0,0.0,0.0,1,0.9968071920345141,True,0.0,0.0,0.0,0.0,0.0,0.0,0.0,1,0.9959216305799333,True,0.0,0.0,0.0,0.0,0.0,0.0,0.0
31422_bq2_5,근거 미약,3,P2_few-shot_cot_v6,3,0.9992791298973436,True,0.0,0.0,0.0,0.0,0.0,0.0,0.0,3,0.9997927857698706,True,0.0,0.0,0.0,0.0,0.0,0.0,0.0,3,0.9996585167773979,True,0.0,0.0,0.0,0.0,0.0,0.0,0.0
33366_aq2_2,모범 답안입니다. 더 완벽한 답안으로는 변인통제의 상황을 사용해 설명할 수 있습니다.,6,P2_few-shot_cot_v6,6,0.997523846969743,True,0.0,0.0,0.0,0.0,0.0,0.0,0.0,6,0.9974667891063663,True,0.0,0.0,0.0,0.0,0.0,0.0,0.0,6,0.9958921867563747,True,0.0,0.0,0.0,0.0,0.0,0.0,0.0
33366_aq3_5,모범 답안입니다.,2,P2_few-shot_cot_v6,2,0.9999235189678777,True,0.0,0.0,0.0,0.0,0.0,0.0,0.0,2,0.9999017066000895,True,0.0,0.0,0.0,0.0,0.0,0.0,0.0,2,0.9995671595851815,True,0.0,0.0,0.0,0.0,0.0,0.0,0.0
33366_aq4_1,모범 답안과 일치합니다.,2,P2_few-shot_cot_v6,2,0.9980701327711223,True,0.0,0.0,0.0,0.0,0.0,0.0,0.0,2,0.9975160174818524,True,0.0,0.0,0.0,0.0,0.0,0.0,0.0,2,0.9947750793951513,True,0.0,0.0,0.0,0.0,0.0,0.0,0.0
33366_bq2_4,모범 답안과 일치합니다.,2,P2_few-shot_cot_v6,2,0.9959247020813795,True,0.0,0.0,0.0,0.0,0.0,0.0,0.0,2,0.9992862732525848,True,0.0,0.0,0.0,0.0,0.0,0.0,0.0,2,0.9995672787719708,True,0.0,0.0,0.0,0.0,0.0,0.0,0.0
33366_bq3_1,온도는 비료와 무관합니다. 문제를 잘 못 이해한 것 같습니다.,4,P2_few-shot_cot_v6,4,0.9999400871469832,True,0.0,0.0,0.0,0.0,0.0,0.0,0.0,4,0.9988145228397393,True,0.0,0.0,0.0,0.0,0.0,0.0,0.0,4,0.9968151308429468,True,0.0,0.0,0.0,0.0,0.0,0.0,0.0
33366_bq3_5,온도의 차이가 있음을 간과하였습니다.,4,P2_few-shot_cot_v6,4,0.9999875284879717,True,0.0,0.0,0.0,0.0,0.0,0.0,0.0,4,0.9984002514273902,True,0.0,0.0,0.0,0.0,0.0,0.0,0.0,4,0.9980607521626167,True,0.0,0.0,0.0,0.0,0.0,0.0,0.0
33366_bq4_1,모범 답안과 일치합니다.,2,P2_few-shot_cot_v6,2,0.9996622108065949,True,0.0,0.0,0.0,0.0,0.0,0.0,0.0,2,0.9947750793951513,True,0.0,0.0,0.0,0.0,0.0,0.0,0.0,2,0.9995664446683826,True,0.0,0.0,0.0,0.0,0.0,0.0,0.0
34078_aq1_2,결론과 근거 모두 타당함.,3,P2_few-shot_cot_v6,3,0.9967965306990604,True,0.0,0.0,0.0,0.0,0.0,0.0,0.0,3,0.9947491232023613,True,0.0,0.0,0.0,0.0,0.0,0.0,0.0,3,0.9974788914819137,True,0.0,0.0,0.0,0.0,0.0,0.0,0.0
34078_aq1_4,결과와 근거 모두 타당함.,3,P2_few-shot_cot_v6,3,0.9984892570039441,True,0.0,0.0,0.0,0.0,0.0,0.0,0.0,3,0.999875492048112,True,0.0,0.0,0.0,0.0,0.0,0.0,0.0,3,0.9984894950623624,True,0.0,0.0,0.0,0.0,0.0,0.0,0.0
34078_aq1_5,결론과 근거 또한 타당함.,3,P2_few-shot_cot_v6,3,0.9995644191075025,True,0.0,0.0,0.0,0.0,0.0,0.0,0.0,3,0.9990733650237889,True,0.0,0.0,0.0,0.0,0.0,0.0,0.0,3,0.995900931699059,True,0.0,0.0,0.0,0.0,0.0,0.0,0.0
34078_aq4_3,결론과 판단 모두 적절하기에,3,P2_few-shot_cot_v6,3,0.9932681971341513,True,0.0,0.0,0.0,0.0,0.0,0.0,0.0,3,0.9859101360236427,True,0.0,0.0,0.0,0.0,0.0,0.0,0.0,3,0.9819857247128143,True,0.0,0.0,0.0,0.0,0.0,0.0,0.0
34078_bq2_2,타당함.,1,P2_few-shot_cot_v6,1,0.9997935008485547,True,0.0,0.0,0.0,0.0,0.0,0.0,0.0,2,0.9998386670547543,True,0.0,0.0,0.0,0.0,0.0,0.0,0.0,1,0.999792070691698,True,0.0,0.0,0.0,0.0,0.0,0.0,0.0
34078_bq2_5,타당함.,1,P2_few-shot_cot_v6,2,0.9997338122487848,True,0.0,0.0,0.0,0.0,0.0,0.0,0.0,2,0.9996586359168927,True,0.0,0.0,0.0,0.0,0.0,0.0,0.0,2,0.9988197542860792,True,0.0,0.0,0.0,0.0,0.0,0.0,0.0
34078_bq4_5,다 틀림.,2,P2_few-shot_cot_v6,2,0.9984902092379577,True,0.0,0.0,0.0,0.0,0.0,0.0,0.0,2,0.9980581420836714,True,0.0,0.0,0.0,0.0,0.0,0.0,0.0,2,0.9990846752892156,True,0.0,0.0,0.0,0.0,0.0,0.0,0.0
36982_aq1_1,결론과 그 원인을 올바르게 이끔.,3,P2_few-shot_cot_v6,3,0.9975211158972923,True,0.0,0.0,0.0,0.0,0.0,0.0,0.0,3,0.9975042711588697,True,0.0,0.0,0.0,0.0,0.0,0.0,0.0,3,0.998065864284131,True,0.0,0.0,0.0,0.0,0.0,0.0,0.0
36982_aq3_2,경우를 나누어 정확하게 판단할 수 없는 이유를 명확히 제시함.,5,P2_few-shot_cot_v6,3,0.9999239957468543,True,0.0,0.0,0.0,0.0,0.0,0.0,0.0,3,0.9999225654106063,True,0.0,0.0,0.0,0.0,0.0,0.0,0.0,3,0.9990851516318722,True,0.0,0.0,0.0,0.0,0.0,0.0,0.0
36982_aq3_5,결과를 명확히 판단할 수 없지만 본인의 추론을 바탕으로 결론을 제시함.,5,P2_few-shot_cot_v6,3,0.9913982916789866,True,0.0,0.0,0.0,0.0,0.0,0.0,0.0,3,0.9913982916789866,True,0.0,0.0,0.0,0.0,0.0,0.0,0.0,3,0.9999714363225806,True,0.0,0.0,0.0,0.0,0.0,0.0,0.0
36982_aq4_2,냄새를 기억하지 않는 흰색 수컷 쥐와 교배할 것을 적절히 제시함.,5,P2_few-shot_cot_v6,3,0.9911631936408024,True,0.0,0.0,0.0,0.0,0.0,0.0,0.0,3,0.9914104693105941,True,0.0,0.0,0.0,0.0,0.0,0.0,0.0,3,0.9947201031334222,True,0.0,0.0,0.0,0.0,0.0,0.0,0.0
36982_bq1_5,덜 뛰어다니는 것과 개인의 의견을 추가하여 서술함.,5,P2_few-shot_cot_v6,4,0.9988241558802802,True,0.0,0.0,0.0,0.0,0.0,0.0,0.0,4,0.999873465846416,True,0.0,0.0,0.0,0.0,0.0,0.0,0.0,4,0.9980523161388097,True,0.0,0.0,0.0,0.0,0.0,0.0,0.0
36982_bq2_2,조작변인의 조건을 잘 서술함.,5,P2_few-shot_cot_v6,3,0.9994402138837102,True,0.0,0.0,0.0,0.0,0.0,0.0,0.0,3,0.9984896140915928,True,0.0,0.0,0.0,0.0,0.0,0.0,0.0,4,0.9994360440774093,True,0.0,0.0,0.0,0.0,0.0,0.0,0.0
36982_bq3_3,가설이 틀렸다는 것을 서술하지 않았으므로 근거가 약간 미흡하다.,5,P2_few-shot_cot_v6,3,0.9995665638550867,True,0.0,0.0,0.0,0.0,0.0,0.0,0.0,3,0.9994434268983815,True,0.0,0.0,0.0,0.0,0.0,0.0,0.0,3,0.9996613766819773,True,0.0,0.0,0.0,0.0,0.0,0.0,0.0
36982_bq4_5,물 분자가 빠져나가 무게가 감소했을 때 1이 기각됨을 적절히 서술함.,5,P2_few-shot_cot_v6,3,0.9975173215793491,True,0.0,0.0,0.0,0.0,0.0,0.0,0.0,3,0.9999850252454783,True,0.0,0.0,0.0,0.0,0.0,0.0,0.0,3,0.9968144178654604,True,0.0,0.0,0.0,0.0,0.0,0.0,0.0
42314_aq1_3,"결론과 근거를 잘 적었다,",3,P2_few-shot_cot_v6,3,0.9975149507476253,True,0.0,0.0,0.0,0.0,0.0,0.0,0.0,3,0.9975112758302386,True,0.0,0.0,0.0,0.0,0.0,0.0,0.0,3,0.9990822934048769,True,0.0,0.0,0.0,0.0,0.0,0.0,0.0
42314_aq2_1,적절하다,1,P2_few-shot_cot_v6,1,0.9995617977943816,True,0.0,0.0,0.0,0.0,0.0,0.0,0.0,1,0.999081340606208,True,0.0,0.0,0.0,0.0,0.0,0.0,0.0,1,0.9996607808375424,True,0.0,0.0,0.0,0.0,0.0,0.0,0.0
42314_aq2_2,좋다,1,P2_few-shot_cot_v6,1,0.9998738234145463,True,0.0,0.0,0.0,0.0,0.0,0.0,0.0,1,0.9992850821275601,True,0.0,0.0,0.0,0.0,0.0,0.0,0.0,1,0.9994412861091309,True,0.0,0.0,0.0,0.0,0.0,0.0,0.0
42314_aq2_4,좋다,1,P2_few-shot_cot_v6,1,0.9999741779325377,True,0.0,0.0,0.0,0.0,0.0,0.0,0.0,1,0.9984936536545125,True,0.0,0.0,0.0,0.0,0.0,0.0,0.0,1,0.9992862732525848,True,0.0,0.0,0.0,0.0,0.0,0.0,0.0
42314_aq4_3,잘썻다,1,P2_few-shot_cot_v6,1,0.9998333037639093,True,0.0,0.0,0.0,0.0,0.0,0.0,0.0,1,0.9974737858505275,True,0.0,0.0,0.0,0.0,0.0,0.0,0.0,1,0.9974749749326498,True,0.0,0.0,0.0,0.0,0.0,0.0,0.0
42314_aq4_4,자신의 생각이 뚜렷하게 나타났고 그 근거도 잘 서술하였다,5,P2_few-shot_cot_v6,5,0.9999632115396277,True,0.0,0.0,0.0,0.0,0.0,0.0,0.0,5,0.9994449756996375,True,0.0,0.0,0.0,0.0,0.0,0.0,0.0,5,0.9999523644651297,True,0.0,0.0,0.0,0.0,0.0,0.0,0.0
42314_bq1_2,주장과 근거를 잘 설명함,3,P2_few-shot_cot_v6,3,0.9998737042203053,True,0.0,0.0,0.0,0.0,0.0,0.0,0.0,3,0.9998381903091889,True,0.0,0.0,0.0,0.0,0.0,0.0,0.0,3,0.9998737042203053,True,0.0,0.0,0.0,0.0,0.0,0.0,0.0
42314_bq3_2,주장과 근거를 잘 설명함,3,P2_few-shot_cot_v6,3,0.9998353298987682,True,0.0,0.0,0.0,0.0,0.0,0.0,0.0,3,0.9914028602353567,True,0.0,0.0,0.0,0.0,0.0,0.0,0.0,3,0.9914028602353567,True,0.0,0.0,0.0,0.0,0.0,0.0,0.0
42314_bq3_4,주장과 근거를 잘 설명함,3,P2_few-shot_cot_v6,3,0.9997894487670221,True,0.0,0.0,0.0,0.0,0.0,0.0,0.0,3,0.9997890912290652,True,0.0,0.0,0.0,0.0,0.0,0.0,0.0,3,0.9959040073104537,True,0.0,0.0,0.0,0.0,0.0,0.0,0.0
42314_bq4_2,주장과 근거를 잘 설명함,3,P2_few-shot_cot_v6,3,0.9998353298987682,True,0.0,0.0,0.0,0.0,0.0,0.0,0.0,3,0.9932845457320354,True,0.0,0.0,0.0,0.0,0.0,0.0,0.0,3,0.9959116945254656,True,0.0,0.0,0.0,0.0,0.0,0.0,0.0
42314_bq4_3,주장과 근거를 잘 설명함,3,P2_few-shot_cot_v6,3,0.9958965613049954,True,0.0,0.0,0.0,0.0,0.0,0.0,0.0,3,0.9998344956005999,True,0.0,0.0,0.0,0.0,0.0,0.0,0.0,3,0.9959040073104537,True,0.0,0.0,0.0,0.0,0.0,0.0,0.0
46023_aq2_1,조작변인 및 통제변인을 정확히 이해함.,5,P2_few-shot_cot_v6,3,0.9990803878666019,True,0.0,0.0,0.0,0.0,0.0,0.0,0.0,3,0.9996561334958891,True,0.0,0.0,0.0,0.0,0.0,0.0,0.0,3,0.999794096742999,True,0.0,0.0,0.0,0.0,0.0,0.0,0.0
46023_aq2_4,조작변인 및 통제변은을 이해했음,5,P2_few-shot_cot_v6,2,0.9975030894738007,True,0.0,0.0,0.0,0.0,0.0,0.0,0.0,2,0.9959068454886234,True,0.0,0.0,0.0,0.0,0.0,0.0,0.0,3,0.9990834843463364,True,0.0,0.0,0.0,0.0,0.0,0.0,0.0
46023_aq3_3,두 조리법에서 보관온도라는 변인을 알아차리고 이 둘을 갇게 한다음 맛을 비교해야 한다라는 과학적 사고를 함.,5,P2_few-shot_cot_v6,5,0.9975181542052678,True,0.0,0.0,0.0,0.0,0.0,0.0,0.0,5,0.9968196317571898,True,0.0,0.0,0.0,0.0,0.0,0.0,0.0,5,0.9980669241713224,True,0.0,0.0,0.0,0.0,0.0,0.0,0.0
46023_bq4_1,틀린 답변을 제시함,2,P2_few-shot_cot_v6,2,0.988995020473949,True,0.0,0.0,0.0,0.0,0.0,0.0,0.0,2,0.9975121007868152,True,0.0,0.0,0.0,0.0,0.0,0.0,0.0,2,0.9980580231058764,True,0.0,0.0,0.0,0.0,0.0,0.0,0.0
46707_bq1_3,내용이 알차다,1,P2_few-shot_cot_v6,1,0.999875492048112,True,0.0,0.0,0.0,0.0,0.0,0.0,0.0,1,0.9968106269318819,True,0.0,0.0,0.0,0.0,0.0,0.0,0.0,1,0.998825465641437,True,0.0,0.0,0.0,0.0,0.0,0.0,0.0
46707_bq2_2,내용이 알차다,1,P2_few-shot_cot_v6,1,0.9968234194757396,True,0.0,0.0,0.0,0.0,0.0,0.0,0.0,1,0.9999020641783191,True,0.0,0.0,0.0,0.0,0.0,0.0,0.0,1,0.9999530796506731,True,0.0,0.0,0.0,0.0,0.0,0.0,0.0
46707_bq2_3,내용이 알차다,1,P2_few-shot_cot_v6,1,0.9990789587298193,True,0.0,0.0,0.0,0.0,0.0,0.0,0.0,1,0.9999403255403931,True,0.0,0.0,0.0,0.0,0.0,0.0,0.0,1,0.9998396205320176,True,0.0,0.0,0.0,0.0,0.0,0.0,0.0
46707_bq3_1,내용이 알차다,1,P2_few-shot_cot_v6,1,0.9980550488979898,True,0.0,0.0,0.0,0.0,0.0,0.0,0.0,1,0.9999014682195242,True,0.0,0.0,0.0,0.0,0.0,0.0,0.0,1,0.998056833444896,True,0.0,0.0,0.0,0.0,0.0,0.0,0.0
46707_bq3_3,내용이 알차다,1,P2_few-shot_cot_v6,1,0.9994456905004708,True,0.0,0.0,0.0,0.0,0.0,0.0,0.0,1,0.9959242308976949,True,0.0,0.0,0.0,0.0,0.0,0.0,0.0,1,0.9998396205320176,True,0.0,0.0,0.0,0.0,0.0,0.0,0.0
46707_bq3_4,내용이 알차다,1,P2_few-shot_cot_v6,1,0.9999400871469832,True,0.0,0.0,0.0,0.0,0.0,0.0,0.0,1,0.9999533180471806,True,0.0,0.0,0.0,0.0,0.0,0.0,0.0,1,0.9999628539431689,True,0.0,0.0,0.0,0.0,0.0,0.0,0.0
46707_bq4_4,내용이 풍부해서 알아보기 쉽다,1,P2_few-shot_cot_v6,1,0.999285677689895,True,0.0,0.0,0.0,0.0,0.0,0.0,0.0,1,0.9984222288461134,True,0.0,0.0,0.0,0.0,0.0,0.0,0.0,1,0.9956671230760437,True,0.0,0.0,0.0,0.0,0.0,0.0,0.0
47249_aq1_3,결론도출 과정이 너무 적고 조작변인과 통제변인을 알려주지 않았다.,4,P2_few-shot_cot_v6,4,0.9994450948427702,True,0.0,0.0,0.0,0.0,0.0,0.0,0.0,4,0.9999028985255938,True,0.0,0.0,0.0,0.0,0.0,0.0,0.0,4,0.999839739707646,True,0.0,0.0,0.0,0.0,0.0,0.0,0.0
47249_aq3_2,타당한 근거를 사용하여 결론을 도출했다.,3,P2_few-shot_cot_v6,3,0.9994425966213573,True,0.0,0.0,0.0,0.0,0.0,0.0,0.0,3,0.9998377135784003,True,0.0,0.0,0.0,0.0,0.0,0.0,0.0,3,0.9995616786082459,True,0.0,0.0,0.0,0.0,0.0,0.0,0.0
47249_aq4_1,논리적이다.,1,P2_few-shot_cot_v6,1,0.9913911452728865,True,0.0,0.0,0.0,0.0,0.0,0.0,0.0,1,0.9998722739632716,True,0.0,0.0,0.0,0.0,0.0,0.0,0.0,1,0.993290541117914,True,0.0,0.0,0.0,0.0,0.0,0.0,0.0
47249_aq4_2,근거가 타당하다.,3,P2_few-shot_cot_v6,3,0.994752781227081,True,0.0,0.0,0.0,0.0,0.0,0.0,0.0,3,0.9975061700330919,True,0.0,0.0,0.0,0.0,0.0,0.0,0.0,3,0.9947550232040531,True,0.0,0.0,0.0,0.0,0.0,0.0,0.0
47249_aq4_3,남들과 생각이 다르고 경우를 자세히 나누어 설명하였다.,5,P2_few-shot_cot_v6,5,0.9968142992680179,True,0.0,0.0,0.0,0.0,0.0,0.0,0.0,5,0.9968044696546704,True,0.0,0.0,0.0,0.0,0.0,0.0,0.0,5,0.9980651504120507,True,0.0,0.0,0.0,0.0,0.0,0.0,0.0
47249_aq4_4,근거가 타당하다.,3,P2_few-shot_cot_v6,3,0.9984898521500962,True,0.0,0.0,0.0,0.0,0.0,0.0,0.0,3,0.9975149507476253,True,0.0,0.0,0.0,0.0,0.0,0.0,0.0,3,0.9913985289700987,True,0.0,0.0,0.0,0.0,0.0,0.0,0.0
47249_bq2_1,올바르다.,1,P2_few-shot_cot_v6,2,0.9995644191075025,True,0.0,0.0,0.0,0.0,0.0,0.0,0.0,2,0.9995644191075025,True,0.0,0.0,0.0,0.0,0.0,0.0,0.0,2,0.9975156607423888,True,0.0,0.0,0.0,0.0,0.0,0.0,0.0
47249_bq3_2,논리적이다.,1,P2_few-shot_cot_v6,1,0.9947572651860781,True,0.0,0.0,0.0,0.0,0.0,0.0,0.0,1,0.9958783485991367,True,0.0,0.0,0.0,0.0,0.0,0.0,0.0,1,0.9958019843505302,True,0.0,0.0,0.0,0.0,0.0,0.0,0.0
47641_aq1_3,e,0,P2_few-shot_cot_v6,0,0.9770105530401713,True,0.0,0.0,0.0,0.0,0.0,0.0,0.0,0,0.9859280961863928,True,0.0,0.0,0.0,0.0,0.0,0.0,0.0,0,0.9859280961863928,True,0.0,0.0,0.0,0.0,0.0,0.0,0.0
47641_aq4_1,e,0,P2_few-shot_cot_v6,0,0.9770012228472412,True,0.0,0.0,0.0,0.0,0.0,0.0,0.0,0,0.9975198115625818,True,0.0,0.0,0.0,0.0,0.0,0.0,0.0,0,0.996824370121086,True,0.0,0.0,0.0,0.0,0.0,0.0,0.0
47641_bq1_2,"근거랑 답 모두 맞으나, 근거가 조금 부족해 보임.",3,P2_few-shot_cot_v6,4,0.9980631280096423,True,0.0,0.0,0.0,0.0,0.0,0.0,0.0,4,0.9999623771456639,True,0.0,0.0,0.0,0.0,0.0,0.0,0.0,4,0.9998732274725834,True,0.0,0.0,0.0,0.0,0.0,0.0,0.0
47641_bq1_5,근거도 타당하지 않고 답도 적절하지 않음.,3,P2_few-shot_cot_v6,3,0.9994420009073253,True,0.0,0.0,0.0,0.0,0.0,0.0,0.0,3,0.9998743001625524,True,0.0,0.0,0.0,0.0,0.0,0.0,0.0,3,0.9999201815286818,True,0.0,0.0,0.0,0.0,0.0,0.0,0.0
47641_bq2_3,이유와 결론 모두 틀리다.,3,P2_few-shot_cot_v6,2,0.9959145327255428,True,0.0,0.0,0.0,0.0,0.0,0.0,0.0,2,0.9999857404571098,True,0.0,0.0,0.0,0.0,0.0,0.0,0.0,2,0.9995642999501453,True,0.0,0.0,0.0,0.0,0.0,0.0,0.0
47641_bq3_1,근거랑 답 모두 맞음.,3,P2_few-shot_cot_v6,2,0.9913951265718418,True,0.0,0.0,0.0,0.0,0.0,0.0,0.0,2,0.9998387862448186,True,0.0,0.0,0.0,0.0,0.0,0.0,0.0,2,0.9932743103663396,True,0.0,0.0,0.0,0.0,0.0,0.0,0.0
47641_bq4_3,근거랑 답 모두 맞음.,3,P2_few-shot_cot_v6,3,0.99927770047627,True,0.0,0.0,0.0,0.0,0.0,0.0,0.0,2,0.9975055791892578,True,0.0,0.0,0.0,0.0,0.0,0.0,0.0,2,0.9998748961051546,True,0.0,0.0,0.0,0.0,0.0,0.0,0.0
47641_bq4_5,근거가 약간 부족하다.,3,P2_few-shot_cot_v6,3,0.9999220886323117,True,0.0,0.0,0.0,0.0,0.0,0.0,0.0,3,0.9984582361993296,True,0.0,0.0,0.0,0.0,0.0,0.0,0.0,3,0.9998997995353331,True,0.0,0.0,0.0,0.0,0.0,0.0,0.0
48624_aq1_3,표를 활용하여 정확하게 판단하여 논리정연하게 작성하여서 3점을 주었다.,5,P2_few-shot_cot_v6,2,0.9999700059221094,True,0.0,0.0,0.0,0.0,0.0,0.0,0.0,2,0.9999922965859006,True,0.0,0.0,0.0,0.0,0.0,0.0,0.0,2,0.9999634499385507,True,0.0,0.0,0.0,0.0,0.0,0.0,0.0
48624_aq1_4,늑대의 유무와 먹이의 유무를 따로 비교하여 논리정연하게 작성하였다.,5,P2_few-shot_cot_v6,5,0.9990808642653685,True,0.0,0.0,0.0,0.0,0.0,0.0,0.0,5,0.9999012298390159,True,0.0,0.0,0.0,0.0,0.0,0.0,0.0,5,0.9999020641783191,True,0.0,0.0,0.0,0.0,0.0,0.0,0.0
48624_aq2_3,답은 맞지만 근거가 살짝 부족한것 같다.,3,P2_few-shot_cot_v6,3,0.9995634659072252,True,0.0,0.0,0.0,0.0,0.0,0.0,0.0,3,0.9994428348488942,True,0.0,0.0,0.0,0.0,0.0,0.0,0.0,4,0.9980520783008116,True,0.0,0.0,0.0,0.0,0.0,0.0,0.0
48624_aq3_1,결론을 도출하기엔 공통점이 하나도 없으므로 비교할 수 없지만 다른 결론의 근거는 타당하므로 1점을 주었다.,5,P2_few-shot_cot_v6,5,0.999661853299593,True,0.0,0.0,0.0,0.0,0.0,0.0,0.0,5,0.9999403255403931,True,0.0,0.0,0.0,0.0,0.0,0.0,0.0,5,0.9997359573598329,True,0.0,0.0,0.0,0.0,0.0,0.0,0.0
48624_aq3_2,답은 맞지만 근거가 내가 생각하는거랑 좀 다른것 같다 수지는 버터에 저온 보관 승태는 라드에 실온 보관인데 수지의 조리 방식과 승태의 조리 방식에는 공통점이 존재하지 않기 때문에 어느 방법이 더 적절하다고 할지는 알 수 없다.,5,P2_few-shot_cot_v6,5,0.999997064707474,True,0.0,0.0,0.0,0.0,0.0,0.0,0.0,5,0.9999775155555957,True,0.0,0.0,0.0,0.0,0.0,0.0,0.0,5,0.9980706085719709,True,0.0,0.0,0.0,0.0,0.0,0.0,0.0
48624_aq3_3,크러스트 조리 방식에서는 공통점이 존재하지 않기 때문에 어느 크러스트 조리 방식이 더 낫다고 할 수는 없다.,5,P2_few-shot_cot_v6,2,0.9975233713134201,True,0.0,0.0,0.0,0.0,0.0,0.0,0.0,2,0.999939133573912,True,0.0,0.0,0.0,0.0,0.0,0.0,0.0,2,0.9968223537142612,True,0.0,0.0,0.0,0.0,0.0,0.0,0.0
48624_aq4_1,근거는 답과 일치하지만 답이 없기 때문에 1점을 주었다,3,P2_few-shot_cot_v6,2,0.999874657730981,True,0.0,0.0,0.0,0.0,0.0,0.0,0.0,2,0.9984858089991456,True,0.0,0.0,0.0,0.0,0.0,0.0,0.0,2,0.9999220886323117,True,0.0,0.0,0.0,0.0,0.0,0.0,0.0
48624_bq1_4,판단 근거가 모두 적절,3,P2_few-shot_cot_v6,3,0.999661853299593,True,0.0,0.0,0.0,0.0,0.0,0.0,0.0,3,0.997513171001769,True,0.0,0.0,0.0,0.0,0.0,0.0,0.0,3,0.997513171001769,True,0.0,0.0,0.0,0.0,0.0,0.0,0.0
48624_bq2_2,판단 근거 모두 적절,3,P2_few-shot_cot_v6,3,0.9932851345381959,True,0.0,0.0,0.0,0.0,0.0,0.0,0.0,3,0.9975099677923805,True,0.0,0.0,0.0,0.0,0.0,0.0,0.0,3,0.998484737856904,True,0.0,0.0,0.0,0.0,0.0,0.0,0.0
48624_bq4_4,판단 근거 모두 적절,3,P2_few-shot_cot_v6,3,0.9947569094332211,True,0.0,0.0,0.0,0.0,0.0,0.0,0.0,3,0.9947532518565387,True,0.0,0.0,0.0,0.0,0.0,0.0,0.0,3,0.998818805458677,True,0.0,0.0,0.0,0.0,0.0,0.0,0.0
50054_aq1_3,종합적으로 판단하여 결론 도출을 하였다,5,P2_few-shot_cot_v6,3,0.9980514832994044,True,0.0,0.0,0.0,0.0,0.0,0.0,0.0,3,0.9968007973547475,True,0.0,0.0,0.0,0.0,0.0,0.0,0.0,3,0.9980543385193098,True,0.0,0.0,0.0,0.0,0.0,0.0,0.0
50054_aq1_4,문제를 정확하게 인지하고 비교를 통해 결론을 적절하게 도출 했다.,5,P2_few-shot_cot_v6,3,0.9980679948653469,True,0.0,0.0,0.0,0.0,0.0,0.0,0.0,3,0.9988249893644541,True,0.0,0.0,0.0,0.0,0.0,0.0,0.0,3,0.9999534372472745,True,0.0,0.0,0.0,0.0,0.0,0.0,0.0
50054_aq1_5,논제인 엘크 수의 변화를 논리적인 설명을 통해 서술함.,5,P2_few-shot_cot_v6,3,0.9990788396884877,True,0.0,0.0,0.0,0.0,0.0,0.0,0.0,3,0.9999906277492213,True,0.0,0.0,0.0,0.0,0.0,0.0,0.0,3,0.9988236797202001,True,0.0,0.0,0.0,0.0,0.0,0.0,0.0
50054_aq3_1,조작변인이 정확하지 않아 논거가 부족한 논제이므로 함부로 판단하는 것은 옳지않다,5,P2_few-shot_cot_v6,5,0.9999402063418622,True,0.0,0.0,0.0,0.0,0.0,0.0,0.0,5,0.9984689298373532,True,0.0,0.0,0.0,0.0,0.0,0.0,0.0,5,0.9999635691362145,True,0.0,0.0,0.0,0.0,0.0,0.0,0.0
50054_aq4_2,논제에 맞는 논거에 따라 적절하게 결론을 도출함.,3,P2_few-shot_cot_v6,3,0.9975205250446053,True,0.0,0.0,0.0,0.0,0.0,0.0,0.0,3,0.9995646574222594,True,0.0,0.0,0.0,0.0,0.0,0.0,0.0,3,0.9968193940968979,True,0.0,0.0,0.0,0.0,0.0,0.0,0.0
50054_bq1_5,가정상황에 의하면 맞는 결과가 나온다 했으므로 맞다.,2,P2_few-shot_cot_v6,2,0.9992882983079844,True,0.0,0.0,0.0,0.0,0.0,0.0,0.0,2,0.9990872843308165,True,0.0,0.0,0.0,0.0,0.0,0.0,0.0,2,0.9992882983079844,True,0.0,0.0,0.0,0.0,0.0,0.0,0.0
50054_bq3_2,가설을 지지한다/ 안한다에 대한 답변이 없음,4,P2_few-shot_cot_v6,4,0.9974466270898481,True,0.0,0.0,0.0,0.0,0.0,0.0,0.0,4,0.9957236164100051,True,0.0,0.0,0.0,0.0,0.0,0.0,0.0,4,0.999900991451289,True,0.0,0.0,0.0,0.0,0.0,0.0,0.0
50054_bq3_3,가설을 지지한다/ 안한다에 대한 답변이 없음,4,P2_few-shot_cot_v6,4,0.998782647550586,True,0.0,0.0,0.0,0.0,0.0,0.0,0.0,4,0.9974466270898481,True,0.0,0.0,0.0,0.0,0.0,0.0,0.0,4,0.9984379171032001,True,0.0,0.0,0.0,0.0,0.0,0.0,0.0
50054_bq4_4,적절한 답변이다.,2,P2_few-shot_cot_v6,1,0.9914036847567663,True,0.0,0.0,0.0,0.0,0.0,0.0,0.0,1,0.9984924633580312,True,0.0,0.0,0.0,0.0,0.0,0.0,0.0,1,0.9980549299205637,True,0.0,0.0,0.0,0.0,0.0,0.0,0.0
52220_aq2_5,가설을 잘 보면 무게가 아닌 줄이 조작 변인이 되어야한다 그러나 좋은 실험 방법이 될 수 있겠다,5,P2_few-shot_cot_v6,5,0.9984946058927191,True,0.0,0.0,0.0,0.0,0.0,0.0,0.0,5,0.9999857404571098,True,0.0,0.0,0.0,0.0,0.0,0.0,0.0,5,0.9997924282307203,True,0.0,0.0,0.0,0.0,0.0,0.0,0.0
52220_aq3_1,모범답안,2,P2_few-shot_cot_v6,2,0.9859061951155473,True,0.0,0.0,0.0,0.0,0.0,0.0,0.0,2,0.9890010857608125,True,0.0,0.0,0.0,0.0,0.0,0.0,0.0,2,0.9859180160506766,True,0.0,0.0,0.0,0.0,0.0,0.0,0.0
52220_aq3_2,조작변인이 2개나 되기 때문에 정확히 판단 불가능,5,P2_few-shot_cot_v6,4,0.9987932328067058,True,0.0,0.0,0.0,0.0,0.0,0.0,0.0,4,0.9999708403224388,True,0.0,0.0,0.0,0.0,0.0,0.0,0.0,4,0.9999708403224388,True,0.0,0.0,0.0,0.0,0.0,0.0,0.0
52220_bq1_1,짱,1,P2_few-shot_cot_v6,1,0.9968217595620152,True,0.0,0.0,0.0,0.0,0.0,0.0,0.0,1,0.9992869879980806,True,0.0,0.0,0.0,0.0,0.0,0.0,0.0,1,0.9995666829836225,True,0.0,0.0,0.0,0.0,0.0,0.0,0.0
52220_bq3_2,굿,1,P2_few-shot_cot_v6,1,0.9988248702952438,True,0.0,0.0,0.0,0.0,0.0,0.0,0.0,1,0.991375565547514,True,0.0,0.0,0.0,0.0,0.0,0.0,0.0,1,0.9968153687343114,True,0.0,0.0,0.0,0.0,0.0,0.0,0.0
52220_bq3_3,다시 읽어 볼까요?,1,P2_few-shot_cot_v6,1,0.9980531488627213,True,0.0,0.0,0.0,0.0,0.0,0.0,0.0,1,0.9932861854169868,True,0.0,0.0,0.0,0.0,0.0,0.0,0.0,1,0.9975099677923805,True,0.0,0.0,0.0,0.0,0.0,0.0,0.0
52220_bq3_5,굿,1,P2_few-shot_cot_v6,1,0.9889729858807367,True,0.0,0.0,0.0,0.0,0.0,0.0,0.0,1,0.9388576257508593,True,0.0,0.0,0.0,0.0,0.0,0.0,0.0,1,0.9980624141395191,True,0.0,0.0,0.0,0.0,0.0,0.0,0.0
52220_bq4_1,굿,1,P2_few-shot_cot_v6,1,0.9959075541069184,True,0.0,0.0,0.0,0.0,0.0,0.0,0.0,1,0.9959146519115726,True,0.0,0.0,0.0,0.0,0.0,0.0,0.0,1,0.9858944946044808,True,0.0,0.0,0.0,0.0,0.0,0.0,0.0
52220_bq4_5,?,0,P2_few-shot_cot_v6,1,0.9984924633580312,True,0.0,0.0,0.0,0.0,0.0,0.0,0.0,1,0.9992828225536785,True,0.0,0.0,0.0,0.0,0.0,0.0,0.0,1,0.9994417626799871,True,0.0,0.0,0.0,0.0,0.0,0.0,0.0
53663_aq1_1,늑대가 엘크수에 어떤 영향을 미치는지 적지 않음,4,P2_few-shot_cot_v6,4,0.9999235189678777,True,0.0,0.0,0.0,0.0,0.0,0.0,0.0,4,0.9994404521106791,True,0.0,0.0,0.0,0.0,0.0,0.0,0.0,4,0.9983997754693941,True,0.0,0.0,0.0,0.0,0.0,0.0,0.0
53663_aq4_4,결론및 판단근거가 적절함,3,P2_few-shot_cot_v6,3,0.9999385375966608,True,0.0,0.0,0.0,0.0,0.0,0.0,0.0,3,0.9958682984333591,True,0.0,0.0,0.0,0.0,0.0,0.0,0.0,3,0.998822492751201,True,0.0,0.0,0.0,0.0,0.0,0.0,0.0
53663_bq1_1,그렇다,1,P2_few-shot_cot_v6,2,0.9769750543789588,True,0.0,0.0,0.0,0.0,0.0,0.0,0.0,2,0.9769750543789588,True,0.0,0.0,0.0,0.0,0.0,0.0,0.0,2,0.9625960043220844,True,0.0,0.0,0.0,0.0,0.0,0.0,0.0
53663_bq3_2,좋다,1,P2_few-shot_cot_v6,1,0.9992860350623659,True,0.0,0.0,0.0,0.0,0.0,0.0,0.0,1,0.993281367202372,True,0.0,0.0,0.0,0.0,0.0,0.0,0.0,1,0.9932920730414806,True,0.0,0.0,0.0,0.0,0.0,0.0,0.0
54776_aq1_3,변인통제를 적절히 잘말함 ,5,P2_few-shot_cot_v6,3,0.9988199924232941,True,0.0,0.0,0.0,0.0,0.0,0.0,0.0,3,0.9995617977943816,True,0.0,0.0,0.0,0.0,0.0,0.0,0.0,3,0.9958821327409957,True,0.0,0.0,0.0,0.0,0.0,0.0,0.0
54776_aq3_2,시기의 차이가 결과에 미치는 영향이 없다고 말한게 인상적임 ,5,P2_few-shot_cot_v6,1,0.9998725123368768,True,0.0,0.0,0.0,0.0,0.0,0.0,0.0,1,0.9988216592691106,True,0.0,0.0,0.0,0.0,0.0,0.0,0.0,1,0.9990736032214693,True,0.0,0.0,0.0,0.0,0.0,0.0,0.0
54776_bq1_1,주장과 근거가 적절함,3,P2_few-shot_cot_v6,3,0.9980538627262174,True,0.0,0.0,0.0,0.0,0.0,0.0,0.0,3,0.996788951535285,True,0.0,0.0,0.0,0.0,0.0,0.0,0.0,3,0.9998366409276824,True,0.0,0.0,0.0,0.0,0.0,0.0,0.0
54776_bq1_2,주장과 근거가 적절함,3,P2_few-shot_cot_v6,3,0.9980555246916476,True,0.0,0.0,0.0,0.0,0.0,0.0,0.0,3,0.998059800338165,True,0.0,0.0,0.0,0.0,0.0,0.0,0.0,3,0.998059800338165,True,0.0,0.0,0.0,0.0,0.0,0.0,0.0
59763_aq1_1,답이 맞고 근거도있다,3,P2_few-shot_cot_v6,3,0.9988069137975637,True,0.0,0.0,0.0,0.0,0.0,0.0,0.0,3,0.9980436641935835,True,0.0,0.0,0.0,0.0,0.0,0.0,0.0,3,0.9988069137975637,True,0.0,0.0,0.0,0.0,0.0,0.0,0.0
59763_aq3_1,문항답은 아니지만 근거가있다,3,P2_few-shot_cot_v6,3,0.9999852636486923,True,0.0,0.0,0.0,0.0,0.0,0.0,0.0,3,0.99999408462894,True,0.0,0.0,0.0,0.0,0.0,0.0,0.0,3,0.9999903893438189,True,0.0,0.0,0.0,0.0,0.0,0.0,0.0
59763_aq3_2,문항답은 아니지만 근거가있다,3,P2_few-shot_cot_v6,3,0.9995501246896747,True,0.0,0.0,0.0,0.0,0.0,0.0,0.0,3,0.9990853788411769,True,0.0,0.0,0.0,0.0,0.0,0.0,0.0,3,0.9990834843463364,True,0.0,0.0,0.0,0.0,0.0,0.0,0.0
59763_aq3_5,문항답은 아니지만 근거가있다,3,P2_few-shot_cot_v6,3,0.9994415243945306,True,0.0,0.0,0.0,0.0,0.0,0.0,0.0,3,0.998824394134823,True,0.0,0.0,0.0,0.0,0.0,0.0,0.0,3,0.9984888999164231,True,0.0,0.0,0.0,0.0,0.0,0.0,0.0
59763_aq4_1,답이틀림,2,P2_few-shot_cot_v6,2,0.998819516148921,True,0.0,0.0,0.0,0.0,0.0,0.0,0.0,2,0.9992781769109569,True,0.0,0.0,0.0,0.0,0.0,0.0,0.0,2,0.9990793160283619,True,0.0,0.0,0.0,0.0,0.0,0.0,0.0
59763_aq4_3,답이 맞았고 근거도 있다,3,P2_few-shot_cot_v6,3,0.9988119034641187,True,0.0,0.0,0.0,0.0,0.0,0.0,0.0,3,0.9966214975172234,True,0.0,0.0,0.0,0.0,0.0,0.0,0.0,3,0.9988119034641187,True,0.0,0.0,0.0,0.0,0.0,0.0,0.0
59763_aq4_4,답이 맞았고 근거도 있다,3,P2_few-shot_cot_v6,3,0.9996611383441607,True,0.0,0.0,0.0,0.0,0.0,0.0,0.0,3,0.9997355998264572,True,0.0,0.0,0.0,0.0,0.0,0.0,0.0,3,0.9994398564561006,True,0.0,0.0,0.0,0.0,0.0,0.0,0.0
59763_bq1_3,정답,2,P2_few-shot_cot_v6,2,0.9959257673468899,True,0.0,0.0,0.0,0.0,0.0,0.0,0.0,2,0.9947664670929188,True,0.0,0.0,0.0,0.0,0.0,0.0,0.0,2,0.9914150388464082,True,0.0,0.0,0.0,0.0,0.0,0.0,0.0
59763_bq2_4,답을안적음,2,P2_few-shot_cot_v6,2,0.9932560748498461,True,0.0,0.0,0.0,0.0,0.0,0.0,0.0,2,0.9997939775582622,True,0.0,0.0,0.0,0.0,0.0,0.0,0.0,2,0.9889794047190001,True,0.0,0.0,0.0,0.0,0.0,0.0,0.0
59763_bq3_4,정답,2,P2_few-shot_cot_v6,2,0.9890045858673484,True,0.0,0.0,0.0,0.0,0.0,0.0,0.0,2,0.9820014769703891,True,0.0,0.0,0.0,0.0,0.0,0.0,0.0,2,0.9890043491492263,True,0.0,0.0,0.0,0.0,0.0,0.0,0.0
59763_bq3_5,정답,2,P2_few-shot_cot_v6,2,0.9890066822528787,True,0.0,0.0,0.0,0.0,0.0,0.0,0.0,2,0.9975246793688541,True,0.0,0.0,0.0,0.0,0.0,0.0,0.0,2,0.9890043491492263,True,0.0,0.0,0.0,0.0,0.0,0.0,0.0
59763_bq4_1,정답,2,P2_few-shot_cot_v6,2,0.9959257673468899,True,0.0,0.0,0.0,0.0,0.0,0.0,0.0,2,0.9947664670929188,True,0.0,0.0,0.0,0.0,0.0,0.0,0.0,2,0.9980703707296136,True,0.0,0.0,0.0,0.0,0.0,0.0,0.0
59763_bq4_2,정답,2,P2_few-shot_cot_v6,2,0.9914164459980696,True,0.0,0.0,0.0,0.0,0.0,0.0,0.0,2,0.880779604065579,True,0.0,0.0,0.0,0.0,0.0,0.0,0.0,2,0.9769917780966987,True,0.0,0.0,0.0,0.0,0.0,0.0,0.0
59763_bq4_5,정답,2,P2_few-shot_cot_v6,2,0.9626375305136355,True,0.0,0.0,0.0,0.0,0.0,0.0,0.0,2,0.9890050537772661,True,0.0,0.0,0.0,0.0,0.0,0.0,0.0,2,0.9914150388464082,True,0.0,0.0,0.0,0.0,0.0,0.0,0.0
60205_aq1_2,근거 부족,3,P2_few-shot_cot_v6,3,0.9997338122487848,True,0.0,0.0,0.0,0.0,0.0,0.0,0.0,3,0.9998385478647043,True,0.0,0.0,0.0,0.0,0.0,0.0,0.0,3,0.9999226846033967,True,0.0,0.0,0.0,0.0,0.0,0.0,0.0
60205_aq2_2,적절함,1,P2_few-shot_cot_v6,1,0.9933004288195512,True,0.0,0.0,0.0,0.0,0.0,0.0,0.0,1,0.981751511945218,True,0.0,0.0,0.0,0.0,0.0,0.0,0.0,1,0.9933004288195512,True,0.0,0.0,0.0,0.0,0.0,0.0,0.0
60205_aq2_4,결론과 판단 근거 모두 미흡,3,P2_few-shot_cot_v6,3,0.9997341697815213,True,0.0,0.0,0.0,0.0,0.0,0.0,0.0,3,0.9998373560231834,True,0.0,0.0,0.0,0.0,0.0,0.0,0.0,3,0.9997341697815213,True,0.0,0.0,0.0,0.0,0.0,0.0,0.0
60205_aq3_1,답은 다르나 일부 근거가 타당함,3,P2_few-shot_cot_v6,4,0.9984734490290837,True,0.0,0.0,0.0,0.0,0.0,0.0,0.0,4,0.9984735680564013,True,0.0,0.0,0.0,0.0,0.0,0.0,0.0,3,0.9988117843964684,True,0.0,0.0,0.0,0.0,0.0,0.0,0.0
60205_aq3_5,답은 다르나 일부 근거가 타당함,3,P2_few-shot_cot_v6,4,0.9984835548940946,True,0.0,0.0,0.0,0.0,0.0,0.0,0.0,4,0.9988140465679742,True,0.0,0.0,0.0,0.0,0.0,0.0,0.0,4,0.998473806111079,True,0.0,0.0,0.0,0.0,0.0,0.0,0.0
60205_bq1_3,잘함,1,P2_few-shot_cot_v6,1,0.9932748950036657,True,0.0,0.0,0.0,0.0,0.0,0.0,0.0,1,0.9913904426380656,True,0.0,0.0,0.0,0.0,0.0,0.0,0.0,1,0.9959138241022821,True,0.0,0.0,0.0,0.0,0.0,0.0,0.0
60205_bq2_1,...,0,P2_few-shot_cot_v6,5,0.9980613470533599,True,0.0,0.0,0.0,0.0,0.0,0.0,0.0,5,0.9980613470533599,True,0.0,0.0,0.0,0.0,0.0,0.0,0.0,5,0.9980613470533599,True,0.0,0.0,0.0,0.0,0.0,0.0,0.0
60205_bq2_4,적절함,1,P2_few-shot_cot_v6,1,0.9932961877850748,True,0.0,0.0,0.0,0.0,0.0,0.0,0.0,1,0.9626539908728866,True,0.0,0.0,0.0,0.0,0.0,0.0,0.0,1,0.991411175652903,True,0.0,0.0,0.0,0.0,0.0,0.0,0.0
60205_bq2_5,적절함,1,P2_few-shot_cot_v6,1,0.9820028579571773,True,0.0,0.0,0.0,0.0,0.0,0.0,0.0,1,0.9237518991308068,True,0.0,0.0,0.0,0.0,0.0,0.0,0.0,1,0.9889880231041689,True,0.0,0.0,0.0,0.0,0.0,0.0,0.0
60205_bq3_5,적절함,1,P2_few-shot_cot_v6,1,0.9914061444753258,True,0.0,0.0,0.0,0.0,0.0,0.0,0.0,1,0.9914137535757699,True,0.0,0.0,0.0,0.0,0.0,0.0,0.0,1,0.993297246538741,True,0.0,0.0,0.0,0.0,0.0,0.0,0.0
60205_bq4_4,근거 부족,3,P2_few-shot_cot_v6,3,0.999565253151218,True,0.0,0.0,0.0,0.0,0.0,0.0,0.0,3,0.9997353615000405,True,0.0,0.0,0.0,0.0,0.0,0.0,0.0,3,0.9996610191752737,True,0.0,0.0,0.0,0.0,0.0,0.0,0.0
60476_aq2_4,근거부족,3,P2_few-shot_cot_v6,3,0.9998739425942514,True,0.0,0.0,0.0,0.0,0.0,0.0,0.0,3,0.991339710211527,True,0.0,0.0,0.0,0.0,0.0,0.0,0.0,3,0.9975126953505365,True,0.0,0.0,0.0,0.0,0.0,0.0,0.0
60476_aq3_1,답은 맞지만 근거가 아님,3,P2_few-shot_cot_v6,3,0.9997352423223055,True,0.0,0.0,0.0,0.0,0.0,0.0,0.0,3,0.9984833168370926,True,0.0,0.0,0.0,0.0,0.0,0.0,0.0,3,0.9984512252269704,True,0.0,0.0,0.0,0.0,0.0,0.0,0.0
60476_aq4_5,답과 근거가 맞다 ,3,P2_few-shot_cot_v6,2,0.9932646671378148,True,0.0,0.0,0.0,0.0,0.0,0.0,0.0,2,0.9980605142064186,True,0.0,0.0,0.0,0.0,0.0,0.0,0.0,2,0.9967901398010207,True,0.0,0.0,0.0,0.0,0.0,0.0,0.0
60476_bq1_1,근거가 적당함.,3,P2_few-shot_cot_v6,3,0.9996538693880826,True,0.0,0.0,0.0,0.0,0.0,0.0,0.0,3,0.9997895679512191,True,0.0,0.0,0.0,0.0,0.0,0.0,0.0,3,0.9990762232833953,True,0.0,0.0,0.0,0.0,0.0,0.0,0.0
60476_bq1_3,근거가 적당함.,3,P2_few-shot_cot_v6,3,0.9996605425289617,True,0.0,0.0,0.0,0.0,0.0,0.0,0.0,3,0.9980576661725766,True,0.0,0.0,0.0,0.0,0.0,0.0,0.0,3,0.9959178458242305,True,0.0,0.0,0.0,0.0,0.0,0.0,0.0
60476_bq2_4,근거가 적당함,3,P2_few-shot_cot_v6,3,0.9998396205320176,True,0.0,0.0,0.0,0.0,0.0,0.0,0.0,3,0.9997360765376532,True,0.0,0.0,0.0,0.0,0.0,0.0,0.0,3,0.9997360765376532,True,0.0,0.0,0.0,0.0,0.0,0.0,0.0
60476_bq4_3,근거가 맞다.,3,P2_few-shot_cot_v6,2,0.9932674903938384,True,0.0,0.0,0.0,0.0,0.0,0.0,0.0,2,0.9975067645932784,True,0.0,0.0,0.0,0.0,0.0,0.0,0.0,2,0.9984820076408345,True,0.0,0.0,0.0,0.0,0.0,0.0,0.0
60570_aq1_4,가설을 더 밝혀주었으면 좋았을거같다.,6,P2_few-shot_cot_v6,4,0.9988000118851788,True,0.0,0.0,0.0,0.0,0.0,0.0,0.0,4,0.9958802406682689,True,0.0,0.0,0.0,0.0,0.0,0.0,0.0,4,0.9980487725095509,True,0.0,0.0,0.0,0.0,0.0,0.0,0.0
60570_aq1_5,잘했다.,1,P2_few-shot_cot_v6,1,0.9990812215645924,True,0.0,0.0,0.0,0.0,0.0,0.0,0.0,1,0.9999005146832811,True,0.0,0.0,0.0,0.0,0.0,0.0,0.0,1,0.9988192780118195,True,0.0,0.0,0.0,0.0,0.0,0.0,0.0
60570_aq2_2,무슨 변인인지 써주었으면 좋겠다.,4,P2_few-shot_cot_v6,4,0.9994414052518236,True,0.0,0.0,0.0,0.0,0.0,0.0,0.0,4,0.9959086188903308,True,0.0,0.0,0.0,0.0,0.0,0.0,0.0,4,0.9992768666143247,True,0.0,0.0,0.0,0.0,0.0,0.0,0.0
60570_aq4_1,잘했다,1,P2_few-shot_cot_v6,1,0.9980499586752737,True,0.0,0.0,0.0,0.0,0.0,0.0,0.0,1,0.9947549046200206,True,0.0,0.0,0.0,0.0,0.0,0.0,0.0,1,0.9959116945254656,True,0.0,0.0,0.0,0.0,0.0,0.0,0.0
60570_bq3_3,애매하다,1,P2_few-shot_cot_v6,1,0.9996609000354949,True,0.0,0.0,0.0,0.0,0.0,0.0,0.0,1,0.995919263076979,True,0.0,0.0,0.0,0.0,0.0,0.0,0.0,1,0.9932884240885406,True,0.0,0.0,0.0,0.0,0.0,0.0,0.0
60570_bq4_3,애매하다,1,P2_few-shot_cot_v6,1,0.9998393821662539,True,0.0,0.0,0.0,0.0,0.0,0.0,0.0,1,0.9998383094991964,True,0.0,0.0,0.0,0.0,0.0,0.0,0.0,1,0.9932801868196738,True,0.0,0.0,0.0,0.0,0.0,0.0,0.0
60570_bq4_4,근거가 충분하다,3,P2_few-shot_cot_v6,3,0.9997938583880884,True,0.0,0.0,0.0,0.0,0.0,0.0,0.0,3,0.9968044696546704,True,0.0,0.0,0.0,0.0,0.0,0.0,0.0,3,0.9999629731407617,True,0.0,0.0,0.0,0.0,0.0,0.0,0.0
60575_aq2_2,시간과의 관계라는 점이 살짝 아쉬움,4,P2_few-shot_cot_v6,1,0.9998392629761186,True,0.0,0.0,0.0,0.0,0.0,0.0,0.0,1,0.9999235189678777,True,0.0,0.0,0.0,0.0,0.0,0.0,0.0,1,0.9999529604542596,True,0.0,0.0,0.0,0.0,0.0,0.0,0.0
60575_aq2_4,간결하고 맞는 의견임,2,P2_few-shot_cot_v6,1,0.9999706019217539,True,0.0,0.0,0.0,0.0,0.0,0.0,0.0,1,0.9968099139576171,True,0.0,0.0,0.0,0.0,0.0,0.0,0.0,1,0.9996611383441607,True,0.0,0.0,0.0,0.0,0.0,0.0,0.0
60575_aq4_2,"해당 의견에 동의하며, 의견에 대한 근거도 충분하고 해당과 다른 의견을 가지고 있더라도 설득 될 것 같음",3,P2_few-shot_cot_v6,5,0.9998396205320176,True,0.0,0.0,0.0,0.0,0.0,0.0,0.0,5,0.9999639267365671,True,0.0,0.0,0.0,0.0,0.0,0.0,0.0,5,0.9998396205320176,True,0.0,0.0,0.0,0.0,0.0,0.0,0.0
60575_aq4_3,"해당 의견에는 동의하지만, 근거가 부족함",3,P2_few-shot_cot_v6,3,0.998066091203537,True,0.0,0.0,0.0,0.0,0.0,0.0,0.0,3,0.9999703635211259,True,0.0,0.0,0.0,0.0,0.0,0.0,0.0,3,0.9997936200186858,True,0.0,0.0,0.0,0.0,0.0,0.0,0.0
60575_bq3_1,아예 옳지 않다,1,P2_few-shot_cot_v6,2,0.999285439499818,True,0.0,0.0,0.0,0.0,0.0,0.0,0.0,2,0.9947602149750848,True,0.0,0.0,0.0,0.0,0.0,0.0,0.0,2,0.9990827697463978,True,0.0,0.0,0.0,0.0,0.0,0.0,0.0
60575_bq3_5,답변이 옳지만 근거가 부족함,3,P2_few-shot_cot_v6,3,0.998824394134823,True,0.0,0.0,0.0,0.0,0.0,0.0,0.0,3,0.999565610623673,True,0.0,0.0,0.0,0.0,0.0,0.0,0.0,3,0.9998744193568644,True,0.0,0.0,0.0,0.0,0.0,0.0,0.0
60575_bq4_4,답변은 옳지만 근거가 부족,3,P2_few-shot_cot_v6,3,0.9980477019523355,True,0.0,0.0,0.0,0.0,0.0,0.0,0.0,3,0.9988161859555478,True,0.0,0.0,0.0,0.0,0.0,0.0,0.0,3,0.9992802018917833,True,0.0,0.0,0.0,0.0,0.0,0.0,0.0
60575_bq4_5,근거가 부족,3,P2_few-shot_cot_v6,3,0.9995638233499499,True,0.0,0.0,0.0,0.0,0.0,0.0,0.0,3,0.9858571885031274,True,0.0,0.0,0.0,0.0,0.0,0.0,0.0,3,0.9998365217378739,True,0.0,0.0,0.0,0.0,0.0,0.0,0.0
60607_aq1_2,원인과 그 근거가 적절하다고 생각함. 또한 늑대의 유무가 영향을 주는지 안 주는지 검증하는 과정이 인상적이었음. ,5,P2_few-shot_cot_v6,5,0.9994367589300296,True,0.0,0.0,0.0,0.0,0.0,0.0,0.0,5,0.9988182101164534,True,0.0,0.0,0.0,0.0,0.0,0.0,0.0,5,0.9999753699389742,True,0.0,0.0,0.0,0.0,0.0,0.0,0.0
60607_aq1_4,논리 구조가 명확,1,P2_few-shot_cot_v6,1,0.9913977044529769,True,0.0,0.0,0.0,0.0,0.0,0.0,0.0,1,0.993286422234896,True,0.0,0.0,0.0,0.0,0.0,0.0,0.0,1,0.9975141185888843,True,0.0,0.0,0.0,0.0,0.0,0.0,0.0
60607_aq2_3,변인설정이 미흡,4,P2_few-shot_cot_v6,4,0.999839739707646,True,0.0,0.0,0.0,0.0,0.0,0.0,0.0,4,0.9992846056314149,True,0.0,0.0,0.0,0.0,0.0,0.0,0.0,4,0.9980599194323613,True,0.0,0.0,0.0,0.0,0.0,0.0,0.0
60607_aq3_1,모범답안과 약간 차이가 남,2,P2_few-shot_cot_v6,2,0.998490923414064,True,0.0,0.0,0.0,0.0,0.0,0.0,0.0,2,0.9984944867466535,True,0.0,0.0,0.0,0.0,0.0,0.0,0.0,2,0.9994444991272492,True,0.0,0.0,0.0,0.0,0.0,0.0,0.0
60607_aq3_4,모범답안과 약간 차이가 남,2,P2_few-shot_cot_v6,2,0.9997358381820268,True,0.0,0.0,0.0,0.0,0.0,0.0,0.0,2,0.998069303518757,True,0.0,0.0,0.0,0.0,0.0,0.0,0.0,2,0.9997358381820268,True,0.0,0.0,0.0,0.0,0.0,0.0,0.0
60607_bq2_3,긋긋긋,1,P2_few-shot_cot_v6,1,0.9968231820466357,True,0.0,0.0,0.0,0.0,0.0,0.0,0.0,1,0.9988259419186472,True,0.0,0.0,0.0,0.0,0.0,0.0,0.0,1,0.9984952009258192,True,0.0,0.0,0.0,0.0,0.0,0.0,0.0
60607_bq3_5,와 미쳤다....,1,P2_few-shot_cot_v6,1,0.9980638418802761,True,0.0,0.0,0.0,0.0,0.0,0.0,0.0,1,0.996803522741685,True,0.0,0.0,0.0,0.0,0.0,0.0,0.0,1,0.9992803210152734,True,0.0,0.0,0.0,0.0,0.0,0.0,0.0
60607_bq4_3,오 님좀 치는 듯??,1,P2_few-shot_cot_v6,1,0.9980689465814231,True,0.0,0.0,0.0,0.0,0.0,0.0,0.0,1,0.9947731931315299,True,0.0,0.0,0.0,0.0,0.0,0.0,0.0,1,0.999794096742999,True,0.0,0.0,0.0,0.0,0.0,0.0,0.0
60998_aq2_1,결론과 판단 모두 적합,3,P2_few-shot_cot_v6,2,0.9968148934158171,True,0.0,0.0,0.0,0.0,0.0,0.0,0.0,2,0.9819869941027518,True,0.0,0.0,0.0,0.0,0.0,0.0,0.0,2,0.9968148934158171,True,0.0,0.0,0.0,0.0,0.0,0.0,0.0
60998_aq2_5,결론과 판단 모두 적합,3,P2_few-shot_cot_v6,1,0.9994434268983815,True,0.0,0.0,0.0,0.0,0.0,0.0,0.0,2,0.9819869941027518,True,0.0,0.0,0.0,0.0,0.0,0.0,0.0,2,0.9819838864781333,True,0.0,0.0,0.0,0.0,0.0,0.0,0.0
60998_bq4_3,적합,1,P2_few-shot_cot_v6,1,0.9984906852390655,True,0.0,0.0,0.0,0.0,0.0,0.0,0.0,1,0.9889623735665369,True,0.0,0.0,0.0,0.0,0.0,0.0,0.0,1,0.9990825316046861,True,0.0,0.0,0.0,0.0,0.0,0.0,0.0
61836_aq2_3,겁나 깔끔 정확,1,P2_few-shot_cot_v6,1,0.999287940934704,True,0.0,0.0,0.0,0.0,0.0,0.0,0.0,1,0.9984915185612093,True,0.0,0.0,0.0,0.0,0.0,0.0,0.0,1,0.9890062152632744,True,0.0,0.0,0.0,0.0,0.0,0.0,0.0
61836_aq3_2,답과 다름,2,P2_few-shot_cot_v6,2,0.998061941828268,True,0.0,0.0,0.0,0.0,0.0,0.0,0.0,2,0.9959171334885322,True,0.0,0.0,0.0,0.0,0.0,0.0,0.0,2,0.999082650704612,True,0.0,0.0,0.0,0.0,0.0,0.0,0.0
61836_aq3_3,답과 다름,2,P2_few-shot_cot_v6,2,0.998820111491923,True,0.0,0.0,0.0,0.0,0.0,0.0,0.0,2,0.9990733650237889,True,0.0,0.0,0.0,0.0,0.0,0.0,0.0,2,0.9959171334885322,True,0.0,0.0,0.0,0.0,0.0,0.0,0.0
61836_aq4_1,논리적임,1,P2_few-shot_cot_v6,1,0.9889465142545601,True,0.0,0.0,0.0,0.0,0.0,0.0,0.0,1,0.9889771868117873,True,0.0,0.0,0.0,0.0,0.0,0.0,0.0,1,0.9975110380050459,True,0.0,0.0,0.0,0.0,0.0,0.0,0.0
61836_bq1_3,답이랑 같다,2,P2_few-shot_cot_v6,2,0.9947718923899375,True,0.0,0.0,0.0,0.0,0.0,0.0,0.0,2,0.9856759024751405,True,0.0,0.0,0.0,0.0,0.0,0.0,0.0,2,0.9932998400043245,True,0.0,0.0,0.0,0.0,0.0,0.0,0.0
61836_bq2_1,답이랑 같다,2,P2_few-shot_cot_v6,2,0.9859075898573151,True,0.0,0.0,0.0,0.0,0.0,0.0,0.0,2,0.9859197496283479,True,0.0,0.0,0.0,0.0,0.0,0.0,0.0,2,0.9968215221333067,True,0.0,0.0,0.0,0.0,0.0,0.0,0.0
61836_bq2_3,뭔 소리야,1,P2_few-shot_cot_v6,1,0.9984866422009807,True,0.0,0.0,0.0,0.0,0.0,0.0,0.0,1,0.9890063322409258,True,0.0,0.0,0.0,0.0,0.0,0.0,0.0,1,0.9859301750320828,True,0.0,0.0,0.0,0.0,0.0,0.0,0.0
61836_bq3_4,답이랑 같다,2,P2_few-shot_cot_v6,2,0.9947705990616643,True,0.0,0.0,0.0,0.0,0.0,0.0,0.0,2,0.9914055609379382,True,0.0,0.0,0.0,0.0,0.0,0.0,0.0,2,0.9947602149750848,True,0.0,0.0,0.0,0.0,0.0,0.0,0.0
61836_bq4_1,답이랑 같다,2,P2_few-shot_cot_v6,2,0.9914130509249257,True,0.0,0.0,0.0,0.0,0.0,0.0,0.0,2,0.9947645766766176,True,0.0,0.0,0.0,0.0,0.0,0.0,0.0,2,0.9959145327255428,True,0.0,0.0,0.0,0.0,0.0,0.0,0.0
63183_aq1_1,답이 틀림 그러나 근거는 타당함,3,P2_few-shot_cot_v6,5,0.9994398564561006,True,0.0,0.0,0.0,0.0,0.0,0.0,0.0,5,0.9994367589300296,True,0.0,0.0,0.0,0.0,0.0,0.0,0.0,5,0.9994367589300296,True,0.0,0.0,0.0,0.0,0.0,0.0,0.0
63183_aq1_2,답이 완전히 틀림,2,P2_few-shot_cot_v6,2,0.9988271288917451,True,0.0,0.0,0.0,0.0,0.0,0.0,0.0,2,0.9947727224926377,True,0.0,0.0,0.0,0.0,0.0,0.0,0.0,2,0.997520405898646,True,0.0,0.0,0.0,0.0,0.0,0.0,0.0
63183_aq1_4,답이 틀림 그러나 근거는 타당함,3,P2_few-shot_cot_v6,5,0.9997367915466812,True,0.0,0.0,0.0,0.0,0.0,0.0,0.0,5,0.9999400871469832,True,0.0,0.0,0.0,0.0,0.0,0.0,0.0,5,0.9999400871469832,True,0.0,0.0,0.0,0.0,0.0,0.0,0.0
63183_aq2_4,질량이 같다고도 말을 해주엇으면 좋았을거같습니다 ,6,P2_few-shot_cot_v6,4,0.9990824124466201,True,0.0,0.0,0.0,0.0,0.0,0.0,0.0,4,0.9984792737126051,True,0.0,0.0,0.0,0.0,0.0,0.0,0.0,4,0.9995638233499499,True,0.0,0.0,0.0,0.0,0.0,0.0,0.0
63183_aq2_5,답은 맞으나 근거가 미흡함,3,P2_few-shot_cot_v6,3,0.9990847943312428,True,0.0,0.0,0.0,0.0,0.0,0.0,0.0,3,0.999285439499818,True,0.0,0.0,0.0,0.0,0.0,0.0,0.0,3,0.9975137618500999,True,0.0,0.0,0.0,0.0,0.0,0.0,0.0
63183_aq3_5,답은 틀렷으나 생각은 좋았다 ,2,P2_few-shot_cot_v6,2,0.99965255862792,True,0.0,0.0,0.0,0.0,0.0,0.0,0.0,2,0.9992790107739955,True,0.0,0.0,0.0,0.0,0.0,0.0,0.0,2,0.999900991451289,True,0.0,0.0,0.0,0.0,0.0,0.0,0.0
63183_aq4_3,답은 맞았으나 거기에 상응하는 근거가 정확하게 답변하지 않음.,3,P2_few-shot_cot_v6,4,0.9999714363225806,True,0.0,0.0,0.0,0.0,0.0,0.0,0.0,4,0.9999632115396277,True,0.0,0.0,0.0,0.0,0.0,0.0,0.0,4,0.9999634499385507,True,0.0,0.0,0.0,0.0,0.0,0.0,0.0
63183_bq1_1,다틀림,2,P2_few-shot_cot_v6,2,0.9990762232833953,True,0.0,0.0,0.0,0.0,0.0,0.0,0.0,2,0.9968016291504987,True,0.0,0.0,0.0,0.0,0.0,0.0,0.0,2,0.9988202304442879,True,0.0,0.0,0.0,0.0,0.0,0.0,0.0
63183_bq1_2,이유와 결론을 잘 말함,3,P2_few-shot_cot_v6,3,0.9988191589432901,True,0.0,0.0,0.0,0.0,0.0,0.0,0.0,3,0.9997918323372704,True,0.0,0.0,0.0,0.0,0.0,0.0,0.0,3,0.9998729890842577,True,0.0,0.0,0.0,0.0,0.0,0.0,0.0
63183_bq2_2,판단이유와 결론을 잘말했다 ,3,P2_few-shot_cot_v6,3,0.9909928183045056,True,0.0,0.0,0.0,0.0,0.0,0.0,0.0,3,0.996813474888533,True,0.0,0.0,0.0,0.0,0.0,0.0,0.0,3,0.9975145940085434,True,0.0,0.0,0.0,0.0,0.0,0.0,0.0
63183_bq2_5,판단이유와 결론을 잘말함,3,P2_few-shot_cot_v6,3,0.9990795542274612,True,0.0,0.0,0.0,0.0,0.0,0.0,0.0,3,0.9968061225769932,True,0.0,0.0,0.0,0.0,0.0,0.0,0.0,3,0.99928448656558,True,0.0,0.0,0.0,0.0,0.0,0.0,0.0
63183_bq3_5,결론을 잘도출함,3,P2_few-shot_cot_v6,3,0.9998385478647043,True,0.0,0.0,0.0,0.0,0.0,0.0,0.0,3,0.996818447169735,True,0.0,0.0,0.0,0.0,0.0,0.0,0.0,3,0.9994400947411594,True,0.0,0.0,0.0,0.0,0.0,0.0,0.0
64135_aq1_1,늑대의 유무에 대한 판단 근거가 없음,4,P2_few-shot_cot_v6,3,0.9972622386535444,True,0.0,0.0,0.0,0.0,0.0,0.0,0.0,4,0.999284843821293,True,0.0,0.0,0.0,0.0,0.0,0.0,0.0,4,0.998819516148921,True,0.0,0.0,0.0,0.0,0.0,0.0,0.0
64135_aq3_1,결론이 틀렸으나 판단 근거가 적절함,3,P2_few-shot_cot_v6,4,0.9984865231721045,True,0.0,0.0,0.0,0.0,0.0,0.0,0.0,4,0.9984865231721045,True,0.0,0.0,0.0,0.0,0.0,0.0,0.0,4,0.9984865231721045,True,0.0,0.0,0.0,0.0,0.0,0.0,0.0
64135_aq3_5,결론이 틀리고 판단 근거가 일부 미흡함,3,P2_few-shot_cot_v6,3,0.999874657730981,True,0.0,0.0,0.0,0.0,0.0,0.0,0.0,3,0.9988237986729901,True,0.0,0.0,0.0,0.0,0.0,0.0,0.0,3,0.9990692041335255,True,0.0,0.0,0.0,0.0,0.0,0.0,0.0
64135_aq4_5,결론이 맞고 판단 근거 또한 적절하기 때문이다,3,P2_few-shot_cot_v6,3,0.9947485307490725,True,0.0,0.0,0.0,0.0,0.0,0.0,0.0,3,0.9975223048035826,True,0.0,0.0,0.0,0.0,0.0,0.0,0.0,3,0.9996611383441607,True,0.0,0.0,0.0,0.0,0.0,0.0,0.0
64135_bq1_2,아버지 생각이 맞을 경우라고 가정했기 때문에 답 자체가 잘못 되었다.,5,P2_few-shot_cot_v6,2,0.9999710787231805,True,0.0,0.0,0.0,0.0,0.0,0.0,0.0,2,0.9999710787231805,True,0.0,0.0,0.0,0.0,0.0,0.0,0.0,2,0.9990726504310881,True,0.0,0.0,0.0,0.0,0.0,0.0,0.0
64135_bq1_3,결론을 정확하게 말함,3,P2_few-shot_cot_v6,3,0.9959226916682945,True,0.0,0.0,0.0,0.0,0.0,0.0,0.0,3,0.9959216305799333,True,0.0,0.0,0.0,0.0,0.0,0.0,0.0,3,0.9959215113930683,True,0.0,0.0,0.0,0.0,0.0,0.0,0.0
65597_aq3_2,수치를 통해 결론을 내렸는데  자신이  왜 이런 방법이 옳다고 생각하는지 써주면 더 좋은 결론이 도출될거라고 생각한다.,6,P2_few-shot_cot_v6,6,0.9992824651823563,True,0.0,0.0,0.0,0.0,0.0,0.0,0.0,6,0.999565253151218,True,0.0,0.0,0.0,0.0,0.0,0.0,0.0,6,0.9980617039879761,True,0.0,0.0,0.0,0.0,0.0,0.0,0.0
65597_aq4_4,문제를 너정확하게 인식하고 자신의 생각과 합쳐서 결론을 잘 낸거 같다.,5,P2_few-shot_cot_v6,1,0.9999627347419524,True,0.0,0.0,0.0,0.0,0.0,0.0,0.0,1,0.9999768003489373,True,0.0,0.0,0.0,0.0,0.0,0.0,0.0,1,0.999658993422744,True,0.0,0.0,0.0,0.0,0.0,0.0,0.0
65597_aq4_5,문제 외에 추가적인 정보를 통해 사람들의 생각을 이러한 방식으로 바꿔볼수 있는 좋은 결론인 거 같다.,5,P2_few-shot_cot_v6,1,0.9890008536489223,True,0.0,0.0,0.0,0.0,0.0,0.0,0.0,1,0.9914080058880219,True,0.0,0.0,0.0,0.0,0.0,0.0,0.0,1,0.9988229653060882,True,0.0,0.0,0.0,0.0,0.0,0.0,0.0
65597_bq1_2,결론이 조금 아쉬운 점이 있다.,1,P2_few-shot_cot_v6,4,0.9996567293084602,True,0.0,0.0,0.0,0.0,0.0,0.0,0.0,4,0.9995663255398752,True,0.0,0.0,0.0,0.0,0.0,0.0,0.0,4,0.9995663255398752,True,0.0,0.0,0.0,0.0,0.0,0.0,0.0
65597_bq3_5,자신의 생각을 잘 정리하면서 답을 잘 도출하였다.,5,P2_few-shot_cot_v6,1,0.9990843179887565,True,0.0,0.0,0.0,0.0,0.0,0.0,0.0,1,0.9992860350623659,True,0.0,0.0,0.0,0.0,0.0,0.0,0.0,1,0.9990843179887565,True,0.0,0.0,0.0,0.0,0.0,0.0,0.0
71626_aq1_2,똘똘하게 잘했다 근거도 잘 제시하고 해석도 잘함,3,P2_few-shot_cot_v6,1,0.9997369107246009,True,0.0,0.0,0.0,0.0,0.0,0.0,0.0,1,0.9913856340809355,True,0.0,0.0,0.0,0.0,0.0,0.0,0.0,5,0.9932888940251935,True,0.0,0.0,0.0,0.0,0.0,0.0,0.0
71626_aq4_5,정확했다 정석,1,P2_few-shot_cot_v6,2,0.9998386670547543,True,0.0,0.0,0.0,0.0,0.0,0.0,0.0,2,0.9890078547938236,True,0.0,0.0,0.0,0.0,0.0,0.0,0.0,2,0.996813237229709,True,0.0,0.0,0.0,0.0,0.0,0.0,0.0
71626_bq2_5,근거 명확,3,P2_few-shot_cot_v6,3,0.9932964250679084,True,0.0,0.0,0.0,0.0,0.0,0.0,0.0,3,0.9988198733546796,True,0.0,0.0,0.0,0.0,0.0,0.0,0.0,3,0.996810389041649,True,0.0,0.0,0.0,0.0,0.0,0.0,0.0
71626_bq3_2,결론 이상,3,P2_few-shot_cot_v6,1,0.9888841515585164,True,0.0,0.0,0.0,0.0,0.0,0.0,0.0,4,0.9889227354340167,True,0.0,0.0,0.0,0.0,0.0,0.0,0.0,1,0.9932136172635128,True,0.0,0.0,0.0,0.0,0.0,0.0,0.0
71626_bq4_4,결론 이상 근거 이상,3,P2_few-shot_cot_v6,3,0.9769363670931639,True,0.0,0.0,0.0,0.0,0.0,0.0,0.0,3,0.9769955323286111,True,0.0,0.0,0.0,0.0,0.0,0.0,0.0,3,0.9968019856346045,True,0.0,0.0,0.0,0.0,0.0,0.0,0.0
71626_bq4_5,이해안됨,1,P2_few-shot_cot_v6,1,0.9990831270463032,True,0.0,0.0,0.0,0.0,0.0,0.0,0.0,1,0.9975071213295603,True,0.0,0.0,0.0,0.0,0.0,0.0,0.0,1,0.9967962965255471,True,0.0,0.0,0.0,0.0,0.0,0.0,0.0
72079_aq1_5,결론과 판단 근거 모두 적절함,3,P2_few-shot_cot_v6,3,0.9980645556352304,True,0.0,0.0,0.0,0.0,0.0,0.0,0.0,3,0.9990768187212528,True,0.0,0.0,0.0,0.0,0.0,0.0,0.0,3,0.9980647935923921,True,0.0,0.0,0.0,0.0,0.0,0.0,0.0
72079_aq2_2,결론과 판단 근거 모두 적절,3,P2_few-shot_cot_v6,3,0.9947715403376621,True,0.0,0.0,0.0,0.0,0.0,0.0,0.0,3,0.9913753291851886,True,0.0,0.0,0.0,0.0,0.0,0.0,0.0,3,0.9990815788639442,True,0.0,0.0,0.0,0.0,0.0,0.0,0.0
72079_aq2_4,문항 답으로 적절하지 않고 근거도 미흡,3,P2_few-shot_cot_v6,3,0.9996610191752737,True,0.0,0.0,0.0,0.0,0.0,0.0,0.0,3,0.9984862851143949,True,0.0,0.0,0.0,0.0,0.0,0.0,0.0,3,0.9999019449879868,True,0.0,0.0,0.0,0.0,0.0,0.0,0.0
72079_aq3_1,문항 답으로 적절하지 않고 근거도 미흡,3,P2_few-shot_cot_v6,3,0.9980663292772549,True,0.0,0.0,0.0,0.0,0.0,0.0,0.0,3,0.9975183917999042,True,0.0,0.0,0.0,0.0,0.0,0.0,0.0,3,0.9980622950450251,True,0.0,0.0,0.0,0.0,0.0,0.0,0.0
72079_aq4_2,결론과 판단 근거 모두 적절,3,P2_few-shot_cot_v6,3,0.9980622950450251,True,0.0,0.0,0.0,0.0,0.0,0.0,0.0,3,0.9988211829939426,True,0.0,0.0,0.0,0.0,0.0,0.0,0.0,3,0.998060633068321,True,0.0,0.0,0.0,0.0,0.0,0.0,0.0
72079_aq4_4,결론과 판단 근거 모두 적절,3,P2_few-shot_cot_v6,3,0.9968174965300372,True,0.0,0.0,0.0,0.0,0.0,0.0,0.0,3,0.9959231665613537,True,0.0,0.0,0.0,0.0,0.0,0.0,0.0,3,0.9968174965300372,True,0.0,0.0,0.0,0.0,0.0,0.0,0.0
72079_bq3_1,답이 틀리지만 근거가 유사하다,3,P2_few-shot_cot_v6,2,0.9959044821946036,True,0.0,0.0,0.0,0.0,0.0,0.0,0.0,2,0.9998733466522176,True,0.0,0.0,0.0,0.0,0.0,0.0,0.0,2,0.9990822934048769,True,0.0,0.0,0.0,0.0,0.0,0.0,0.0
72079_bq3_3,적절함,1,P2_few-shot_cot_v6,1,0.9995657297811864,True,0.0,0.0,0.0,0.0,0.0,0.0,0.0,1,0.9914089449055743,True,0.0,0.0,0.0,0.0,0.0,0.0,0.0,1,0.9984943677168423,True,0.0,0.0,0.0,0.0,0.0,0.0,0.0
72079_bq4_5,적절함,1,P2_few-shot_cot_v6,1,0.9890030670038066,True,0.0,0.0,0.0,0.0,0.0,0.0,0.0,1,0.9890029500265414,True,0.0,0.0,0.0,0.0,0.0,0.0,0.0,1,0.999659946714118,True,0.0,0.0,0.0,0.0,0.0,0.0,0.0
73407_aq1_2,근거가 부족함,3,P2_few-shot_cot_v6,3,0.9974756846667171,True,0.0,0.0,0.0,0.0,0.0,0.0,0.0,3,0.9997309521369765,True,0.0,0.0,0.0,0.0,0.0,0.0,0.0,3,0.9994417626799871,True,0.0,0.0,0.0,0.0,0.0,0.0,0.0
73407_aq3_2,답안이 틀려다,2,P2_few-shot_cot_v6,2,0.999794096742999,True,0.0,0.0,0.0,0.0,0.0,0.0,0.0,2,0.9996613766819773,True,0.0,0.0,0.0,0.0,0.0,0.0,0.0,2,0.9997357190042349,True,0.0,0.0,0.0,0.0,0.0,0.0,0.0
73407_aq3_3,답이 틀렸다,2,P2_few-shot_cot_v6,2,0.9999680987198133,True,0.0,0.0,0.0,0.0,0.0,0.0,0.0,2,0.9984872373455743,True,0.0,0.0,0.0,0.0,0.0,0.0,0.0,2,0.9992867497495251,True,0.0,0.0,0.0,0.0,0.0,0.0,0.0
73407_aq4_3,근거는 적절하였으나 답안이 틀림,3,P2_few-shot_cot_v6,3,0.998816543276393,True,0.0,0.0,0.0,0.0,0.0,0.0,0.0,3,0.9996579209346677,True,0.0,0.0,0.0,0.0,0.0,0.0,0.0,3,0.9995620360794225,True,0.0,0.0,0.0,0.0,0.0,0.0,0.0
73407_bq1_3,답이  틀림.,2,P2_few-shot_cot_v6,2,0.9999508148921441,True,0.0,0.0,0.0,0.0,0.0,0.0,0.0,2,0.9990728886867518,True,0.0,0.0,0.0,0.0,0.0,0.0,0.0,2,0.9999616619498329,True,0.0,0.0,0.0,0.0,0.0,0.0,0.0
73407_bq2_2,가설이 옳고 그름을 잘 판단하여 서술함.,5,P2_few-shot_cot_v6,3,0.9932865406438718,True,0.0,0.0,0.0,0.0,0.0,0.0,0.0,3,0.9980536248878508,True,0.0,0.0,0.0,0.0,0.0,0.0,0.0,3,0.9980628900528778,True,0.0,0.0,0.0,0.0,0.0,0.0,0.0
73407_bq3_2,온도가 달라서 판단할 수 없다는 것을 잘 알고있음.,5,P2_few-shot_cot_v6,2,0.9990844371470498,True,0.0,0.0,0.0,0.0,0.0,0.0,0.0,2,0.9984899712956087,True,0.0,0.0,0.0,0.0,0.0,0.0,0.0,2,0.9988241558802802,True,0.0,0.0,0.0,0.0,0.0,0.0,0.0
73407_bq3_3,변인통제를 제대로 하지않은 것을 잘 알고 있음.,5,P2_few-shot_cot_v6,4,0.9997348848182815,True,0.0,0.0,0.0,0.0,0.0,0.0,0.0,4,0.9998386670547543,True,0.0,0.0,0.0,0.0,0.0,0.0,0.0,4,0.9998385478647043,True,0.0,0.0,0.0,0.0,0.0,0.0,0.0
73407_bq4_3,무게가 달라지는 것 뿐만아니라 무게가 감소한다라고 서술해야함.,6,P2_few-shot_cot_v6,6,0.9999709595228025,True,0.0,0.0,0.0,0.0,0.0,0.0,0.0,6,0.99997131712216,True,0.0,0.0,0.0,0.0,0.0,0.0,0.0,6,0.9999630923383687,True,0.0,0.0,0.0,0.0,0.0,0.0,0.0
73407_bq4_4,답은 맞으나 ㅋㅋ 한것이 기분이 나쁨,2,P2_few-shot_cot_v6,5,0.9995627509930682,True,0.0,0.0,0.0,0.0,0.0,0.0,0.0,5,0.9988214211314982,True,0.0,0.0,0.0,0.0,0.0,0.0,0.0,5,0.9998386670547543,True,0.0,0.0,0.0,0.0,0.0,0.0,0.0
73749_aq1_4,깊게 원인을 파악하지 못함,4,P2_few-shot_cot_v6,4,0.9984601406090976,True,0.0,0.0,0.0,0.0,0.0,0.0,0.0,4,0.9932285552373935,True,0.0,0.0,0.0,0.0,0.0,0.0,0.0,4,0.9979738474308529,True,0.0,0.0,0.0,0.0,0.0,0.0,0.0
73749_aq3_1,근거가 일부 맞음,3,P2_few-shot_cot_v6,3,0.9998387862448186,True,0.0,0.0,0.0,0.0,0.0,0.0,0.0,3,0.9984774884103668,True,0.0,0.0,0.0,0.0,0.0,0.0,0.0,3,0.9998743001625524,True,0.0,0.0,0.0,0.0,0.0,0.0,0.0
73749_aq3_3,결론이 정확하고 문제를 정확하게 파악하여 근거가 구체적임,3,P2_few-shot_cot_v6,3,0.9999891973194788,True,0.0,0.0,0.0,0.0,0.0,0.0,0.0,3,0.9990856170417217,True,0.0,0.0,0.0,0.0,0.0,0.0,0.0,3,0.9968207012292045,True,0.0,0.0,0.0,0.0,0.0,0.0,0.0
73749_aq3_5,근거가 구체적임,3,P2_few-shot_cot_v6,3,0.998491042327225,True,0.0,0.0,0.0,0.0,0.0,0.0,0.0,3,0.9999020641783191,True,0.0,0.0,0.0,0.0,0.0,0.0,0.0,3,0.9980645556352304,True,0.0,0.0,0.0,0.0,0.0,0.0,0.0
73749_bq2_3,간단하여 아쉽다.,1,P2_few-shot_cot_v6,1,0.9999231613819755,True,0.0,0.0,0.0,0.0,0.0,0.0,0.0,1,0.999661853299593,True,0.0,0.0,0.0,0.0,0.0,0.0,0.0,1,0.9994389033746082,True,0.0,0.0,0.0,0.0,0.0,0.0,0.0
73749_bq3_4,굳굳,1,P2_few-shot_cot_v6,1,0.9990851516318722,True,0.0,0.0,0.0,0.0,0.0,0.0,0.0,1,0.9992872261885266,True,0.0,0.0,0.0,0.0,0.0,0.0,0.0,1,0.9994441417562824,True,0.0,0.0,0.0,0.0,0.0,0.0,0.0
73749_bq4_3,무슨말인지 모르겠다.,1,P2_few-shot_cot_v6,1,0.9997918323372704,True,0.0,0.0,0.0,0.0,0.0,0.0,0.0,1,0.9959118132473982,True,0.0,0.0,0.0,0.0,0.0,0.0,0.0,1,0.9984902092379577,True,0.0,0.0,0.0,0.0,0.0,0.0,0.0
74154_aq3_2,결론과 판단 근거가 모두 미흡하다.,3,P2_few-shot_cot_v6,3,0.9984745202754529,True,0.0,0.0,0.0,0.0,0.0,0.0,0.0,3,0.9995563205123023,True,0.0,0.0,0.0,0.0,0.0,0.0,0.0,3,0.9999624963432,True,0.0,0.0,0.0,0.0,0.0,0.0,0.0
74154_aq3_3,결론과 판단 근거가 모두 미흡하다.,3,P2_few-shot_cot_v6,3,0.9984745202754529,True,0.0,0.0,0.0,0.0,0.0,0.0,0.0,3,0.9994347372387847,True,0.0,0.0,0.0,0.0,0.0,0.0,0.0,3,0.9997334547452723,True,0.0,0.0,0.0,0.0,0.0,0.0,0.0
74154_aq3_5,결론과 판단 근거가 모두 미흡하다.,3,P2_few-shot_cot_v6,3,0.9988242749494053,True,0.0,0.0,0.0,0.0,0.0,0.0,0.0,3,0.9988054851101109,True,0.0,0.0,0.0,0.0,0.0,0.0,0.0,3,0.9997329780644225,True,0.0,0.0,0.0,0.0,0.0,0.0,0.0
74154_aq4_1,답은 맞으나 근거가 타당하지 않음.,3,P2_few-shot_cot_v6,4,0.999658993422744,True,0.0,0.0,0.0,0.0,0.0,0.0,0.0,4,0.9997923090607312,True,0.0,0.0,0.0,0.0,0.0,0.0,0.0,4,0.9997923090607312,True,0.0,0.0,0.0,0.0,0.0,0.0,0.0
78009_bq3_1,자료를 잘 파악하였다,5,P2_few-shot_cot_v6,1,0.9997340506039283,True,0.0,0.0,0.0,0.0,0.0,0.0,0.0,1,0.993297364486467,True,0.0,0.0,0.0,0.0,0.0,0.0,0.0,1,0.9967925051967172,True,0.0,0.0,0.0,0.0,0.0,0.0,0.0
78009_bq3_2,자료를 잘 파악하였다,5,P2_few-shot_cot_v6,1,0.9997939775582622,True,0.0,0.0,0.0,0.0,0.0,0.0,0.0,1,0.9997939775582622,True,0.0,0.0,0.0,0.0,0.0,0.0,0.0,1,0.9859217155164611,True,0.0,0.0,0.0,0.0,0.0,0.0,0.0
78009_bq4_1,자료를 잘 파악함,5,P2_few-shot_cot_v6,1,0.9947113796762842,True,0.0,0.0,0.0,0.0,0.0,0.0,0.0,1,0.999443784327268,True,0.0,0.0,0.0,0.0,0.0,0.0,0.0,1,0.9996597084057361,True,0.0,0.0,0.0,0.0,0.0,0.0,0.0
78009_bq4_4,자료를 잘 제시함,5,P2_few-shot_cot_v6,1,0.9947365052742645,True,0.0,0.0,0.0,0.0,0.0,0.0,0.0,1,0.9932534958366424,True,0.0,0.0,0.0,0.0,0.0,0.0,0.0,1,0.9995615594803064,True,0.0,0.0,0.0,0.0,0.0,0.0,0.0
79326_aq2_1,근거가 자세하지 않음,3,P2_few-shot_cot_v6,3,0.9984677468932726,True,0.0,0.0,0.0,0.0,0.0,0.0,0.0,3,0.9988232034440687,True,0.0,0.0,0.0,0.0,0.0,0.0,0.0,3,0.9988096486229018,True,0.0,0.0,0.0,0.0,0.0,0.0,0.0
79326_aq3_4,근거가 정확함,3,P2_few-shot_cot_v6,3,0.9990693231737092,True,0.0,0.0,0.0,0.0,0.0,0.0,0.0,3,0.9999015874097997,True,0.0,0.0,0.0,0.0,0.0,0.0,0.0,3,0.999873465846416,True,0.0,0.0,0.0,0.0,0.0,0.0,0.0
79326_bq2_1,판단근거가 조금 부족하다,3,P2_few-shot_cot_v6,3,0.9959060181495766,True,0.0,0.0,0.0,0.0,0.0,0.0,0.0,3,0.9995622743936113,True,0.0,0.0,0.0,0.0,0.0,0.0,0.0,3,0.9959060181495766,True,0.0,0.0,0.0,0.0,0.0,0.0,0.0
79326_bq4_1,모두 적절하지 않다,1,P2_few-shot_cot_v6,2,0.9997942159132012,True,0.0,0.0,0.0,0.0,0.0,0.0,0.0,2,0.9997352423223055,True,0.0,0.0,0.0,0.0,0.0,0.0,0.0,2,0.9994439034702586,True,0.0,0.0,0.0,0.0,0.0,0.0,0.0
83966_aq1_5,눈과 먹이와는 관계가있음. 답변에대한 근거가 부실함.,5,P2_few-shot_cot_v6,4,0.9984745202754529,True,0.0,0.0,0.0,0.0,0.0,0.0,0.0,3,0.9999530796506731,True,0.0,0.0,0.0,0.0,0.0,0.0,0.0,3,0.9978667687210042,True,0.0,0.0,0.0,0.0,0.0,0.0,0.0
83966_aq2_3,.,0,P2_few-shot_cot_v6,0,0.995922928651033,True,0.0,0.0,0.0,0.0,0.0,0.0,0.0,0,0.9932911331653892,True,0.0,0.0,0.0,0.0,0.0,0.0,0.0,0,0.9932912511123893,True,0.0,0.0,0.0,0.0,0.0,0.0,0.0
83966_aq3_4,.,0,P2_few-shot_cot_v6,0,0.9819779090383016,True,0.0,0.0,0.0,0.0,0.0,0.0,0.0,0,0.9990843179887565,True,0.0,0.0,0.0,0.0,0.0,0.0,0.0,0,0.9819822750533479,True,0.0,0.0,0.0,0.0,0.0,0.0,0.0
83966_aq4_1,.,0,P2_few-shot_cot_v6,0,0.9995660872538118,True,0.0,0.0,0.0,0.0,0.0,0.0,0.0,0,0.999443784327268,True,0.0,0.0,0.0,0.0,0.0,0.0,0.0,0,0.9994352138065182,True,0.0,0.0,0.0,0.0,0.0,0.0,0.0
83966_aq4_3,.,0,P2_few-shot_cot_v6,0,0.9992857967558716,True,0.0,0.0,0.0,0.0,0.0,0.0,0.0,0,0.9913975899624118,True,0.0,0.0,0.0,0.0,0.0,0.0,0.0,0,0.9932908958838197,True,0.0,0.0,0.0,0.0,0.0,0.0,0.0
83966_bq2_1,.,0,P2_few-shot_cot_v6,0,0.9984934154788627,True,0.0,0.0,0.0,0.0,0.0,0.0,0.0,0,0.9984934154788627,True,0.0,0.0,0.0,0.0,0.0,0.0,0.0,0,0.9997347656406034,True,0.0,0.0,0.0,0.0,0.0,0.0,0.0
83966_bq3_4,.,0,P2_few-shot_cot_v6,0,0.9988248702952438,True,0.0,0.0,0.0,0.0,0.0,0.0,0.0,0,0.9889780037894885,True,0.0,0.0,0.0,0.0,0.0,0.0,0.0,0,0.9984935346248005,True,0.0,0.0,0.0,0.0,0.0,0.0,0.0
83966_bq4_1,.,0,P2_few-shot_cot_v6,0,0.9990846752892156,True,0.0,0.0,0.0,0.0,0.0,0.0,0.0,0,0.9997357190042349,True,0.0,0.0,0.0,0.0,0.0,0.0,0.0,0,0.9997358381820268,True,0.0,0.0,0.0,0.0,0.0,0.0,0.0
84484_aq1_5,근거가 명확하고 타당하기 때문이다,3,P2_few-shot_cot_v6,3,0.998491042327225,True,0.0,0.0,0.0,0.0,0.0,0.0,0.0,3,0.9988248702952438,True,0.0,0.0,0.0,0.0,0.0,0.0,0.0,3,0.9998744193568644,True,0.0,0.0,0.0,0.0,0.0,0.0,0.0
84484_aq3_2,문제가 요하는 답을 하지 못하였다,2,P2_few-shot_cot_v6,4,0.9997913556285857,True,0.0,0.0,0.0,0.0,0.0,0.0,0.0,4,0.999282941619315,True,0.0,0.0,0.0,0.0,0.0,0.0,0.0,4,0.9996611383441607,True,0.0,0.0,0.0,0.0,0.0,0.0,0.0
84484_aq4_1,잘못 추론하였다,1,P2_few-shot_cot_v6,2,0.9980647935923921,True,0.0,0.0,0.0,0.0,0.0,0.0,0.0,2,0.9996591125622956,True,0.0,0.0,0.0,0.0,0.0,0.0,0.0,2,0.9958690070242268,True,0.0,0.0,0.0,0.0,0.0,0.0,0.0
84484_aq4_3,정확한 근거이다.,3,P2_few-shot_cot_v6,2,0.9967901398010207,True,0.0,0.0,0.0,0.0,0.0,0.0,0.0,2,0.9914156260826855,True,0.0,0.0,0.0,0.0,0.0,0.0,0.0,2,0.9914156260826855,True,0.0,0.0,0.0,0.0,0.0,0.0,0.0
84484_bq1_3,모범 답안과 비슷하게 말하였다.,2,P2_few-shot_cot_v6,2,0.9947741381158047,True,0.0,0.0,0.0,0.0,0.0,0.0,0.0,2,0.9996625682846306,True,0.0,0.0,0.0,0.0,0.0,0.0,0.0,2,0.9959245838216739,True,0.0,0.0,0.0,0.0,0.0,0.0,0.0
84484_bq2_1,변인 통제를 잘 모르는것 같다.,4,P2_few-shot_cot_v6,4,0.9994091342738605,True,0.0,0.0,0.0,0.0,0.0,0.0,0.0,4,0.9988048897758269,True,0.0,0.0,0.0,0.0,0.0,0.0,0.0,4,0.9975147131538085,True,0.0,0.0,0.0,0.0,0.0,0.0,0.0
84484_bq3_5,이해하기 어렵게 써놨다.,4,P2_few-shot_cot_v6,4,0.9980622950450251,True,0.0,0.0,0.0,0.0,0.0,0.0,0.0,4,0.9975180350595916,True,0.0,0.0,0.0,0.0,0.0,0.0,0.0,4,0.9980425971274709,True,0.0,0.0,0.0,0.0,0.0,0.0,0.0
84785_aq1_3,내용이 완벽하다,1,P2_few-shot_cot_v6,1,0.9888510432364519,True,0.0,0.0,0.0,0.0,0.0,0.0,0.0,1,0.9947310797070327,True,0.0,0.0,0.0,0.0,0.0,0.0,0.0,1,0.9968131184003183,True,0.0,0.0,0.0,0.0,0.0,0.0,0.0
84785_aq2_4,간단하게 내용도 좋고 결론도 완벽하다,3,P2_few-shot_cot_v6,1,0.9999019449879868,True,0.0,0.0,0.0,0.0,0.0,0.0,0.0,1,0.9968030476609255,True,0.0,0.0,0.0,0.0,0.0,0.0,0.0,1,0.9980584916972154,True,0.0,0.0,0.0,0.0,0.0,0.0,0.0
84785_aq4_1,내용도 알차고 결론도 좋다,3,P2_few-shot_cot_v6,1,0.9997317863487444,True,0.0,0.0,0.0,0.0,0.0,0.0,0.0,1,0.9990839607465796,True,0.0,0.0,0.0,0.0,0.0,0.0,0.0,1,0.99928448656558,True,0.0,0.0,0.0,0.0,0.0,0.0,0.0
84785_aq4_5,내용과 판단이 완벽하다 결론도 너뮤 완벽해용,3,P2_few-shot_cot_v6,1,0.9995642999501453,True,0.0,0.0,0.0,0.0,0.0,0.0,0.0,1,0.9975221861219182,True,0.0,0.0,0.0,0.0,0.0,0.0,0.0,1,0.9958920680367817,True,0.0,0.0,0.0,0.0,0.0,0.0,0.0
86304_aq1_5,논리적이고 정연함,1,P2_few-shot_cot_v6,1,0.9984913994155122,True,0.0,0.0,0.0,0.0,0.0,0.0,0.0,1,0.9980643176781256,True,0.0,0.0,0.0,0.0,0.0,0.0,0.0,1,0.995662746289756,True,0.0,0.0,0.0,0.0,0.0,0.0,0.0
86304_aq2_1,논리적이고 정연함,1,P2_few-shot_cot_v6,1,0.9984913994155122,True,0.0,0.0,0.0,0.0,0.0,0.0,0.0,1,0.9996600658537832,True,0.0,0.0,0.0,0.0,0.0,0.0,0.0,1,0.9988221355445057,True,0.0,0.0,0.0,0.0,0.0,0.0,0.0
86304_aq2_4,결론틀림,3,P2_few-shot_cot_v6,2,0.9984842616261537,True,0.0,0.0,0.0,0.0,0.0,0.0,0.0,2,0.9813137016556313,True,0.0,0.0,0.0,0.0,0.0,0.0,0.0,2,0.9889889589085535,True,0.0,0.0,0.0,0.0,0.0,0.0,0.0
86304_aq2_5,논리적이고 정연함,1,P2_few-shot_cot_v6,1,0.9980643176781256,True,0.0,0.0,0.0,0.0,0.0,0.0,0.0,1,0.9980641986995945,True,0.0,0.0,0.0,0.0,0.0,0.0,0.0,1,0.9996629257918882,True,0.0,0.0,0.0,0.0,0.0,0.0,0.0
86304_aq3_2,결론 근거 틀림,3,P2_few-shot_cot_v6,2,0.9998740617885209,True,0.0,0.0,0.0,0.0,0.0,0.0,0.0,2,0.9994446182703249,True,0.0,0.0,0.0,0.0,0.0,0.0,0.0,2,0.9947729564223742,True,0.0,0.0,0.0,0.0,0.0,0.0,0.0
86304_aq3_3,결론 근거 틀림,3,P2_few-shot_cot_v6,2,0.9999000379155006,True,0.0,0.0,0.0,0.0,0.0,0.0,0.0,2,0.9999230421891283,True,0.0,0.0,0.0,0.0,0.0,0.0,0.0,2,0.9998993227678936,True,0.0,0.0,0.0,0.0,0.0,0.0,0.0
86304_aq4_1,논리적이고 정연함,1,P2_few-shot_cot_v6,1,0.9888813518132723,True,0.0,0.0,0.0,0.0,0.0,0.0,0.0,1,0.9975124575250055,True,0.0,0.0,0.0,0.0,0.0,0.0,0.0,1,0.9818048223341433,True,0.0,0.0,0.0,0.0,0.0,0.0,0.0
86304_bq1_1,굳,1,P2_few-shot_cot_v6,1,0.9997285687118707,True,0.0,0.0,0.0,0.0,0.0,0.0,0.0,1,0.9859191656473936,True,0.0,0.0,0.0,0.0,0.0,0.0,0.0,1,0.9995615594803064,True,0.0,0.0,0.0,0.0,0.0,0.0,0.0
86304_bq2_1,가설이 참인지 거짓인지만...,4,P2_few-shot_cot_v6,2,0.9998368792927925,True,0.0,0.0,0.0,0.0,0.0,0.0,0.0,2,0.98589750717669,True,0.0,0.0,0.0,0.0,0.0,0.0,0.0,2,0.9998368792927925,True,0.0,0.0,0.0,0.0,0.0,0.0,0.0
86304_bq3_2,굳,1,P2_few-shot_cot_v6,1,0.9975080689109289,True,0.0,0.0,0.0,0.0,0.0,0.0,0.0,1,0.9984861660855613,True,0.0,0.0,0.0,0.0,0.0,0.0,0.0,1,0.9932720717265953,True,0.0,0.0,0.0,0.0,0.0,0.0,0.0
86304_bq3_3,굳,1,P2_few-shot_cot_v6,1,0.985919049034886,True,0.0,0.0,0.0,0.0,0.0,0.0,0.0,1,0.9932923098607935,True,0.0,0.0,0.0,0.0,0.0,0.0,0.0,1,0.998491987239836,True,0.0,0.0,0.0,0.0,0.0,0.0,0.0
86304_bq4_3,굳,1,P2_few-shot_cot_v6,1,0.9988177338429302,True,0.0,0.0,0.0,0.0,0.0,0.0,0.0,1,0.999441047823788,True,0.0,0.0,0.0,0.0,0.0,0.0,0.0,1,0.9984861660855613,True,0.0,0.0,0.0,0.0,0.0,0.0,0.0
86304_bq4_5,굳,1,P2_few-shot_cot_v6,1,0.9996617341597147,True,0.0,0.0,0.0,0.0,0.0,0.0,0.0,1,0.999565253151218,True,0.0,0.0,0.0,0.0,0.0,0.0,0.0,1,0.9932720717265953,True,0.0,0.0,0.0,0.0,0.0,0.0,0.0
86423_aq1_1,종속변인 통제변인을 잘 파악하여 결론을 내렸다,5,P2_few-shot_cot_v6,3,0.9984940106274935,True,0.0,0.0,0.0,0.0,0.0,0.0,0.0,3,0.99882225461339,True,0.0,0.0,0.0,0.0,0.0,0.0,0.0,3,0.9975211158972923,True,0.0,0.0,0.0,0.0,0.0,0.0,0.0
86423_aq2_3,근거가 부족하다,3,P2_few-shot_cot_v6,3,0.9947716589236778,True,0.0,0.0,0.0,0.0,0.0,0.0,0.0,3,0.9984822455812857,True,0.0,0.0,0.0,0.0,0.0,0.0,0.0,3,0.9889937411038396,True,0.0,0.0,0.0,0.0,0.0,0.0,0.0
86423_aq3_4,근거가 부족하다,3,P2_few-shot_cot_v6,3,0.9997336930712344,True,0.0,0.0,0.0,0.0,0.0,0.0,0.0,3,0.9999529604542596,True,0.0,0.0,0.0,0.0,0.0,0.0,0.0,3,0.9999708403224388,True,0.0,0.0,0.0,0.0,0.0,0.0,0.0
86423_aq4_1,근거가 적절하다,3,P2_few-shot_cot_v6,3,0.9947315503262232,True,0.0,0.0,0.0,0.0,0.0,0.0,0.0,3,0.9947315503262232,True,0.0,0.0,0.0,0.0,0.0,0.0,0.0,3,0.998817019433071,True,0.0,0.0,0.0,0.0,0.0,0.0,0.0
86423_bq1_2,근거가 부족,3,P2_few-shot_cot_v6,3,0.9984915185612093,True,0.0,0.0,0.0,0.0,0.0,0.0,0.0,3,0.9913442784979423,True,0.0,0.0,0.0,0.0,0.0,0.0,0.0,3,0.998059205564533,True,0.0,0.0,0.0,0.0,0.0,0.0,0.0
86423_bq2_2,결과가 타당하다,5,P2_few-shot_cot_v6,2,0.9913980590044884,True,0.0,0.0,0.0,0.0,0.0,0.0,0.0,2,0.9932987821729754,True,0.0,0.0,0.0,0.0,0.0,0.0,0.0,2,0.9947017081369196,True,0.0,0.0,0.0,0.0,0.0,0.0,0.0
86423_bq2_5,조작변인을 통해 결과를 적절히 제시함,5,P2_few-shot_cot_v6,3,0.9999021833686657,True,0.0,0.0,0.0,0.0,0.0,0.0,0.0,3,0.9999528412542226,True,0.0,0.0,0.0,0.0,0.0,0.0,0.0,3,0.9999769195500116,True,0.0,0.0,0.0,0.0,0.0,0.0,0.0
86423_bq3_4,결과에 적합하다,1,P2_few-shot_cot_v6,1,0.9997938583880884,True,0.0,0.0,0.0,0.0,0.0,0.0,0.0,1,0.9819904382914967,True,0.0,0.0,0.0,0.0,0.0,0.0,0.0,1,0.99979266658529,True,0.0,0.0,0.0,0.0,0.0,0.0,0.0
89140_aq1_4,다른 변인도 비교했으면 좋았을듯,6,P2_few-shot_cot_v6,4,0.9947486493323453,True,0.0,0.0,0.0,0.0,0.0,0.0,0.0,4,0.9975103245298081,True,0.0,0.0,0.0,0.0,0.0,0.0,0.0,4,0.9968129993388531,True,0.0,0.0,0.0,0.0,0.0,0.0,0.0
89140_aq2_2,변인을 적확히 서술함,5,P2_few-shot_cot_v6,3,0.9706439001351108,True,0.0,0.0,0.0,0.0,0.0,0.0,0.0,3,0.9913987607213952,True,0.0,0.0,0.0,0.0,0.0,0.0,0.0,3,0.9997915939828996,True,0.0,0.0,0.0,0.0,0.0,0.0,0.0
89140_aq3_1,돼지기름과 크러스트의 관계를 지 멋대로 판단함 뇌피셜을 하는게 아니라 정확한 근거를 들어야함,5,P2_few-shot_cot_v6,5,0.9968128807415794,True,0.0,0.0,0.0,0.0,0.0,0.0,0.0,5,0.9997372682584454,True,0.0,0.0,0.0,0.0,0.0,0.0,0.0,5,0.9997372682584454,True,0.0,0.0,0.0,0.0,0.0,0.0,0.0
89140_aq4_2,깔끔하고 좋았다,1,P2_few-shot_cot_v6,1,0.9947590365407389,True,0.0,0.0,0.0,0.0,0.0,0.0,0.0,1,0.9994380693781447,True,0.0,0.0,0.0,0.0,0.0,0.0,0.0,1,0.9975162550759799,True,0.0,0.0,0.0,0.0,0.0,0.0,0.0
89140_aq4_3,서술에가 빠져 잘못 해석될 수 있음,4,P2_few-shot_cot_v6,4,0.9999390143791609,True,0.0,0.0,0.0,0.0,0.0,0.0,0.0,4,0.9994430731346632,True,0.0,0.0,0.0,0.0,0.0,0.0,0.0,4,0.9999518876726264,True,0.0,0.0,0.0,0.0,0.0,0.0,0.0
89140_bq1_2,판단과 결론이 옳지 않다,3,P2_few-shot_cot_v6,2,0.9992847247554298,True,0.0,0.0,0.0,0.0,0.0,0.0,0.0,2,0.997515304003053,True,0.0,0.0,0.0,0.0,0.0,0.0,0.0,2,0.9980516022764198,True,0.0,0.0,0.0,0.0,0.0,0.0,0.0
89140_bq2_4,쓴게 없다,1,P2_few-shot_cot_v6,0,0.9947028897457141,True,0.0,0.0,0.0,0.0,0.0,0.0,0.0,0,0.976925214302647,True,0.0,0.0,0.0,0.0,0.0,0.0,0.0,0,0.9959243500848854,True,0.0,0.0,0.0,0.0,0.0,0.0,0.0
89140_bq3_2,똑바르게 판단함,1,P2_few-shot_cot_v6,2,0.9959160691597759,True,0.0,0.0,0.0,0.0,0.0,0.0,0.0,2,0.9959159536836525,True,0.0,0.0,0.0,0.0,0.0,0.0,0.0,1,0.9958667732025018,True,0.0,0.0,0.0,0.0,0.0,0.0,0.0
89140_bq4_2,옳게 판단했다,1,P2_few-shot_cot_v6,2,0.9959054282535459,True,0.0,0.0,0.0,0.0,0.0,0.0,0.0,2,0.9932878320426802,True,0.0,0.0,0.0,0.0,0.0,0.0,0.0,2,0.9988220164756356,True,0.0,0.0,0.0,0.0,0.0,0.0,0.0
91779_aq1_2,답 맞음,2,P2_few-shot_cot_v6,2,0.9999509340883018,True,0.0,0.0,0.0,0.0,0.0,0.0,0.0,2,0.999790640551436,True,0.0,0.0,0.0,0.0,0.0,0.0,0.0,2,0.997515304003053,True,0.0,0.0,0.0,0.0,0.0,0.0,0.0
91779_aq1_5,늑대 언급 부족,4,P2_few-shot_cot_v6,4,0.9980645556352304,True,0.0,0.0,0.0,0.0,0.0,0.0,0.0,4,0.9856029347694972,True,0.0,0.0,0.0,0.0,0.0,0.0,0.0,4,0.9975155418292627,True,0.0,0.0,0.0,0.0,0.0,0.0,0.0
91779_aq3_4,응 틀림,2,P2_few-shot_cot_v6,2,0.9996617341597147,True,0.0,0.0,0.0,0.0,0.0,0.0,0.0,2,0.9997357190042349,True,0.0,0.0,0.0,0.0,0.0,0.0,0.0,2,0.9997943350979664,True,0.0,0.0,0.0,0.0,0.0,0.0,0.0
91779_aq4_2,답 맞음,2,P2_few-shot_cot_v6,2,0.9913966518789243,True,0.0,0.0,0.0,0.0,0.0,0.0,0.0,2,0.9994421200501032,True,0.0,0.0,0.0,0.0,0.0,0.0,0.0,2,0.9994421200501032,True,0.0,0.0,0.0,0.0,0.0,0.0,0.0
91779_bq1_4,답이다,2,P2_few-shot_cot_v6,2,0.9992862732525848,True,0.0,0.0,0.0,0.0,0.0,0.0,0.0,2,0.9980647935923921,True,0.0,0.0,0.0,0.0,0.0,0.0,0.0,2,0.9819967596804977,True,0.0,0.0,0.0,0.0,0.0,0.0,0.0
91779_bq3_2,맞음,2,P2_few-shot_cot_v6,2,0.9889879079708166,True,0.0,0.0,0.0,0.0,0.0,0.0,0.0,2,0.9525615572687942,True,0.0,0.0,0.0,0.0,0.0,0.0,0.0,2,0.991374272941735,True,0.0,0.0,0.0,0.0,0.0,0.0,0.0
91779_bq3_3,맞음,2,P2_few-shot_cot_v6,2,0.9889652877508318,True,0.0,0.0,0.0,0.0,0.0,0.0,0.0,2,0.9913750965160795,True,0.0,0.0,0.0,0.0,0.0,0.0,0.0,2,0.9889733358808882,True,0.0,0.0,0.0,0.0,0.0,0.0,0.0
92420_aq1_2,눈에양에의해서 엘크수가 변화하는것이지 먹이 에따라서가아니다,5,P2_few-shot_cot_v6,4,0.9997365532199805,True,0.0,0.0,0.0,0.0,0.0,0.0,0.0,4,0.9998750152995377,True,0.0,0.0,0.0,0.0,0.0,0.0,0.0,4,0.9999233997749879,True,0.0,0.0,0.0,0.0,0.0,0.0,0.0
92420_aq2_2,조작변인과 통제변인을 더 명확히게 말해주었으면 좋았을듯하다,6,P2_few-shot_cot_v6,4,0.9990850325898026,True,0.0,0.0,0.0,0.0,0.0,0.0,0.0,4,0.999081340606208,True,0.0,0.0,0.0,0.0,0.0,0.0,0.0,4,0.9998748961051546,True,0.0,0.0,0.0,0.0,0.0,0.0,0.0
92420_aq3_1,객관성을 따져봐야한다,4,P2_few-shot_cot_v6,3,0.9975149507476253,True,0.0,0.0,0.0,0.0,0.0,0.0,0.0,3,0.9975115062234481,True,0.0,0.0,0.0,0.0,0.0,0.0,0.0,3,0.9975115062234481,True,0.0,0.0,0.0,0.0,0.0,0.0,0.0
92420_aq3_2,객관성을 따져봐야한다,4,P2_few-shot_cot_v6,3,0.9947629317718498,True,0.0,0.0,0.0,0.0,0.0,0.0,0.0,3,0.9980659723409846,True,0.0,0.0,0.0,0.0,0.0,0.0,0.0,3,0.9959128780353642,True,0.0,0.0,0.0,0.0,0.0,0.0,0.0
92420_aq4_4,대조실험에대한 판단을 잘못한것 같다,4,P2_few-shot_cot_v6,4,0.9988113081260092,True,0.0,0.0,0.0,0.0,0.0,0.0,0.0,4,0.9994352138065182,True,0.0,0.0,0.0,0.0,0.0,0.0,0.0,4,0.9992822268767134,True,0.0,0.0,0.0,0.0,0.0,0.0,0.0
92420_bq1_5,굿굿,1,P2_few-shot_cot_v6,1,0.9959096836748815,True,0.0,0.0,0.0,0.0,0.0,0.0,0.0,1,0.9947557347085451,True,0.0,0.0,0.0,0.0,0.0,0.0,0.0,1,0.995910392295196,True,0.0,0.0,0.0,0.0,0.0,0.0,0.0
92420_bq2_2,굿굿,1,P2_few-shot_cot_v6,1,0.9966198416524383,True,0.0,0.0,0.0,0.0,0.0,0.0,0.0,1,0.9958910032710648,True,0.0,0.0,0.0,0.0,0.0,0.0,0.0,1,0.995910392295196,True,0.0,0.0,0.0,0.0,0.0,0.0,0.0
92420_bq3_4,변인을 정확하게 확정하지 못해서 입니다. 무슨소리인지 근거를 잘모르겠네요,4,P2_few-shot_cot_v6,4,0.9999760851446095,True,0.0,0.0,0.0,0.0,0.0,0.0,0.0,4,0.9766962399382774,True,0.0,0.0,0.0,0.0,0.0,0.0,0.0,4,0.9889529366051488,True,0.0,0.0,0.0,0.0,0.0,0.0,0.0
92420_bq3_5,굿굿,1,P2_few-shot_cot_v6,1,0.9988192780118195,True,0.0,0.0,0.0,0.0,0.0,0.0,0.0,1,0.9967970060087987,True,0.0,0.0,0.0,0.0,0.0,0.0,0.0,1,0.9992682939187084,True,0.0,0.0,0.0,0.0,0.0,0.0,0.0
92420_bq4_2,굿굿,1,P2_few-shot_cot_v6,1,0.998061941828268,True,0.0,0.0,0.0,0.0,0.0,0.0,0.0,1,0.9988192780118195,True,0.0,0.0,0.0,0.0,0.0,0.0,0.0,1,0.9965625410512206,True,0.0,0.0,0.0,0.0,0.0,0.0,0.0
92877_aq1_4,날씨와 먹이와 연관시키는것은 좋은 접근이였으나 모범 답과는 어긋납니다. 두번째 문장도 너무 개인적인 생각이 담겨있습니다. 1점 드립니다.,5,P2_few-shot_cot_v6,5,0.9997946926377986,True,0.0,0.0,0.0,0.0,0.0,0.0,0.0,2,0.9968192752667732,True,0.0,0.0,0.0,0.0,0.0,0.0,0.0,5,0.9996619724685795,True,0.0,0.0,0.0,0.0,0.0,0.0,0.0
92877_aq2_1,짝짝,1,P2_few-shot_cot_v6,1,0.9984932965654191,True,0.0,0.0,0.0,0.0,0.0,0.0,0.0,1,0.9968182095097256,True,0.0,0.0,0.0,0.0,0.0,0.0,0.0,1,0.9984932965654191,True,0.0,0.0,0.0,0.0,0.0,0.0,0.0
92877_aq2_2,1번과 3번을 비교할 필요가 없습니다. 1번과 2번만 봐도 답이 나오고 2번은 말이 안됩니다. 시간의 변화를 봐야하는데 무게의 변화를 왜봐? 1번과 2번이 무게가같습니다,5,P2_few-shot_cot_v6,5,0.9980641986995945,True,0.0,0.0,0.0,0.0,0.0,0.0,0.0,5,0.9999231613819755,True,0.0,0.0,0.0,0.0,0.0,0.0,0.0,5,0.9999020641783191,True,0.0,0.0,0.0,0.0,0.0,0.0,0.0
92877_aq2_5,물리 다시 배우세요. 줄을 같게 해야죠. 질량에 따른 시간을 구하는게 아닙니다,5,P2_few-shot_cot_v6,5,0.9996609000354949,True,0.0,0.0,0.0,0.0,0.0,0.0,0.0,5,0.998050315605817,True,0.0,0.0,0.0,0.0,0.0,0.0,0.0,5,0.9999028985255938,True,0.0,0.0,0.0,0.0,0.0,0.0,0.0
92877_aq3_4,"판단 근거 부족, 답변 오답",3,P2_few-shot_cot_v6,3,0.9995646574222594,True,0.0,0.0,0.0,0.0,0.0,0.0,0.0,4,0.9997279728564821,True,0.0,0.0,0.0,0.0,0.0,0.0,0.0,3,0.9980589676087037,True,0.0,0.0,0.0,0.0,0.0,0.0,0.0
92877_aq4_1,굿모닝,0,P2_few-shot_cot_v6,1,0.9398230167945181,True,0.0,0.0,0.0,0.0,0.0,0.0,0.0,1,0.9525013222259825,True,0.0,0.0,0.0,0.0,0.0,0.0,0.0,1,0.9626352138930754,True,0.0,0.0,0.0,0.0,0.0,0.0,0.0
92877_aq4_4,"오답, 근거도 이상함",3,P2_few-shot_cot_v6,4,0.9995557247304856,True,0.0,0.0,0.0,0.0,0.0,0.0,0.0,4,0.999659946714118,True,0.0,0.0,0.0,0.0,0.0,0.0,0.0,4,0.9990772951183173,True,0.0,0.0,0.0,0.0,0.0,0.0,0.0
92877_bq1_2,궅,1,P2_few-shot_cot_v6,0,0.9980689465814231,True,0.0,0.0,0.0,0.0,0.0,0.0,0.0,0,0.9975220669757605,True,0.0,0.0,0.0,0.0,0.0,0.0,0.0,0,0.9959232848208911,True,0.0,0.0,0.0,0.0,0.0,0.0,0.0
92877_bq2_4,굿,1,P2_few-shot_cot_v6,1,0.9992847247554298,True,0.0,0.0,0.0,0.0,0.0,0.0,0.0,1,0.9992865115591927,True,0.0,0.0,0.0,0.0,0.0,0.0,0.0,1,0.9769802898363096,True,0.0,0.0,0.0,0.0,0.0,0.0,0.0
92877_bq3_2,땡,2,P2_few-shot_cot_v6,0,0.9947680012927637,True,0.0,0.0,0.0,0.0,0.0,0.0,0.0,0,0.9988260609879852,True,0.0,0.0,0.0,0.0,0.0,0.0,0.0,0,0.9959207990547481,True,0.0,0.0,0.0,0.0,0.0,0.0,0.0
92877_bq4_2,굿,1,P2_few-shot_cot_v6,1,0.9975154229161507,True,0.0,0.0,0.0,0.0,0.0,0.0,0.0,1,0.9990849134895927,True,0.0,0.0,0.0,0.0,0.0,0.0,0.0,1,0.9980614660315511,True,0.0,0.0,0.0,0.0,0.0,0.0,0.0
93938_aq1_3,결론과 판단 근거 모두 적절하다,3,P2_few-shot_cot_v6,3,0.9998744193568644,True,0.0,0.0,0.0,0.0,0.0,0.0,0.0,3,0.9999408023273834,True,0.0,0.0,0.0,0.0,0.0,0.0,0.0,3,0.9990803878666019,True,0.0,0.0,0.0,0.0,0.0,0.0,0.0
93938_aq1_4,조작변인과 통제변인의 차이점을 구별하지 못하였다,4,P2_few-shot_cot_v6,4,0.9994444991272492,True,0.0,0.0,0.0,0.0,0.0,0.0,0.0,4,0.9996588742250189,True,0.0,0.0,0.0,0.0,0.0,0.0,0.0,4,0.9997342889591284,True,0.0,0.0,0.0,0.0,0.0,0.0,0.0
93938_aq2_3,결론과 판단 근거 모두 적절함,3,P2_few-shot_cot_v6,3,0.9990768187212528,True,0.0,0.0,0.0,0.0,0.0,0.0,0.0,3,0.9999962302845802,True,0.0,0.0,0.0,0.0,0.0,0.0,0.0,3,0.9999759659436347,True,0.0,0.0,0.0,0.0,0.0,0.0,0.0
93938_aq4_1,결론과 판단 근거 모두 적절함,3,P2_few-shot_cot_v6,3,0.9992850821275601,True,0.0,0.0,0.0,0.0,0.0,0.0,0.0,3,0.9968075480564347,True,0.0,0.0,0.0,0.0,0.0,0.0,0.0,3,0.9975186296268501,True,0.0,0.0,0.0,0.0,0.0,0.0,0.0
93938_aq4_4,결론을 말하지 않았다,3,P2_few-shot_cot_v6,4,0.9996555376836731,True,0.0,0.0,0.0,0.0,0.0,0.0,0.0,4,0.9984853328841234,True,0.0,0.0,0.0,0.0,0.0,0.0,0.0,4,0.9998393821662539,True,0.0,0.0,0.0,0.0,0.0,0.0,0.0
93938_aq4_5,결론을 말하지 않았다. 해석도 잘못함,3,P2_few-shot_cot_v6,4,0.9984734490290837,True,0.0,0.0,0.0,0.0,0.0,0.0,0.0,4,0.9999523644651297,True,0.0,0.0,0.0,0.0,0.0,0.0,0.0,4,0.9995646574222594,True,0.0,0.0,0.0,0.0,0.0,0.0,0.0
93938_bq1_5,아이들이 뛰어다니지 않는다는 것은 아이들 스스로의 판단으로 안뛴다는 뜻과 에너지가 없어서 못뛴다는 뜻이 둘 다 있기 때문에 적절하지 않다.,5,P2_few-shot_cot_v6,5,0.9967894268414093,True,0.0,0.0,0.0,0.0,0.0,0.0,0.0,5,0.9994417626799871,True,0.0,0.0,0.0,0.0,0.0,0.0,0.0,5,0.9998392629761186,True,0.0,0.0,0.0,0.0,0.0,0.0,0.0
93938_bq3_5,지문의 이해를 하지 못한 것 같습니다..,4,P2_few-shot_cot_v6,4,0.9984821266691724,True,0.0,0.0,0.0,0.0,0.0,0.0,0.0,4,0.9984824836380324,True,0.0,0.0,0.0,0.0,0.0,0.0,0.0,4,0.9980452071657637,True,0.0,0.0,0.0,0.0,0.0,0.0,0.0
93938_bq4_1,결론과 판단 근거 모두 적절하다,3,P2_few-shot_cot_v6,3,0.9990803878666019,True,0.0,0.0,0.0,0.0,0.0,0.0,0.0,3,0.9995648957370732,True,0.0,0.0,0.0,0.0,0.0,0.0,0.0,3,0.9988218974067797,True,0.0,0.0,0.0,0.0,0.0,0.0,0.0
93938_bq4_5,틀림 ㅅㄱ,2,P2_few-shot_cot_v6,2,0.9996524394600558,True,0.0,0.0,0.0,0.0,0.0,0.0,0.0,2,0.9996547035646236,True,0.0,0.0,0.0,0.0,0.0,0.0,0.0,2,0.9996524394600558,True,0.0,0.0,0.0,0.0,0.0,0.0,0.0
94001_aq3_4,근거가 애매함,3,P2_few-shot_cot_v6,3,0.9968137053526616,True,0.0,0.0,0.0,0.0,0.0,0.0,0.0,3,0.9932667878167615,True,0.0,0.0,0.0,0.0,0.0,0.0,0.0,3,0.9980529110245248,True,0.0,0.0,0.0,0.0,0.0,0.0,0.0
94001_aq4_3,근거와 결론이 적절함,3,P2_few-shot_cot_v6,3,0.9988229653060882,True,0.0,0.0,0.0,0.0,0.0,0.0,0.0,3,0.9980615848935669,True,0.0,0.0,0.0,0.0,0.0,0.0,0.0,3,0.9980627710745169,True,0.0,0.0,0.0,0.0,0.0,0.0,0.0
94001_bq1_4,모두 적절함,1,P2_few-shot_cot_v6,3,0.9995640616354736,True,0.0,0.0,0.0,0.0,0.0,0.0,0.0,3,0.9995638233499499,True,0.0,0.0,0.0,0.0,0.0,0.0,0.0,3,0.9995640616354736,True,0.0,0.0,0.0,0.0,0.0,0.0,0.0
94001_bq1_5,모두 적절함,1,P2_few-shot_cot_v6,1,0.999282107811162,True,0.0,0.0,0.0,0.0,0.0,0.0,0.0,1,0.9913172171551704,True,0.0,0.0,0.0,0.0,0.0,0.0,0.0,1,0.9995663255398752,True,0.0,0.0,0.0,0.0,0.0,0.0,0.0
94001_bq2_5,둘 다 환경을 일정하나 환경 자체가 다름,4,P2_few-shot_cot_v6,4,0.9995617977943816,True,0.0,0.0,0.0,0.0,0.0,0.0,0.0,4,0.9980689465814231,True,0.0,0.0,0.0,0.0,0.0,0.0,0.0,4,0.9995617977943816,True,0.0,0.0,0.0,0.0,0.0,0.0,0.0
94001_bq4_3,모두 적절함,1,P2_few-shot_cot_v6,3,0.9959215113930683,True,0.0,0.0,0.0,0.0,0.0,0.0,0.0,3,0.9959215113930683,True,0.0,0.0,0.0,0.0,0.0,0.0,0.0,1,0.9984908043846774,True,0.0,0.0,0.0,0.0,0.0,0.0,0.0
94001_bq4_4,모두 적절함,1,P2_few-shot_cot_v6,1,0.9984900902086564,True,0.0,0.0,0.0,0.0,0.0,0.0,0.0,1,0.9992863924349648,True,0.0,0.0,0.0,0.0,0.0,0.0,0.0,1,0.9994418817645615,True,0.0,0.0,0.0,0.0,0.0,0.0,0.0
94318_aq2_5,답과 근거가 모두 타당하지 않음,3,P2_few-shot_cot_v6,3,0.9996624491155732,True,0.0,0.0,0.0,0.0,0.0,0.0,0.0,3,0.9999635691362145,True,0.0,0.0,0.0,0.0,0.0,0.0,0.0,3,0.9980345216676069,True,0.0,0.0,0.0,0.0,0.0,0.0,0.0
94318_aq4_2,답과 근거가 모두 타당함,3,P2_few-shot_cot_v6,3,0.9980639607425748,True,0.0,0.0,0.0,0.0,0.0,0.0,0.0,3,0.9959171334885322,True,0.0,0.0,0.0,0.0,0.0,0.0,0.0,3,0.9999816875973553,True,0.0,0.0,0.0,0.0,0.0,0.0,0.0
94318_bq2_3,답은 맞지만 근거 부족,3,P2_few-shot_cot_v6,3,0.9997939775582622,True,0.0,0.0,0.0,0.0,0.0,0.0,0.0,3,0.999565253151218,True,0.0,0.0,0.0,0.0,0.0,0.0,0.0,3,0.9994423583357018,True,0.0,0.0,0.0,0.0,0.0,0.0,0.0
94318_bq2_4,다틀림,2,P2_few-shot_cot_v6,2,0.9968114585037474,True,0.0,0.0,0.0,0.0,0.0,0.0,0.0,2,0.9975117440487523,True,0.0,0.0,0.0,0.0,0.0,0.0,0.0,2,0.9980602763664669,True,0.0,0.0,0.0,0.0,0.0,0.0,0.0
94318_bq2_5,다맞음,2,P2_few-shot_cot_v6,2,0.999445333129078,True,0.0,0.0,0.0,0.0,0.0,0.0,0.0,2,0.9996616149907568,True,0.0,0.0,0.0,0.0,0.0,0.0,0.0,2,0.9990834843463364,True,0.0,0.0,0.0,0.0,0.0,0.0,0.0
94318_bq3_5,다맞음,2,P2_few-shot_cot_v6,2,0.9968153687343114,True,0.0,0.0,0.0,0.0,0.0,0.0,0.0,2,0.9959179608368129,True,0.0,0.0,0.0,0.0,0.0,0.0,0.0,2,0.9996616149907568,True,0.0,0.0,0.0,0.0,0.0,0.0,0.0
94318_bq4_3,근거부족,3,P2_few-shot_cot_v6,3,0.9984820076408345,True,0.0,0.0,0.0,0.0,0.0,0.0,0.0,3,0.9959254144224914,True,0.0,0.0,0.0,0.0,0.0,0.0,0.0,3,0.9975126953505365,True,0.0,0.0,0.0,0.0,0.0,0.0,0.0
94318_bq4_5,근거부족,3,P2_few-shot_cot_v6,3,0.9852374973356721,True,0.0,0.0,0.0,0.0,0.0,0.0,0.0,3,0.9980477019523355,True,0.0,0.0,0.0,0.0,0.0,0.0,0.0,3,0.9932284372978382,True,0.0,0.0,0.0,0.0,0.0,0.0,0.0
95847_aq1_5,눈의 영향이 컸다고 판단함,2,P2_few-shot_cot_v6,1,0.9992834143920459,True,0.0,0.0,0.0,0.0,0.0,0.0,0.0,1,0.9947672897794979,True,0.0,0.0,0.0,0.0,0.0,0.0,0.0,1,0.9947684719294222,True,0.0,0.0,0.0,0.0,0.0,0.0,0.0
95847_bq1_4,근거부족,3,P2_few-shot_cot_v6,3,0.9975022570927057,True,0.0,0.0,0.0,0.0,0.0,0.0,0.0,3,0.9995627509930682,True,0.0,0.0,0.0,0.0,0.0,0.0,0.0,3,0.99475962251519,True,0.0,0.0,0.0,0.0,0.0,0.0,0.0
95847_bq2_5,적합,1,P2_few-shot_cot_v6,1,0.9980437831696667,True,0.0,0.0,0.0,0.0,0.0,0.0,0.0,1,0.9980437831696667,True,0.0,0.0,0.0,0.0,0.0,0.0,0.0,1,0.9706359143858841,True,0.0,0.0,0.0,0.0,0.0,0.0,0.0
