Model,Accuracy_Mean,Accuracy_Std,F1_Macro_Mean,F1_Macro_Std,F1_Weighted_Mean,F1_Weighted_Std,Kappa_Mean,Kappa_Std
Soft Voting,0.8359497871726427,0.01485139190851896,0.7379265546560889,0.04278139804110033,0.8465718095050754,0.015869780737375293,0.7906796120102764,0.01908564473411499
Random Forest,0.8311160810908305,0.02220153106381376,0.7326748753950325,0.050848763744826435,0.8410115777326501,0.022210014919321175,0.7838469968365309,0.02835956646742838
Hard Voting,0.8257268595339442,0.02095055631805868,0.7285768044011618,0.04535880053281238,0.8395302978313104,0.020691034139267032,0.7781359735936219,0.026930538480043714
Stacking,0.8347377534088448,0.02170107043001848,0.7276273475942607,0.03218241800767041,0.8476140186065806,0.021952466372343295,0.7904646442919793,0.027865879922708687
SVM (RBF),0.8226967751244499,0.026783745640008606,0.7161581993643187,0.05914582744708715,0.8314779069569178,0.02749995553674643,0.7742952594488914,0.034813710300481616
Logistic Regression,0.8077158935141764,0.02851540922595889,0.7113832399476145,0.043634677986785386,0.8241043257085007,0.025391832492064153,0.7567323349460181,0.035880372674290666
SVM (Linear),0.822141259649376,0.02952846393182872,0.7070835318504418,0.04359773547348467,0.829973982375587,0.029326861425027263,0.7728961924851436,0.03729145808589384
Decision Tree,0.8094726210230142,0.021571247640407187,0.696247242912513,0.036551679701228364,0.8218877296261337,0.02290388883518356,0.7575604571595955,0.027437375066842875
XGBoost,0.8563848207200058,0.022823368439367234,0.6576227981360369,0.05683888921469045,0.8390123287570646,0.024926214080097406,0.8105392504435873,0.03030203374659269
Gradient Boosting,0.8533727725272346,0.016546939130046616,0.6564824741128075,0.029894696592284713,0.8338043833687226,0.016992892011075705,0.8060125567387899,0.022189185875525604
LightGBM,0.7662181660774835,0.010353460179249874,0.6536728137126742,0.041678336136033604,0.789173955612883,0.011793381193707708,0.7053395056381287,0.012885532862480342
KNN,0.7247492965875478,0.03280393559676678,0.5171685317179647,0.06177463889167774,0.7141674933225992,0.033574311350676796,0.6382554522349543,0.04111844462987483
Naive Bayes,0.7037407113483874,0.037089273488901606,0.4748849316955268,0.031543336574611065,0.6722303352463924,0.04052345196776611,0.5921657604036239,0.05406786237715776
