Train_Seed,Vectorization,Classifier,Test_Seed,Agreement_Rate,Disagreement_Count,CV_Acc_Mean,CV_Acc_Std,CV_F1_Mean,CV_F1_Std,Accuracy,F1_Macro,F1_Weighted,Kappa
42,V1_Word,LR,42,1.0,0,0.8089315345213188,0.02906130014390727,0.7120397463572776,0.04337366378543999,0.8173076923076923,0.7511437446455671,0.8307892680851678,0.769270065535008
42,V1_Word,SVM-L,42,1.0,0,0.8389690498521031,0.02399211933961593,0.7284552212537737,0.037312358561744426,0.84375,0.7823142766116756,0.8518880595506354,0.8009994186003724
42,V1_Word,SVM-RBF,42,1.0,0,0.8311413317942428,0.022488837530011845,0.730148664924233,0.03812272736130864,0.8245192307692307,0.7165176485747826,0.8305903529522947,0.7771728363356203
42,V1_Word,MNB,42,1.0,0,0.7049347088954621,0.03471938569893011,0.4725557788531499,0.02868032134412442,0.6826923076923077,0.4618552482896289,0.649868512954225,0.5628408340033915
42,V1_Word,CNB,42,1.0,0,0.8029074381357766,0.023498956450932282,0.6963544589426489,0.027620976270489535,0.7596153846153846,0.6565058713247013,0.7536625683658007,0.6915868449927345
42,V1_Word,KNN,42,1.0,0,0.7181732919702764,0.02697186191479304,0.5465692343756636,0.07255137616998247,0.7451923076923077,0.5525977723990213,0.7351845054790651,0.6635896183951541
42,V1_Word,DT,42,1.0,0,0.7950761128345718,0.017903773516435767,0.6778606389588335,0.05075891462394678,0.7932692307692307,0.6895524847106103,0.8057292737408848,0.7373081724061973
42,V1_Word,RF,42,1.0,0,0.8281184618714379,0.016025252753502826,0.7078362997770666,0.04639110953887435,0.8149038461538461,0.72321800410146,0.8273480045879589,0.763327250024013
42,V1_Word,GB,42,1.0,0,0.8527703628886805,0.017016107101635328,0.6510255110807318,0.042028643550847185,0.8581730769230769,0.6836470665618758,0.8408975389005727,0.8126969833408375
42,V1_Word,XGB,42,1.0,0,0.8605980809465408,0.017197248433286343,0.6689503278385106,0.05003433538412144,0.8581730769230769,0.6822077000519239,0.8407670536341905,0.8129082912178798
42,V1_Word,LGBM,42,1.0,0,0.781256763581271,0.019703191099391008,0.6810989478827105,0.048858355898800505,0.7740384615384616,0.6908683773827248,0.7951569116574461,0.7151577398512562
42,V1_Word,Hard Voting,42,1.0,0,0.8275521246663301,0.026037642182990598,0.7226302696989784,0.0457745347082129,0.8389423076923077,0.7744409114421795,0.8508034132999774,0.7950904639724748
42,V1_Word,Soft Voting,42,1.0,0,0.8419522400981169,0.021168545667155418,0.7455423145201137,0.04790273970498344,0.8461538461538461,0.7763799636097911,0.8542845282590756,0.8039657470197993
42,V1_Word,Stacking,42,1.0,0,0.8401305822090759,0.025208847631165703,0.7466400457590815,0.0434528001663766,0.8389423076923077,0.7551815304642046,0.850409306877322,0.7958424283265702
42,V2_Char,LR,42,1.0,0,0.7398023230647139,0.020947593503903142,0.6697283940772207,0.046893802232518704,0.7644230769230769,0.7151913519231348,0.7932855534700184,0.7045797101449276
42,V2_Char,SVM-L,42,1.0,0,0.7836844383522112,0.021854447707198056,0.6875743835598188,0.03852340092417252,0.7932692307692307,0.7369776842613864,0.8135564538733553,0.7384795321637427
42,V2_Char,SVM-RBF,42,1.0,0,0.7518396941057642,0.017516732453743408,0.6329524116818324,0.059849000565769916,0.7692307692307693,0.6616603165355277,0.7807867482767828,0.7075870956404586
42,V2_Char,MNB,42,1.0,0,0.6953286198686964,0.024570197002487998,0.4729852426949169,0.033149434337943116,0.6995192307692307,0.49737407449661664,0.6645281182525715,0.584186284544524
42,V2_Char,CNB,42,1.0,0,0.7614349614024961,0.024519440282467945,0.665607404946033,0.05210048716468793,0.7668269230769231,0.6939899257690191,0.7752897131154659,0.702377176743054
42,V2_Char,KNN,42,1.0,0,0.6069547651684581,0.037453307766819086,0.44675340347041226,0.052997093199439314,0.6658653846153846,0.49422562942885584,0.666263863716331,0.5605377757848897
42,V2_Char,DT,42,1.0,0,0.7325806218887527,0.027508172673357638,0.6510297153180072,0.042211987311673076,0.7451923076923077,0.6499498394171518,0.7718172705807158,0.6787972378427202
42,V2_Char,RF,42,1.0,0,0.7578277180578602,0.02831295979849606,0.6746941693472742,0.041304162702704095,0.7572115384615384,0.6824246984028424,0.7875335885849838,0.6932220591563898
42,V2_Char,GB,42,1.0,0,0.811903903037299,0.024183504982602556,0.659630227055335,0.05957843762355519,0.8149038461538461,0.6368724822666548,0.7941292503256125,0.7534008237422534
42,V2_Char,XGB,42,1.0,0,0.8209184041555442,0.019700365988712446,0.6402882886723009,0.041787915373632724,0.8197115384615384,0.6407517119620597,0.8055350008874996,0.7615499254843517
42,V2_Char,LGBM,42,1.0,0,0.660446576726066,0.03520680758502497,0.5706036404854178,0.05637387849907002,0.6682692307692307,0.5705308132426956,0.7033213405064036,0.5890122634823134
42,V2_Char,Hard Voting,42,1.0,0,0.7662578457542746,0.02392084778034383,0.6812457508824308,0.04903608041175289,0.7884615384615384,0.7333106661337104,0.8117920983380154,0.7328097743976761
42,V2_Char,Soft Voting,42,1.0,0,0.781873602193204,0.023677448790952908,0.6995654255985514,0.045583725616048246,0.7884615384615384,0.7349897887498222,0.808252214066945,0.7323722283550338
42,V2_Char,Stacking,42,1.0,0,0.7764555226895606,0.02673809581659518,0.6915373114468306,0.052085763622275176,0.7980769230769231,0.73245811775557,0.8184707166364343,0.7458913871840368
42,V3_Chi2,LR,42,1.0,0,0.8089315345213188,0.02906130014390727,0.7120397463572776,0.04337366378543999,0.8173076923076923,0.7511437446455671,0.8307892680851678,0.769270065535008
42,V3_Chi2,SVM-L,42,1.0,0,0.8389690498521031,0.02399211933961593,0.7284552212537737,0.037312358561744426,0.84375,0.7823142766116756,0.8518880595506354,0.8009994186003724
42,V3_Chi2,SVM-RBF,42,1.0,0,0.8311413317942428,0.022488837530011845,0.730148664924233,0.03812272736130864,0.8245192307692307,0.7165176485747826,0.8305903529522947,0.7771728363356203
42,V3_Chi2,MNB,42,1.0,0,0.7049347088954621,0.03471938569893011,0.4725557788531499,0.02868032134412442,0.6826923076923077,0.4618552482896289,0.649868512954225,0.5628408340033915
42,V3_Chi2,CNB,42,1.0,0,0.8029074381357766,0.023498956450932282,0.6963544589426489,0.027620976270489535,0.7596153846153846,0.6565058713247013,0.7536625683658007,0.6915868449927345
42,V3_Chi2,KNN,42,1.0,0,0.7181732919702764,0.02697186191479304,0.5465692343756636,0.07255137616998247,0.7451923076923077,0.5525977723990213,0.7351845054790651,0.6635896183951541
42,V3_Chi2,DT,42,1.0,0,0.7950761128345718,0.017903773516435767,0.6778606389588335,0.05075891462394678,0.7932692307692307,0.6895524847106103,0.8057292737408848,0.7373081724061973
42,V3_Chi2,RF,42,1.0,0,0.8281184618714379,0.016025252753502826,0.7078362997770666,0.04639110953887435,0.8149038461538461,0.72321800410146,0.8273480045879589,0.763327250024013
42,V3_Chi2,GB,42,1.0,0,0.8527703628886805,0.017016107101635328,0.6510255110807318,0.042028643550847185,0.8581730769230769,0.6836470665618758,0.8408975389005727,0.8126969833408375
42,V3_Chi2,XGB,42,1.0,0,0.8605980809465408,0.017197248433286343,0.6689503278385106,0.05003433538412144,0.8581730769230769,0.6822077000519239,0.8407670536341905,0.8129082912178798
42,V3_Chi2,LGBM,42,1.0,0,0.781256763581271,0.019703191099391008,0.6810989478827105,0.048858355898800505,0.7740384615384616,0.6908683773827248,0.7951569116574461,0.7151577398512562
42,V3_Chi2,Hard Voting,42,1.0,0,0.8275521246663301,0.026037642182990598,0.7226302696989784,0.0457745347082129,0.8389423076923077,0.7744409114421795,0.8508034132999774,0.7950904639724748
42,V3_Chi2,Soft Voting,42,1.0,0,0.8419522400981169,0.021168545667155418,0.7455423145201137,0.04790273970498344,0.8461538461538461,0.7763799636097911,0.8542845282590756,0.8039657470197993
42,V3_Chi2,Stacking,42,1.0,0,0.8401305822090759,0.025208847631165703,0.7466400457590815,0.0434528001663766,0.8389423076923077,0.7551815304642046,0.850409306877322,0.7958424283265702
43,V1_Word,LR,43,1.0,0,0.8125099199191977,0.026360682969394384,0.7204695842158497,0.04211998380409656,0.8269230769230769,0.7572667563742146,0.8402812295709506,0.780238163368625
43,V1_Word,SVM-L,43,1.0,0,0.8365377678378183,0.01779945788200993,0.735226070399161,0.024776816652900515,0.8293269230769231,0.7364267296638075,0.8369019604378456,0.7818579299546522
43,V1_Word,SVM-RBF,43,1.0,0,0.8281256763581271,0.020121118336311243,0.7283859541792572,0.038947194669201296,0.8389423076923077,0.7352237879232468,0.8484056064278948,0.7947433924192325
43,V1_Word,MNB,43,1.0,0,0.7037479258350767,0.018082215709761394,0.4692716037864143,0.030927434931047177,0.7163461538461539,0.48904418684469836,0.6856051980308694,0.6106166611140196
43,V1_Word,CNB,43,1.0,0,0.793290527378977,0.016546187332384835,0.6850339097437931,0.035723079978720824,0.7932692307692307,0.6809543051819874,0.7948146630521682,0.7350181093672461
43,V1_Word,KNN,43,1.0,0,0.7145912993290527,0.025392223257408836,0.5354782927816477,0.059335406924690755,0.7403846153846154,0.5592891366575475,0.7317298123537751,0.6573128408527515
43,V1_Word,DT,43,1.0,0,0.7944737031960176,0.01622328729772424,0.6753004901186529,0.040408250554623944,0.8004807692307693,0.7021894973273183,0.8138193534207858,0.7461363135063598
43,V1_Word,RF,43,1.0,0,0.8293377101219249,0.013336398198876305,0.7221186476512284,0.04384708028415125,0.8269230769230769,0.7397918766615698,0.8366443424714796,0.7782105489200056
43,V1_Word,GB,43,1.0,0,0.8545451266142414,0.019344789124632073,0.6594191287808617,0.056358542111388917,0.8605769230769231,0.661978304649112,0.8392803686929942,0.8148699455229034
43,V1_Word,XGB,43,1.0,0,0.8497583146959095,0.012023900389509543,0.6564024252148228,0.02935600091383019,0.8822115384615384,0.7249731761781284,0.8638240268493991,0.8445903189161578
43,V1_Word,LGBM,43,1.0,0,0.7746771517206551,0.026461214773489172,0.681762898158565,0.037367801481596415,0.8028846153846154,0.7130862456915384,0.8221282358275744,0.7504097401077031
43,V1_Word,Hard Voting,43,1.0,0,0.8311413317942428,0.017183344765496485,0.7429818198005109,0.03535761294276752,0.8365384615384616,0.7598845151305581,0.845295191563316,0.791503287243138
43,V1_Word,Soft Voting,43,1.0,0,0.8353401630473991,0.02045952647397044,0.7425551801823558,0.03181304859851853,0.8389423076923077,0.7607114085951906,0.8467187577700735,0.7942312093493684
43,V1_Word,Stacking,43,1.0,0,0.8377389798715822,0.02615861251539342,0.742191872451802,0.03910635191311494,0.8413461538461539,0.7559075489426622,0.8529116753732076,0.7983163647582528
43,V2_Char,LR,43,1.0,0,0.741595123006998,0.028569227235218448,0.6781611189666701,0.03925991786067127,0.7884615384615384,0.7256435018316182,0.8233784817972195,0.7351564478205824
43,V2_Char,SVM-L,43,1.0,0,0.7908953177981386,0.03480138862699861,0.708042754195424,0.03986485385742445,0.8052884615384616,0.714024375121802,0.823163977958804,0.7530904001582754
43,V2_Char,SVM-RBF,43,1.0,0,0.7662217733208283,0.03046326636659848,0.6705284420354496,0.03731190764294506,0.7716346153846154,0.6244437732462715,0.7845159705691127,0.7101746872204051
43,V2_Char,MNB,43,1.0,0,0.7031383017098333,0.015894041417996673,0.4946048422078917,0.028743869683310313,0.7139423076923077,0.4789746018905556,0.6782807637368771,0.6046448480201894
43,V2_Char,CNB,43,1.0,0,0.7710121924825049,0.03698560271496184,0.6857208916550664,0.047278238361287805,0.7836538461538461,0.6653304309949786,0.7949127635410935,0.7242395227222509
43,V2_Char,KNN,43,1.0,0,0.6298499386768632,0.039217332007088,0.4620350424768386,0.04767193264585501,0.6682692307692307,0.4720592382299558,0.6638111017288638,0.5608423919279698
43,V2_Char,DT,43,1.0,0,0.7211384459995671,0.03130746095651572,0.6275071816711685,0.055951564619923955,0.7620192307692307,0.6990557125593081,0.7960921673777749,0.7009258923060164
43,V2_Char,RF,43,1.0,0,0.7584048769930021,0.027557886066100042,0.6920227766448764,0.039572142528306854,0.7788461538461539,0.6867324074278659,0.8124955047182836,0.7211877495119037
43,V2_Char,GB,43,1.0,0,0.8052665752831686,0.02597808932610122,0.6534872429559666,0.0309634693643054,0.8149038461538461,0.6143781167884761,0.7931753878381187,0.753277362705076
43,V2_Char,XGB,43,1.0,0,0.8136930957362383,0.019594124821396684,0.6346379745857982,0.03224280197881927,0.8221153846153846,0.6371450828558186,0.8006898646737043,0.7627930989312436
43,V2_Char,LGBM,43,1.0,0,0.6508368804559556,0.030062443354289543,0.5388381578149721,0.045654953640971774,0.6947115384615384,0.6059073669118479,0.7351061511638743,0.6189706900530809
43,V2_Char,Hard Voting,43,1.0,0,0.769850660125532,0.03283160942265552,0.6992614974973821,0.04065521317131671,0.8004807692307693,0.7335876171881817,0.8299589359322381,0.7487410857226022
43,V2_Char,Soft Voting,43,1.0,0,0.7926772960103888,0.028732648588842967,0.7210475891218084,0.03347387150758152,0.8125,0.7405257692120873,0.8358589524185202,0.7621898933636264
43,V2_Char,Stacking,43,1.0,0,0.7806507466993724,0.029162615089593592,0.7070477648741113,0.03745403883386552,0.8004807692307693,0.719762030400789,0.8275763142206658,0.748889098988371
43,V3_Chi2,LR,43,1.0,0,0.8125099199191977,0.026360682969394384,0.7204695842158497,0.04211998380409656,0.8269230769230769,0.7572667563742146,0.8402812295709506,0.780238163368625
43,V3_Chi2,SVM-L,43,1.0,0,0.8365377678378183,0.01779945788200993,0.735226070399161,0.024776816652900515,0.8293269230769231,0.7364267296638075,0.8369019604378456,0.7818579299546522
43,V3_Chi2,SVM-RBF,43,1.0,0,0.8281256763581271,0.020121118336311243,0.7283859541792572,0.038947194669201296,0.8389423076923077,0.7352237879232468,0.8484056064278948,0.7947433924192325
43,V3_Chi2,MNB,43,1.0,0,0.7037479258350767,0.018082215709761394,0.4692716037864143,0.030927434931047177,0.7163461538461539,0.48904418684469836,0.6856051980308694,0.6106166611140196
43,V3_Chi2,CNB,43,1.0,0,0.793290527378977,0.016546187332384835,0.6850339097437931,0.035723079978720824,0.7932692307692307,0.6809543051819874,0.7948146630521682,0.7350181093672461
43,V3_Chi2,KNN,43,1.0,0,0.7145912993290527,0.025392223257408836,0.5354782927816477,0.059335406924690755,0.7403846153846154,0.5592891366575475,0.7317298123537751,0.6573128408527515
43,V3_Chi2,DT,43,1.0,0,0.7944737031960176,0.01622328729772424,0.6753004901186529,0.040408250554623944,0.8004807692307693,0.7021894973273183,0.8138193534207858,0.7461363135063598
43,V3_Chi2,RF,43,1.0,0,0.8293377101219249,0.013336398198876305,0.7221186476512284,0.04384708028415125,0.8269230769230769,0.7397918766615698,0.8366443424714796,0.7782105489200056
43,V3_Chi2,GB,43,1.0,0,0.8545451266142414,0.019344789124632073,0.6594191287808617,0.056358542111388917,0.8605769230769231,0.661978304649112,0.8392803686929942,0.8148699455229034
43,V3_Chi2,XGB,43,1.0,0,0.8497583146959095,0.012023900389509543,0.6564024252148228,0.02935600091383019,0.8822115384615384,0.7249731761781284,0.8638240268493991,0.8445903189161578
43,V3_Chi2,LGBM,43,1.0,0,0.7746771517206551,0.026461214773489172,0.681762898158565,0.037367801481596415,0.8028846153846154,0.7130862456915384,0.8221282358275744,0.7504097401077031
43,V3_Chi2,Hard Voting,43,1.0,0,0.8311413317942428,0.017183344765496485,0.7429818198005109,0.03535761294276752,0.8365384615384616,0.7598845151305581,0.845295191563316,0.791503287243138
43,V3_Chi2,Soft Voting,43,1.0,0,0.8353401630473991,0.02045952647397044,0.7425551801823558,0.03181304859851853,0.8389423076923077,0.7607114085951906,0.8467187577700735,0.7942312093493684
43,V3_Chi2,Stacking,43,1.0,0,0.8377389798715822,0.02615861251539342,0.742191872451802,0.03910635191311494,0.8413461538461539,0.7559075489426622,0.8529116753732076,0.7983163647582528
44,V1_Word,LR,44,1.0,0,0.8041266863862637,0.02430635942877182,0.7104782205346761,0.05727442521655213,0.8221153846153846,0.730358538186537,0.8334309950821578,0.7752533364483252
44,V1_Word,SVM-L,44,1.0,0,0.8335617920784936,0.03150586657310469,0.7302998497080456,0.05385733362252512,0.8509615384615384,0.7561466186052944,0.8618378144993,0.8101337573522376
44,V1_Word,SVM-RBF,44,1.0,0,0.8281545343048842,0.024879230570127402,0.7067810852893297,0.058500300883886185,0.8413461538461539,0.7640935790377098,0.8514676742539927,0.7988586164203925
44,V1_Word,MNB,44,1.0,0,0.7007611283457182,0.022518458914419063,0.46106521369227405,0.02555595413526288,0.7259615384615384,0.5158150968216532,0.6984585735194762,0.6264032330489447
44,V1_Word,CNB,44,1.0,0,0.7944809176827069,0.01866323145921122,0.6954333543285383,0.04911578371129358,0.7956730769230769,0.7033157718718063,0.7956164701960561,0.7392118829698575
44,V1_Word,KNN,44,1.0,0,0.7175744895750669,0.018615152630202362,0.531487101039092,0.053686522982714285,0.7451923076923077,0.5486040177051412,0.7488698567350252,0.6658710493813129
44,V1_Word,DT,44,1.0,0,0.8017134405887022,0.028714162078246366,0.6906044418125907,0.05956609041813394,0.8197115384615384,0.7289320447396795,0.8317991381608899,0.7704481411449634
44,V1_Word,RF,44,1.0,0,0.8293377101219248,0.03013246963028052,0.7179700162303981,0.063148167833104,0.84375,0.752992477345706,0.8546712529313433,0.8002364066193853
44,V1_Word,GB,44,1.0,0,0.8503967967679099,0.01955603062209379,0.6646530272884186,0.06077906618039299,0.8485576923076923,0.6533271272353394,0.828860624042004,0.7994490358126722
44,V1_Word,XGB,44,1.0,0,0.8467606954765168,0.016122194292426714,0.6542110051262509,0.052777509965853876,0.875,0.7048690292050637,0.8613422461874343,0.8358401505608086
44,V1_Word,LGBM,44,1.0,0,0.780665175672751,0.02583008000171696,0.683243374271324,0.054237992087892616,0.7692307692307693,0.6776024896471579,0.7899180773922344,0.7100203311065931
44,V1_Word,Hard Voting,44,1.0,0,0.8263364836591878,0.03132493254437399,0.7268958456040291,0.061914979021741354,0.8509615384615384,0.7640858881818858,0.8617368669394257,0.810249694686815
44,V1_Word,Soft Voting,44,1.0,0,0.83776062333165,0.02970206973755976,0.737757651176284,0.059676551631523175,0.8581730769230769,0.7697988565655832,0.8695216051290343,0.819489593292638
44,V1_Word,Stacking,44,1.0,0,0.8329521679532501,0.03692659955672494,0.7405424693395478,0.06600877501957869,0.8557692307692307,0.7632571843870183,0.8670801941743057,0.816636424410276
44,V2_Char,LR,44,1.0,0,0.7452167953250126,0.025928324420393254,0.6740785162230298,0.03873077548266732,0.7524038461538461,0.6948967335221561,0.789717083971859,0.6936036325932282
44,V2_Char,SVM-L,44,1.0,0,0.7866820575716038,0.02599272125554853,0.69111824179317,0.05067745600448413,0.78125,0.7061397087122941,0.8054897363287133,0.7249496850319328
44,V2_Char,SVM-RBF,44,1.0,0,0.7668710771228627,0.023225593088209033,0.6533070266243877,0.06564240718488941,0.7596153846153846,0.6278986181008328,0.7793450342351887,0.6989956875343695
44,V2_Char,MNB,44,1.0,0,0.7025394993146238,0.018817780889968824,0.48081407373614404,0.03522128085817131,0.7067307692307693,0.4843637566502331,0.6717305386257456,0.5962610874666878
44,V2_Char,CNB,44,1.0,0,0.7734470817401342,0.02013896693198951,0.6929043389532065,0.03162397167277178,0.7668269230769231,0.6764282159728463,0.7822738551764724,0.7049947362264593
44,V2_Char,KNN,44,1.0,0,0.632219897554289,0.03245825223064978,0.46518989100157293,0.04802881221491878,0.6706730769230769,0.45918924524678045,0.6700001606397378,0.565609756097561
44,V2_Char,DT,44,1.0,0,0.7313938388283674,0.027513237654119362,0.6522894188555496,0.03382372831398324,0.7475961538461539,0.6708323534279269,0.7772383206582151,0.6845685565111895
44,V2_Char,RF,44,1.0,0,0.7602590000721448,0.029007231688936312,0.6805881927447548,0.0452561056517365,0.7764423076923077,0.6934131409482627,0.8091591212884912,0.7185017026106697
44,V2_Char,GB,44,1.0,0,0.8064822162903109,0.02051557646379252,0.6627854104681762,0.0552618407034793,0.8269230769230769,0.6360575102235438,0.8101390481466445,0.7704088672216346
44,V2_Char,XGB,44,1.0,0,0.811893081307265,0.02142250713100407,0.6227881660183542,0.04077283755515181,0.8413461538461539,0.6754266684159251,0.8254584458672265,0.7907444668008048
44,V2_Char,LGBM,44,1.0,0,0.6580116874684365,0.01847258856386757,0.5724814138312927,0.039966007573112604,0.6850961538461539,0.5781891994307554,0.7261900824598755,0.61204251471855
44,V2_Char,Hard Voting,44,1.0,0,0.7716578890411947,0.03205380056047982,0.6945283453577671,0.03766926251648508,0.78125,0.6948168342411932,0.8092599825055907,0.7250236071765817
44,V2_Char,Soft Voting,44,1.0,0,0.7944917394127406,0.02650859759328755,0.7157464614600062,0.033366222647748175,0.78125,0.711337509988417,0.8076092895174113,0.7258619316247981
44,V2_Char,Stacking,44,1.0,0,0.7842796335040763,0.027205234309250304,0.7037783268078736,0.03920115851532989,0.7668269230769231,0.6933898427196976,0.7963986003257856,0.7101378483022175
44,V3_Chi2,LR,44,1.0,0,0.8041266863862637,0.02430635942877182,0.7104782205346761,0.05727442521655213,0.8221153846153846,0.730358538186537,0.8334309950821578,0.7752533364483252
44,V3_Chi2,SVM-L,44,1.0,0,0.8335617920784936,0.03150586657310469,0.7302998497080456,0.05385733362252512,0.8509615384615384,0.7561466186052944,0.8618378144993,0.8101337573522376
44,V3_Chi2,SVM-RBF,44,1.0,0,0.8281545343048842,0.024879230570127402,0.7067810852893297,0.058500300883886185,0.8413461538461539,0.7640935790377098,0.8514676742539927,0.7988586164203925
44,V3_Chi2,MNB,44,1.0,0,0.7007611283457182,0.022518458914419063,0.46106521369227405,0.02555595413526288,0.7259615384615384,0.5158150968216532,0.6984585735194762,0.6264032330489447
44,V3_Chi2,CNB,44,1.0,0,0.7944809176827069,0.01866323145921122,0.6954333543285383,0.04911578371129358,0.7956730769230769,0.7033157718718063,0.7956164701960561,0.7392118829698575
44,V3_Chi2,KNN,44,1.0,0,0.7175744895750669,0.018615152630202362,0.531487101039092,0.053686522982714285,0.7451923076923077,0.5486040177051412,0.7488698567350252,0.6658710493813129
44,V3_Chi2,DT,44,1.0,0,0.8017134405887022,0.028714162078246366,0.6906044418125907,0.05956609041813394,0.8197115384615384,0.7289320447396795,0.8317991381608899,0.7704481411449634
44,V3_Chi2,RF,44,1.0,0,0.8293377101219248,0.03013246963028052,0.7179700162303981,0.063148167833104,0.84375,0.752992477345706,0.8546712529313433,0.8002364066193853
44,V3_Chi2,GB,44,1.0,0,0.8503967967679099,0.01955603062209379,0.6646530272884186,0.06077906618039299,0.8485576923076923,0.6533271272353394,0.828860624042004,0.7994490358126722
44,V3_Chi2,XGB,44,1.0,0,0.8467606954765168,0.016122194292426714,0.6542110051262509,0.052777509965853876,0.875,0.7048690292050637,0.8613422461874343,0.8358401505608086
44,V3_Chi2,LGBM,44,1.0,0,0.780665175672751,0.02583008000171696,0.683243374271324,0.054237992087892616,0.7692307692307693,0.6776024896471579,0.7899180773922344,0.7100203311065931
44,V3_Chi2,Hard Voting,44,1.0,0,0.8263364836591878,0.03132493254437399,0.7268958456040291,0.061914979021741354,0.8509615384615384,0.7640858881818858,0.8617368669394257,0.810249694686815
44,V3_Chi2,Soft Voting,44,1.0,0,0.83776062333165,0.02970206973755976,0.737757651176284,0.059676551631523175,0.8581730769230769,0.7697988565655832,0.8695216051290343,0.819489593292638
44,V3_Chi2,Stacking,44,1.0,0,0.8329521679532501,0.03692659955672494,0.7405424693395478,0.06600877501957869,0.8557692307692307,0.7632571843870183,0.8670801941743057,0.816636424410276
