Feature,Classifier,Accuracy_Mean,Accuracy_Std,F1_Macro_Mean,F1_Macro_Std,F1_Weighted_Mean,F1_Weighted_Std,Kappa_Mean,Kappa_Std
V3_Chi2_963,SVM-L,0.8226895606377607,0.030857381759990588,0.7174367103484804,0.042811422727141314,0.8307903980050322,0.02887802348816474,0.7734904985556226,0.03913710839796015
V1_Word,SVM-L,0.8226895606377607,0.030857381759990588,0.7174367103484804,0.042811422727141314,0.8307903980050322,0.02887802348816474,0.7734904985556226,0.03913710839796015
V3_Chi2_963,LR,0.7998484957795253,0.0317953208198692,0.709305203828462,0.04596017508925143,0.8151347540054982,0.031056515221598635,0.7469540259928146,0.03997302887466609
V1_Word,LR,0.7998484957795253,0.0317953208198692,0.709305203828462,0.04596017508925143,0.8151347540054982,0.031056515221598635,0.7469540259928146,0.03997302887466609
V3_Chi2_963,RF,0.8155075391385903,0.02525019452835255,0.702240258089818,0.04334348491039373,0.8226847598136471,0.022271252730881295,0.7636161838046107,0.03235156445835686
V1_Word,RF,0.8155075391385903,0.02525019452835255,0.702240258089818,0.04334348491039373,0.8226847598136471,0.022271252730881295,0.7636161838046107,0.03235156445835686
V2_Char,SVM-L,0.7866964865449824,0.02111748651204259,0.6931523592651216,0.03480068693572156,0.8078089589749677,0.015433926706148429,0.730133977734613,0.02468934643043265
V1_Word,SVM-RBF,0.8196847269316787,0.031962956869117196,0.6894406919827818,0.05463865423203357,0.826386860073924,0.029859600658971253,0.7702571279563706,0.04024636903918721
V3_Chi2_963,SVM-RBF,0.8196847269316787,0.031962956869117196,0.6894406919827818,0.05463865423203357,0.826386860073924,0.029859600658971253,0.7702571279563706,0.04024636903918721
V2_Char,CNB,0.7722386552196812,0.026434783978374548,0.6890522562003052,0.031091083433713345,0.7865261864813202,0.026773088181083593,0.7104147642150613,0.032983026008835424
V3_Chi2_963,CNB,0.7842399538272852,0.026690178768174814,0.6719220810258457,0.042512620078280675,0.7854916232682065,0.025872745355804857,0.7229992579313725,0.03406375879274496
V1_Word,CNB,0.7842399538272852,0.026690178768174814,0.6719220810258457,0.042512620078280675,0.7854916232682065,0.025872745355804857,0.7229992579313725,0.03406375879274496
V2_Char,RF,0.7602337493687324,0.02707412304969703,0.6698167967301123,0.053491750794974084,0.7883394296334607,0.024304747708415154,0.6974036601261708,0.03367676375900356
V2_Char,LR,0.7464468653055334,0.030317969367106602,0.6649021970343438,0.04822367941075596,0.7818315443602111,0.02436254888663548,0.6841610545475618,0.035493405006235774
V2_Char,DT,0.7416167664670658,0.019531718469447665,0.6643898141990306,0.04944235107621823,0.7753794847193218,0.02130577048601813,0.6759808610654513,0.024561347228797107
V1_Word,DT,0.7710338359425726,0.024436682646084,0.6588949644118147,0.03811398699697892,0.7853675888307335,0.02220732039656964,0.7097285454405587,0.03054797757405723
V3_Chi2_963,DT,0.7710338359425726,0.024436682646084,0.6588949644118147,0.03811398699697892,0.7853675888307335,0.02220732039656964,0.7097285454405587,0.03054797757405723
V1_Word,GB,0.8479438712935575,0.021076589455607954,0.6515978079997777,0.05295958571368311,0.8281645661482815,0.02192769582410386,0.7988305921772773,0.028466439304447304
V3_Chi2_963,GB,0.8479438712935575,0.021076589455607954,0.6515978079997777,0.05295958571368311,0.8281645661482815,0.02192769582410386,0.7988305921772773,0.028466439304447304
V1_Word,XGB,0.8401414039391097,0.023307248703451612,0.6508923879970815,0.06171936420632303,0.8224325534712758,0.024480953436561165,0.789481552547219,0.030554327906127946
V3_Chi2_963,XGB,0.8401414039391097,0.023307248703451612,0.6508923879970815,0.06171936420632303,0.8224325534712758,0.024480953436561165,0.789481552547219,0.030554327906127946
V3_Chi2_963,LGBM,0.760792872087151,0.030024774862137973,0.6508584258445962,0.04456424264135605,0.7811051321950717,0.02856029659224452,0.6989067327873549,0.036191232968482194
V1_Word,LGBM,0.760792872087151,0.030024774862137973,0.6508584258445962,0.04456424264135605,0.7811051321950717,0.02856029659224452,0.6989067327873549,0.036191232968482194
V2_Char,GB,0.8119183320106774,0.016129912748925633,0.630554088340926,0.04833110957042936,0.7921751274345057,0.01729813090477823,0.74979610046979,0.022232115979288633
V2_Char,SVM-RBF,0.7656446143856865,0.02482585378873755,0.6191130925524919,0.03425472086564441,0.7761885931253987,0.023063495923611115,0.7030840758470741,0.030192554322355326
V2_Char,XGB,0.8101219248250485,0.025907671723727554,0.6108041817090014,0.04949150105312982,0.792292786840321,0.02840912520856674,0.7483504266334495,0.03540632103090258
V2_Char,LGBM,0.6682887237573046,0.02660723353346206,0.5582106638161732,0.041827418824216096,0.7097443008755938,0.023816607480680117,0.5913340043034709,0.031729272152208325
V3_Chi2_963,KNN,0.7133323714017747,0.02634493568331619,0.5126375137024836,0.06211103120950972,0.7060237850130147,0.025430173022807284,0.6240621784060164,0.031857776441691285
V1_Word,KNN,0.7133323714017747,0.02634493568331619,0.5126375137024836,0.06211103120950972,0.7060237850130147,0.025430173022807284,0.6240621784060164,0.031857776441691285
V2_Char,MNB,0.7097792367073084,0.03258888830473255,0.4811245165250339,0.032040652164570776,0.6768336462329867,0.033003429781668384,0.5994666275940187,0.04647085878950445
V3_Chi2_963,MNB,0.7048950292186712,0.03992287119610956,0.47780784118922703,0.04288492993074208,0.6739512089225139,0.044392102815821954,0.5942616298597433,0.058439854266586086
V1_Word,MNB,0.7048950292186712,0.03992287119610956,0.47780784118922703,0.04288492993074208,0.6739512089225139,0.044392102815821954,0.5942616298597433,0.058439854266586086
V2_Char,KNN,0.6202330279200634,0.04177519051364451,0.45545078897228664,0.049465003255899566,0.6305818032996356,0.027429756769248612,0.5099229198143796,0.04447723136092686
