sample_id,y_true,true_label_name,y_pred,pred_label_name,feedback_text,confusion_pattern,pattern_description
10212_aq1_4,3,루브릭 평가,1,막연한 인상,근거와 결론이 완벽함,3→1,루브릭 평가 → 막연한 인상
10212_aq2_2,3,루브릭 평가,2,정오 판정,근거와 결론이 완벽함,3→2,루브릭 평가 → 정오 판정
10212_aq4_4,2,정오 판정,1,막연한 인상,질문이 아니라 답을 하세요,2→1,정오 판정 → 막연한 인상
10271_bq2_3,1,막연한 인상,2,정오 판정,설명이 옳ㅎ지 않다,1→2,막연한 인상 → 정오 판정
13043_bq1_3,2,정오 판정,1,막연한 인상,답지와 일치,2→1,정오 판정 → 막연한 인상
13182_aq2_4,3,루브릭 평가,5,구체적 설명,근거와 결론이 타당함,3→5,루브릭 평가 → 구체적 설명
13182_aq3_1,2,정오 판정,1,막연한 인상,이 결과만 가지고는 알 수 없다,2→1,정오 판정 → 막연한 인상
13182_bq3_4,3,루브릭 평가,2,정오 판정,근거가 적절하다,3→2,루브릭 평가 → 정오 판정
13182_bq3_5,1,막연한 인상,2,정오 판정,적절하다,1→2,막연한 인상 → 정오 판정
13930_aq1_3,5,구체적 설명,4,오류 지적,먹이의 유무는 잘 판단했지만 늑대의 유무와 비교하지 않았다.,5→4,구체적 설명 → 오류 지적
13930_aq4_5,1,막연한 인상,2,정오 판정,판단이 잘못됨,1→2,막연한 인상 → 정오 판정
13930_bq2_1,1,막연한 인상,2,정오 판정,타당하다.,1→2,막연한 인상 → 정오 판정
13930_bq4_4,3,루브릭 평가,4,오류 지적,근거가 잘못되었다.,3→4,루브릭 평가 → 오류 지적
16397_aq2_5,2,정오 판정,1,막연한 인상,모범답안과 거의 유사하다,2→1,정오 판정 → 막연한 인상
19998_aq1_5,5,구체적 설명,1,막연한 인상,수치에 영향을 끼치는 요인을 정확하게 파악하였고 영향을 끼치지 않는 요인도 정확히 분류,5→1,구체적 설명 → 막연한 인상
19998_aq2_5,5,구체적 설명,1,막연한 인상,가능한 많은 변수를 이용해 정확한 실험을 진행하고자 한 듯 하고 과정의 인과관계를 파악함,5→1,구체적 설명 → 막연한 인상
19998_bq2_1,1,막연한 인상,2,정오 판정,제데로임,1→2,막연한 인상 → 정오 판정
19998_bq2_2,5,구체적 설명,4,오류 지적,두가지 변인으로 인해 알 수 없는 것이지 둘을 비교조차 할 수 없다,5→4,구체적 설명 → 오류 지적
19998_bq3_1,3,루브릭 평가,4,오류 지적,근거가 부적절함,3→4,루브릭 평가 → 오류 지적
19998_bq3_2,3,루브릭 평가,1,막연한 인상,근거없는 판단,3→1,루브릭 평가 → 막연한 인상
19998_bq3_5,3,루브릭 평가,4,오류 지적,근거가 부족,3→4,루브릭 평가 → 오류 지적
25095_aq2_5,3,루브릭 평가,1,막연한 인상,결론과 판단 근거가 적합하다고 생각하므로 이 답에 3점을 준다.,3→1,루브릭 평가 → 막연한 인상
25311_aq4_2,3,루브릭 평가,1,막연한 인상,정확한 결론을 내림,3→1,루브릭 평가 → 막연한 인상
25311_bq3_4,1,막연한 인상,2,정오 판정,타당하다,1→2,막연한 인상 → 정오 판정
31422_aq1_3,3,루브릭 평가,1,막연한 인상,결론과 근거가 적절하였기 때문,3→1,루브릭 평가 → 막연한 인상
31422_aq3_1,1,막연한 인상,2,정오 판정,논리적으로 맞지 않다,1→2,막연한 인상 → 정오 판정
31422_aq3_3,1,막연한 인상,2,정오 판정,논리적으로 적절하지 않다,1→2,막연한 인상 → 정오 판정
31422_bq2_4,3,루브릭 평가,1,막연한 인상,근거 좋음,3→1,루브릭 평가 → 막연한 인상
33366_aq1_2,5,구체적 설명,4,오류 지적,답은 올바릅니다. 하지만 근거를 제시하는 과정에서 변인통제의 상황을 제대로 서술하지 못하였습니다.,5→4,구체적 설명 → 오류 지적
33366_aq2_3,2,정오 판정,1,막연한 인상,모범 답안입니다.,2→1,정오 판정 → 막연한 인상
33366_bq4_5,5,구체적 설명,4,오류 지적,이는 가설 1이 기각되는 이유가 아닌 가설 2의 성립을 위한 조건입니다.,5→4,구체적 설명 → 오류 지적
34078_aq2_2,3,루브릭 평가,1,막연한 인상,결론과 판단의 근거 모두 적절함,3→1,루브릭 평가 → 막연한 인상
34078_aq4_2,3,루브릭 평가,2,정오 판정,결론과 판단 모두 적절함.,3→2,루브릭 평가 → 정오 판정
34078_aq4_5,3,루브릭 평가,4,오류 지적,결론 판단 모두 틀림,3→4,루브릭 평가 → 오류 지적
34078_bq1_4,1,막연한 인상,0,무관/의미없음,완벽.,1→0,막연한 인상 → 무관/의미없음
34078_bq2_4,1,막연한 인상,2,정오 판정,타당함.,1→2,막연한 인상 → 정오 판정
36982_aq1_4,5,구체적 설명,3,루브릭 평가,"통제변인, 조작변인, 종속변인을 정확히 제시하고 두 계곡씩 여러 번 비교함.",5→3,구체적 설명 → 루브릭 평가
36982_aq2_1,5,구체적 설명,3,루브릭 평가,통제변인과 종속변인을 적절히 제시함.,5→3,구체적 설명 → 루브릭 평가
36982_aq2_4,3,루브릭 평가,5,구체적 설명,결론과 이유를 잘 제시함.,3→5,루브릭 평가 → 구체적 설명
36982_aq3_1,5,구체적 설명,1,막연한 인상,결과를 명확히 판단할 수 없지만 본인의 추론을 바탕으로 결론을 제시함.,5→1,구체적 설명 → 막연한 인상
36982_aq3_3,5,구체적 설명,3,루브릭 평가,결과를 명확히 판단할 수 없지만 본인의 추론을 바탕으로 결론을 제시함.,5→3,구체적 설명 → 루브릭 평가
36982_bq1_2,5,구체적 설명,4,오류 지적,뛰어 다니지 못할 것이라는 것과 덜 뛰어다니는 것은 약간의 차이가 있다.,5→4,구체적 설명 → 오류 지적
36982_bq1_4,5,구체적 설명,1,막연한 인상,덜 뛰는 것은 운동을 덜 하는 것과 비슷한 의미일 것이라 생각한다.,5→1,구체적 설명 → 막연한 인상
36982_bq2_2,5,구체적 설명,1,막연한 인상,조작변인의 조건을 잘 서술함.,5→1,구체적 설명 → 막연한 인상
36982_bq2_3,5,구체적 설명,4,오류 지적,온도가 다른 것은 옳으나 비료의 종류를 달리해 어떤 비료가 잘 자라게 하는 지를 알아보아야 하므로 비료 종류가 다른 것은 이유가 될 수 없다.,5→4,구체적 설명 → 오류 지적
36982_bq4_1,5,구체적 설명,3,루브릭 평가,물 분자가 빠져나가 무게가 감소했을 때 1이 기각됨을 적절히 서술함.,5→3,구체적 설명 → 루브릭 평가
42314_bq1_2,3,루브릭 평가,5,구체적 설명,주장과 근거를 잘 설명함,3→5,루브릭 평가 → 구체적 설명
42314_bq2_5,3,루브릭 평가,1,막연한 인상,주장과 근거를 잘 설명함,3→1,루브릭 평가 → 막연한 인상
46023_aq1_2,5,구체적 설명,4,오류 지적,"위 상황에서 문제를 분석할때 어떤것이 조작변인이고 통제변인인지 구분하지 않음, 하지만 답은 맞았으므로 1점을 줌.",5→4,구체적 설명 → 오류 지적
46023_aq2_3,5,구체적 설명,4,오류 지적,조작변인 및 통제변인에 대한 이해는 있지만 설명이 부족함.,5→4,구체적 설명 → 오류 지적
46023_aq3_2,5,구체적 설명,4,오류 지적,온도라는 변인을 확인함.,5→4,구체적 설명 → 오류 지적
46023_aq3_2,5,구체적 설명,1,막연한 인상,온도라는 변인을 확인함.,5→1,구체적 설명 → 막연한 인상
46023_aq4_3,5,구체적 설명,3,루브릭 평가,가설 및 문제 상황을 정확히 이해했다.,5→3,구체적 설명 → 루브릭 평가
46023_aq4_3,5,구체적 설명,1,막연한 인상,가설 및 문제 상황을 정확히 이해했다.,5→1,구체적 설명 → 막연한 인상
46023_bq1_2,5,구체적 설명,3,루브릭 평가,문제상황을 잘 이해하고 적절하게 추론했다.,5→3,구체적 설명 → 루브릭 평가
46023_bq1_2,5,구체적 설명,1,막연한 인상,문제상황을 잘 이해하고 적절하게 추론했다.,5→1,구체적 설명 → 막연한 인상
46023_bq2_4,5,구체적 설명,4,오류 지적,조작변인과 통제변인을 잘 구별함,5→4,구체적 설명 → 오류 지적
47249_aq3_4,5,구체적 설명,4,오류 지적,"경우를 구체적으로 설명했다,",5→4,구체적 설명 → 오류 지적
47249_aq3_4,5,구체적 설명,1,막연한 인상,"경우를 구체적으로 설명했다,",5→1,구체적 설명 → 막연한 인상
47641_bq1_1,3,루브릭 평가,2,정오 판정,근거랑 답 모두 맞음.,3→2,루브릭 평가 → 정오 판정
47641_bq2_2,1,막연한 인상,0,무관/의미없음,꼴리는 대로 적지 말자.,1→0,막연한 인상 → 무관/의미없음
47641_bq2_5,1,막연한 인상,0,무관/의미없음,이건 뭐야,1→0,막연한 인상 → 무관/의미없음
47641_bq4_4,3,루브릭 평가,4,오류 지적,근거가 조금 부족하다.,3→4,루브릭 평가 → 오류 지적
47641_bq4_5,3,루브릭 평가,4,오류 지적,근거가 약간 부족하다.,3→4,루브릭 평가 → 오류 지적
48624_aq4_2,3,루브릭 평가,2,정오 판정,답과 근거가 일치하기 때문에 3점을 주었다,3→2,루브릭 평가 → 정오 판정
48624_aq4_5,3,루브릭 평가,2,정오 판정,답과 근거가 모두 일치하기 때문에 3점을 주었다,3→2,루브릭 평가 → 정오 판정
48624_bq2_2,3,루브릭 평가,2,정오 판정,판단 근거 모두 적절,3→2,루브릭 평가 → 정오 판정
50054_aq1_4,5,구체적 설명,3,루브릭 평가,문제를 정확하게 인지하고 비교를 통해 결론을 적절하게 도출 했다.,5→3,구체적 설명 → 루브릭 평가
50054_aq1_5,5,구체적 설명,3,루브릭 평가,논제인 엘크 수의 변화를 논리적인 설명을 통해 서술함.,5→3,구체적 설명 → 루브릭 평가
50054_aq3_4,5,구체적 설명,4,오류 지적,조작변인이 정확하지 않아 논거가 부족한 논제이므로 함부로 판단하는 것은 옳지않다,5→4,구체적 설명 → 오류 지적
50054_bq2_1,5,구체적 설명,3,루브릭 평가,통제변인에 대한 의견으로 오점을 찾았기에 적절한 답변이다.,5→3,구체적 설명 → 루브릭 평가
52220_aq2_3,2,정오 판정,1,막연한 인상,모범 답안,2→1,정오 판정 → 막연한 인상
52220_aq3_4,5,구체적 설명,4,오류 지적,조작변인이 2개나 되기 때문에 정확히 판단 불가능,5→4,구체적 설명 → 오류 지적
52220_aq4_3,2,정오 판정,1,막연한 인상,모범답안,2→1,정오 판정 → 막연한 인상
52220_bq1_4,1,막연한 인상,0,무관/의미없음,짱,1→0,막연한 인상 → 무관/의미없음
52220_bq3_1,1,막연한 인상,0,무관/의미없음,굿,1→0,막연한 인상 → 무관/의미없음
53663_aq3_3,5,구체적 설명,3,루브릭 평가,라드가 버터보다 낫고 저온보관이 실온보관보다 나으면 똑같은 결과가 나올수 있다. 반대의 경우도 마찬가지이다. 따라서 어떤 조건이 더 나은지 판단할 수 없다.,5→3,구체적 설명 → 루브릭 평가
53663_bq1_2,1,막연한 인상,2,정오 판정,완벽하다,1→2,막연한 인상 → 정오 판정
53663_bq3_2,1,막연한 인상,0,무관/의미없음,좋다,1→0,막연한 인상 → 무관/의미없음
54776_aq3_2,5,구체적 설명,1,막연한 인상,시기의 차이가 결과에 미치는 영향이 없다고 말한게 인상적임 ,5→1,구체적 설명 → 막연한 인상
54776_aq4_1,3,루브릭 평가,5,구체적 설명,주장과 근거를 구체적으로 잘 말함,3→5,루브릭 평가 → 구체적 설명
54776_bq1_1,3,루브릭 평가,2,정오 판정,주장과 근거가 적절함,3→2,루브릭 평가 → 정오 판정
54776_bq2_4,3,루브릭 평가,1,막연한 인상,주장과 근거가 적절함,3→1,루브릭 평가 → 막연한 인상
54776_bq2_5,3,루브릭 평가,5,구체적 설명,주장과 근거가 적절함,3→5,루브릭 평가 → 구체적 설명
59763_aq1_1,3,루브릭 평가,2,정오 판정,답이 맞고 근거도있다,3→2,루브릭 평가 → 정오 판정
59763_aq3_2,3,루브릭 평가,5,구체적 설명,문항답은 아니지만 근거가있다,3→5,루브릭 평가 → 구체적 설명
59763_aq3_3,2,정오 판정,1,막연한 인상,답이 안적혀있는데....,2→1,정오 판정 → 막연한 인상
60205_aq3_5,3,루브릭 평가,2,정오 판정,답은 다르나 일부 근거가 타당함,3→2,루브릭 평가 → 정오 판정
60476_aq1_3,3,루브릭 평가,4,오류 지적,근거가 명확하지 않음,3→4,루브릭 평가 → 오류 지적
60476_aq2_1,2,정오 판정,1,막연한 인상,답이 이상함,2→1,정오 판정 → 막연한 인상
60476_aq4_2,3,루브릭 평가,4,오류 지적,답은 맞지만 근거가 명확하지가 않음,3→4,루브릭 평가 → 오류 지적
60476_bq2_3,3,루브릭 평가,1,막연한 인상,근거가 적당함.,3→1,루브릭 평가 → 막연한 인상
60570_aq1_3,5,구체적 설명,3,루브릭 평가,조작 통제변인을 정확히 드러냈고 근거가 적절하다.,5→3,구체적 설명 → 루브릭 평가
60570_aq1_3,5,구체적 설명,1,막연한 인상,조작 통제변인을 정확히 드러냈고 근거가 적절하다.,5→1,구체적 설명 → 막연한 인상
60570_aq4_1,1,막연한 인상,0,무관/의미없음,잘했다,1→0,막연한 인상 → 무관/의미없음
60575_aq2_1,2,정오 판정,1,막연한 인상,간결하고 옳은 답안,2→1,정오 판정 → 막연한 인상
60575_aq2_4,2,정오 판정,1,막연한 인상,간결하고 맞는 의견임,2→1,정오 판정 → 막연한 인상
60575_aq4_5,3,루브릭 평가,5,구체적 설명,"해당 의견은 동의한다, 하지만 근거가 빈약하며 만약 다른 의견을 가지고 있었더라면 이에 대해 설득 당할 것 같지 않음",3→5,루브릭 평가 → 구체적 설명
60575_bq1_4,3,루브릭 평가,4,오류 지적,적절한 답변이나 근거 부족,3→4,루브릭 평가 → 오류 지적
60575_bq4_1,3,루브릭 평가,1,막연한 인상,답변은 옳지만 근거가 부족,3→1,루브릭 평가 → 막연한 인상
60607_aq2_2,5,구체적 설명,1,막연한 인상,변인 설정 잘함,5→1,구체적 설명 → 막연한 인상
60607_aq2_4,5,구체적 설명,3,루브릭 평가,변인 설정 잘함,5→3,구체적 설명 → 루브릭 평가
60607_aq2_4,5,구체적 설명,4,오류 지적,변인 설정 잘함,5→4,구체적 설명 → 오류 지적
60607_bq3_1,1,막연한 인상,0,무관/의미없음,헉 쩔어요,1→0,막연한 인상 → 무관/의미없음
60607_bq3_2,1,막연한 인상,0,무관/의미없음,우와 대애박!,1→0,막연한 인상 → 무관/의미없음
60607_bq4_3,1,막연한 인상,0,무관/의미없음,오 님좀 치는 듯??,1→0,막연한 인상 → 무관/의미없음
60998_aq4_2,3,루브릭 평가,2,정오 판정,결론과 판단 모두 적합,3→2,루브릭 평가 → 정오 판정
60998_bq4_3,1,막연한 인상,2,정오 판정,적합,1→2,막연한 인상 → 정오 판정
61836_aq1_1,2,정오 판정,1,막연한 인상,위와 비슷하게 섰따,2→1,정오 판정 → 막연한 인상
61836_bq1_5,2,정오 판정,1,막연한 인상,답이랑은 같은데 잡다한 이야기가 많다,2→1,정오 판정 → 막연한 인상
63183_aq1_4,3,루브릭 평가,5,구체적 설명,답이 틀림 그러나 근거는 타당함,3→5,루브릭 평가 → 구체적 설명
63183_aq2_5,3,루브릭 평가,4,오류 지적,답은 맞으나 근거가 미흡함,3→4,루브릭 평가 → 오류 지적
63183_aq4_2,3,루브릭 평가,4,오류 지적,결론을 딱 적어 주셧으면 좋앗을거 같네요,3→4,루브릭 평가 → 오류 지적
63183_bq4_5,3,루브릭 평가,5,구체적 설명,결론을 잘 도출함 ,3→5,루브릭 평가 → 구체적 설명
64135_aq2_3,3,루브릭 평가,1,막연한 인상,결론과 판단 근거가 모두 옳음,3→1,루브릭 평가 → 막연한 인상
64135_aq2_5,3,루브릭 평가,2,정오 판정,결론과 판다 근거 모두 옳음,3→2,루브릭 평가 → 정오 판정
64135_aq4_2,3,루브릭 평가,2,정오 판정,결론과 판단 근거 모두 옳다,3→2,루브릭 평가 → 정오 판정
64135_aq4_4,5,구체적 설명,4,오류 지적,냄새로 판단하는 것은 맞으나 결론에 대한 판단 근거가 부족하다.,5→4,구체적 설명 → 오류 지적
64135_bq3_5,3,루브릭 평가,5,구체적 설명,결론과 판단 근거가 모두 적절,3→5,루브릭 평가 → 구체적 설명
64135_bq4_2,3,루브릭 평가,5,구체적 설명,결론은 맞지만 이유가 살짝 부족하다,3→5,루브릭 평가 → 구체적 설명
65597_aq3_5,5,구체적 설명,1,막연한 인상,투표에 제시된 결과를 통해 신뢰할수 있다는 점을 강조한것 같다.,5→1,구체적 설명 → 막연한 인상
65597_bq4_2,5,구체적 설명,3,루브릭 평가,가설에 대한 답을 잘 도출하였다.,5→3,구체적 설명 → 루브릭 평가
65597_bq4_2,5,구체적 설명,1,막연한 인상,가설에 대한 답을 잘 도출하였다.,5→1,구체적 설명 → 막연한 인상
71626_aq1_1,3,루브릭 평가,1,막연한 인상,근거가 확실하다,3→1,루브릭 평가 → 막연한 인상
71626_aq1_2,3,루브릭 평가,5,구체적 설명,똘똘하게 잘했다 근거도 잘 제시하고 해석도 잘함,3→5,루브릭 평가 → 구체적 설명
71626_aq1_4,3,루브릭 평가,5,구체적 설명,잘 해석했고 근거도 좋다,3→5,루브릭 평가 → 구체적 설명
71626_aq3_2,1,막연한 인상,0,무관/의미없음,너무 잘해서 내가 감히 평가할수 없다,1→0,막연한 인상 → 무관/의미없음
71626_aq3_4,1,막연한 인상,0,무관/의미없음,조금더 성의를 보여라,1→0,막연한 인상 → 무관/의미없음
71626_aq4_1,5,구체적 설명,1,막연한 인상,자료를 잘 활용해서 잘 해석했다,5→1,구체적 설명 → 막연한 인상
71626_aq4_5,1,막연한 인상,2,정오 판정,정확했다 정석,1→2,막연한 인상 → 정오 판정
71626_bq3_4,3,루브릭 평가,2,정오 판정,근거 명확 답 맞음,3→2,루브릭 평가 → 정오 판정
71626_bq4_5,1,막연한 인상,0,무관/의미없음,이해안됨,1→0,막연한 인상 → 무관/의미없음
72079_aq1_1,3,루브릭 평가,1,막연한 인상,결론과 판단 근거 모두 적절함,3→1,루브릭 평가 → 막연한 인상
72079_aq1_5,3,루브릭 평가,5,구체적 설명,결론과 판단 근거 모두 적절함,3→5,루브릭 평가 → 구체적 설명
72079_aq4_3,3,루브릭 평가,1,막연한 인상,결론과 판단 근거 모두 적절,3→1,루브릭 평가 → 막연한 인상
72079_bq1_1,2,정오 판정,1,막연한 인상,적절한 답,2→1,정오 판정 → 막연한 인상
72079_bq3_5,3,루브릭 평가,5,구체적 설명,답이 틀렸지만 근거가 맞다,3→5,루브릭 평가 → 구체적 설명
73407_aq1_4,3,루브릭 평가,5,구체적 설명,정답과 판단근거 모두 인과 관계가 적절하다.,3→5,루브릭 평가 → 구체적 설명
73407_aq4_1,3,루브릭 평가,1,막연한 인상,답은 적절하지만 평가근거가 미흡하다.,3→1,루브릭 평가 → 막연한 인상
73407_aq4_5,3,루브릭 평가,2,정오 판정,정답과 근거가 모두 적절하다.,3→2,루브릭 평가 → 정오 판정
73407_bq2_4,5,구체적 설명,4,오류 지적,답이 가설의 틀렸는지 옳았는지 판단하는 것이기 때문이다.,5→4,구체적 설명 → 오류 지적
73407_bq2_4,5,구체적 설명,1,막연한 인상,답이 가설의 틀렸는지 옳았는지 판단하는 것이기 때문이다.,5→1,구체적 설명 → 막연한 인상
73407_bq3_3,5,구체적 설명,3,루브릭 평가,변인통제를 제대로 하지않은 것을 잘 알고 있음.,5→3,구체적 설명 → 루브릭 평가
73407_bq3_3,5,구체적 설명,4,오류 지적,변인통제를 제대로 하지않은 것을 잘 알고 있음.,5→4,구체적 설명 → 오류 지적
73407_bq4_1,5,구체적 설명,3,루브릭 평가,인과 관계를 잘 알고 설명함.,5→3,구체적 설명 → 루브릭 평가
73407_bq4_1,5,구체적 설명,1,막연한 인상,인과 관계를 잘 알고 설명함.,5→1,구체적 설명 → 막연한 인상
73749_bq1_3,1,막연한 인상,2,정오 판정,구체적이다,1→2,막연한 인상 → 정오 판정
73749_bq2_1,3,루브릭 평가,5,구체적 설명,근거가 구체적이긴 하지만 답이 틀리므로 근거도 틀렸다.,3→5,루브릭 평가 → 구체적 설명
73749_bq3_1,1,막연한 인상,0,무관/의미없음,굳굳,1→0,막연한 인상 → 무관/의미없음
73749_bq4_2,1,막연한 인상,0,무관/의미없음,근거가 건방지다.,1→0,막연한 인상 → 무관/의미없음
73749_bq4_5,1,막연한 인상,0,무관/의미없음,굳.,1→0,막연한 인상 → 무관/의미없음
74154_aq1_3,5,구체적 설명,3,루브릭 평가,"답과 근거 모두 맞음. 늑대, 먹이 모두 언급함.",5→3,구체적 설명 → 루브릭 평가
74154_aq2_4,5,구체적 설명,3,루브릭 평가,답과 근거 모두 적절함. 길이 다름 나머지 일정 ,5→3,구체적 설명 → 루브릭 평가
74154_aq2_4,5,구체적 설명,4,오류 지적,답과 근거 모두 적절함. 길이 다름 나머지 일정 ,5→4,구체적 설명 → 오류 지적
74154_aq3_3,3,루브릭 평가,4,오류 지적,결론과 판단 근거가 모두 미흡하다.,3→4,루브릭 평가 → 오류 지적
78009_bq2_3,5,구체적 설명,1,막연한 인상,변인을 잘 파악했기 떄문이다.,5→1,구체적 설명 → 막연한 인상
78009_bq3_2,5,구체적 설명,3,루브릭 평가,자료를 잘 파악하였다,5→3,구체적 설명 → 루브릭 평가
78009_bq3_2,5,구체적 설명,1,막연한 인상,자료를 잘 파악하였다,5→1,구체적 설명 → 막연한 인상
78009_bq4_2,5,구체적 설명,3,루브릭 평가,자료를 잘 파악함,5→3,구체적 설명 → 루브릭 평가
78009_bq4_2,5,구체적 설명,1,막연한 인상,자료를 잘 파악함,5→1,구체적 설명 → 막연한 인상
79326_aq1_5,3,루브릭 평가,4,오류 지적,주장과 근거가 옳지 않음,3→4,루브릭 평가 → 오류 지적
84484_aq2_5,3,루브릭 평가,5,구체적 설명,올바른 근거와 답이다. 근거를 명확하게 설명하였다,3→5,루브릭 평가 → 구체적 설명
84484_aq4_1,1,막연한 인상,2,정오 판정,잘못 추론하였다,1→2,막연한 인상 → 정오 판정
84484_aq4_2,3,루브릭 평가,2,정오 판정,올바른 근거와 답이다.,3→2,루브릭 평가 → 정오 판정
84484_aq4_4,3,루브릭 평가,2,정오 판정,올바른 정답과 근거이다.,3→2,루브릭 평가 → 정오 판정
84484_bq1_3,2,정오 판정,1,막연한 인상,모범 답안과 비슷하게 말하였다.,2→1,정오 판정 → 막연한 인상
84785_aq1_4,3,루브릭 평가,4,오류 지적,판단은 맞지만 결론이 없다,3→4,루브릭 평가 → 오류 지적
84785_aq4_4,3,루브릭 평가,1,막연한 인상,내용과 결론이 알차다,3→1,루브릭 평가 → 막연한 인상
84785_aq4_5,3,루브릭 평가,1,막연한 인상,내용과 판단이 완벽하다 결론도 너뮤 완벽해용,3→1,루브릭 평가 → 막연한 인상
86304_aq4_3,3,루브릭 평가,1,막연한 인상,결론은?,3→1,루브릭 평가 → 막연한 인상
86304_bq1_1,1,막연한 인상,0,무관/의미없음,굳,1→0,막연한 인상 → 무관/의미없음
86423_aq2_5,3,루브릭 평가,4,오류 지적,근거가 부족하다,3→4,루브릭 평가 → 오류 지적
86423_bq2_3,5,구체적 설명,3,루브릭 평가,변인통제를 통해 결과를 적절히 제시함,5→3,구체적 설명 → 루브릭 평가
86423_bq3_3,3,루브릭 평가,1,막연한 인상,근거가 타당하다,3→1,루브릭 평가 → 막연한 인상
89140_aq3_5,3,루브릭 평가,4,오류 지적,근거가 타당하지만 답이 틀림,3→4,루브릭 평가 → 오류 지적
89140_aq3_5,3,루브릭 평가,5,구체적 설명,근거가 타당하지만 답이 틀림,3→5,루브릭 평가 → 구체적 설명
89140_bq2_4,1,막연한 인상,0,무관/의미없음,쓴게 없다,1→0,막연한 인상 → 무관/의미없음
89140_bq4_1,1,막연한 인상,2,정오 판정,똑바르게 판단했다,1→2,막연한 인상 → 정오 판정
89140_bq4_4,1,막연한 인상,2,정오 판정,제대로 판단함,1→2,막연한 인상 → 정오 판정
92420_aq1_2,5,구체적 설명,4,오류 지적,눈에양에의해서 엘크수가 변화하는것이지 먹이 에따라서가아니다,5→4,구체적 설명 → 오류 지적
92420_bq2_3,1,막연한 인상,0,무관/의미없음,굿굿,1→0,막연한 인상 → 무관/의미없음
92877_aq2_1,1,막연한 인상,0,무관/의미없음,짝짝,1→0,막연한 인상 → 무관/의미없음
93938_aq4_5,3,루브릭 평가,4,오류 지적,결론을 말하지 않았다. 해석도 잘못함,3→4,루브릭 평가 → 오류 지적
93938_bq2_2,3,루브릭 평가,2,정오 판정,결론과 판단 근거 모두 적절하다,3→2,루브릭 평가 → 정오 판정
93938_bq2_3,5,구체적 설명,4,오류 지적,온도와 비료 모두 다르기 때문에 질소 비료가 더 효과적이라는 것은 정확히 알 수 없다,5→4,구체적 설명 → 오류 지적
93938_bq2_5,3,루브릭 평가,5,구체적 설명,결론과 판단 근거 모두 적절하다,3→5,루브릭 평가 → 구체적 설명
93938_bq4_2,3,루브릭 평가,2,정오 판정,답은 맞는데 이유가 틀림ㅋ,3→2,루브릭 평가 → 정오 판정
94001_aq2_5,1,막연한 인상,2,정오 판정,적절한 답변이라고 생각함,1→2,막연한 인상 → 정오 판정
94001_aq3_4,3,루브릭 평가,4,오류 지적,근거가 애매함,3→4,루브릭 평가 → 오류 지적
94001_bq1_5,1,막연한 인상,2,정오 판정,모두 적절함,1→2,막연한 인상 → 정오 판정
94001_bq3_2,1,막연한 인상,2,정오 판정,적절함,1→2,막연한 인상 → 정오 판정
94001_bq3_4,2,정오 판정,1,막연한 인상,아님,2→1,정오 판정 → 막연한 인상
94318_bq3_1,2,정오 판정,1,막연한 인상,다틀림,2→1,정오 판정 → 막연한 인상
94318_bq4_3,3,루브릭 평가,4,오류 지적,근거부족,3→4,루브릭 평가 → 오류 지적
95847_aq1_1,2,정오 판정,1,막연한 인상,눈의 영향이 커야함,2→1,정오 판정 → 막연한 인상
95847_aq1_5,2,정오 판정,1,막연한 인상,눈의 영향이 컸다고 판단함,2→1,정오 판정 → 막연한 인상
95847_aq2_4,1,막연한 인상,2,정오 판정,정확함,1→2,막연한 인상 → 정오 판정
95847_aq3_1,3,루브릭 평가,2,정오 판정,답 근거 정확,3→2,루브릭 평가 → 정오 판정
95847_bq1_1,3,루브릭 평가,4,오류 지적,근거 부족,3→4,루브릭 평가 → 오류 지적
