sample_id,total_predictions,error_count,error_rate,id,feedback_text,label,label_name
10212_aq4_1,96,81,0.84375,10212_aq4_1,자신이 키운 아이들이 아니라 자신의 형제의 냄새를 맡는것.,4,오류 지적
10212_aq4_4,96,86,0.8958333333333334,10212_aq4_4,질문이 아니라 답을 하세요,2,정오 판정
10212_bq2_2,96,57,0.59375,10212_bq2_2,가설이 뭔지 좀 더 자세히 써 주세요,4,오류 지적
10271_aq4_5,96,66,0.6875,10271_aq4_5,예상되는 결과는 맞지만 흰색 쥐가 많아 교배한다는 근거는 적절하지 않음,5,구체적 설명
10271_bq2_3,96,96,1.0,10271_bq2_3,설명이 옳ㅎ지 않다,1,막연한 인상
10271_bq3_3,96,60,0.625,10271_bq3_3,설명이 옳지 ㅇ낳다,4,오류 지적
13043_bq2_1,96,64,0.6666666666666666,13043_bq2_1,변인통제...,4,오류 지적
13043_bq2_5,96,58,0.6041666666666666,13043_bq2_5,굿,1,막연한 인상
13182_aq3_1,96,85,0.8854166666666666,13182_aq3_1,이 결과만 가지고는 알 수 없다,2,정오 판정
13930_aq1_3,96,96,1.0,13930_aq1_3,먹이의 유무는 잘 판단했지만 늑대의 유무와 비교하지 않았다.,5,구체적 설명
13930_aq4_1,96,75,0.78125,13930_aq4_1,과정은 맞았지만 잘못 판단함,4,오류 지적
13930_aq4_4,96,55,0.5729166666666666,13930_aq4_4,알맞게 판단과 결론을 내림,3,루브릭 평가
13930_aq4_5,96,96,1.0,13930_aq4_5,판단이 잘못됨,1,막연한 인상
13930_bq1_1,96,96,1.0,13930_bq1_1,결론이 잘못되었다.,3,루브릭 평가
13930_bq2_2,96,96,1.0,13930_bq2_2,이유가 없다.,3,루브릭 평가
13930_bq4_4,96,96,1.0,13930_bq4_4,근거가 잘못되었다.,3,루브릭 평가
16397_aq2_2,96,48,0.5,16397_aq2_2,모범답안과 거의 유사하다,2,정오 판정
16397_aq2_5,96,49,0.5104166666666666,16397_aq2_5,모범답안과 거의 유사하다,2,정오 판정
16397_bq2_1,96,96,1.0,16397_bq2_1,판단 근거가 조금 아쉬움,3,루브릭 평가
16397_bq2_3,96,51,0.53125,16397_bq2_3,결론과 판단 근거 모두 미흡합니다,3,루브릭 평가
19998_bq2_4,96,70,0.7291666666666666,19998_bq2_4,정확함,1,막연한 인상
19998_bq3_1,96,88,0.9166666666666666,19998_bq3_1,근거가 부적절함,3,루브릭 평가
19998_bq3_2,96,96,1.0,19998_bq3_2,근거없는 판단,3,루브릭 평가
19998_bq3_5,96,96,1.0,19998_bq3_5,근거가 부족,3,루브릭 평가
25311_aq4_2,96,63,0.65625,25311_aq4_2,정확한 결론을 내림,3,루브릭 평가
31422_aq3_1,96,48,0.5,31422_aq3_1,논리적으로 맞지 않다,1,막연한 인상
31422_bq2_4,96,55,0.5729166666666666,31422_bq2_4,근거 좋음,3,루브릭 평가
31422_bq3_2,96,96,1.0,31422_bq3_2,근거 미약,3,루브릭 평가
31422_bq4_3,96,51,0.53125,31422_bq4_3,근거 좋음,3,루브릭 평가
33366_aq1_2,96,74,0.7708333333333334,33366_aq1_2,답은 올바릅니다. 하지만 근거를 제시하는 과정에서 변인통제의 상황을 제대로 서술하지 못하였습니다.,5,구체적 설명
33366_aq2_3,96,51,0.53125,33366_aq2_3,모범 답안입니다.,2,정오 판정
33366_aq2_5,96,57,0.59375,33366_aq2_5,"타당한 답안이나, 문제에서 원하는 답안은 변인 통제 상황에서의 오류 판별입니다.",5,구체적 설명
33366_bq4_5,96,82,0.8541666666666666,33366_bq4_5,이는 가설 1이 기각되는 이유가 아닌 가설 2의 성립을 위한 조건입니다.,5,구체적 설명
34078_aq3_2,96,96,1.0,34078_aq3_2,결론은 맞으나 판단의 근거가 부적절함,3,루브릭 평가
34078_aq3_5,96,96,1.0,34078_aq3_5,결과와 판단 근거 모두 틀림.,3,루브릭 평가
34078_aq4_3,96,51,0.53125,34078_aq4_3,결론과 판단 모두 적절하기에,3,루브릭 평가
34078_aq4_5,96,96,1.0,34078_aq4_5,결론 판단 모두 틀림,3,루브릭 평가
34078_bq2_3,96,96,1.0,34078_bq2_3,결과 안 씀.,3,루브릭 평가
36982_aq1_4,96,78,0.8125,36982_aq1_4,"통제변인, 조작변인, 종속변인을 정확히 제시하고 두 계곡씩 여러 번 비교함.",5,구체적 설명
36982_aq2_1,96,73,0.7604166666666666,36982_aq2_1,통제변인과 종속변인을 적절히 제시함.,5,구체적 설명
36982_aq3_1,96,51,0.53125,36982_aq3_1,결과를 명확히 판단할 수 없지만 본인의 추론을 바탕으로 결론을 제시함.,5,구체적 설명
36982_aq3_3,96,59,0.6145833333333334,36982_aq3_3,결과를 명확히 판단할 수 없지만 본인의 추론을 바탕으로 결론을 제시함.,5,구체적 설명
36982_bq1_2,96,75,0.78125,36982_bq1_2,뛰어 다니지 못할 것이라는 것과 덜 뛰어다니는 것은 약간의 차이가 있다.,5,구체적 설명
36982_bq1_4,96,77,0.8020833333333334,36982_bq1_4,덜 뛰는 것은 운동을 덜 하는 것과 비슷한 의미일 것이라 생각한다.,5,구체적 설명
36982_bq2_2,96,67,0.6979166666666666,36982_bq2_2,조작변인의 조건을 잘 서술함.,5,구체적 설명
36982_bq2_3,96,49,0.5104166666666666,36982_bq2_3,온도가 다른 것은 옳으나 비료의 종류를 달리해 어떤 비료가 잘 자라게 하는 지를 알아보아야 하므로 비료 종류가 다른 것은 이유가 될 수 없다.,5,구체적 설명
36982_bq4_1,96,93,0.96875,36982_bq4_1,물 분자가 빠져나가 무게가 감소했을 때 1이 기각됨을 적절히 서술함.,5,구체적 설명
42314_bq1_2,96,60,0.625,42314_bq1_2,주장과 근거를 잘 설명함,3,루브릭 평가
42314_bq2_3,96,52,0.5416666666666666,42314_bq2_3,주장과 근거를 잘 설명함,3,루브릭 평가
42314_bq2_5,96,48,0.5,42314_bq2_5,주장과 근거를 잘 설명함,3,루브릭 평가
42314_bq3_5,96,56,0.5833333333333334,42314_bq3_5,주장과 근거를 잘 설명함,3,루브릭 평가
46023_aq1_2,96,54,0.5625,46023_aq1_2,"위 상황에서 문제를 분석할때 어떤것이 조작변인이고 통제변인인지 구분하지 않음, 하지만 답은 맞았으므로 1점을 줌.",5,구체적 설명
46023_aq2_3,96,96,1.0,46023_aq2_3,조작변인 및 통제변인에 대한 이해는 있지만 설명이 부족함.,5,구체적 설명
46023_aq3_2,96,91,0.9479166666666666,46023_aq3_2,온도라는 변인을 확인함.,5,구체적 설명
46023_aq4_3,96,96,1.0,46023_aq4_3,가설 및 문제 상황을 정확히 이해했다.,5,구체적 설명
46023_bq1_2,96,81,0.84375,46023_bq1_2,문제상황을 잘 이해하고 적절하게 추론했다.,5,구체적 설명
46023_bq2_4,96,60,0.625,46023_bq2_4,조작변인과 통제변인을 잘 구별함,5,구체적 설명
47249_aq3_4,96,75,0.78125,47249_aq3_4,"경우를 구체적으로 설명했다,",5,구체적 설명
47249_bq1_4,96,53,0.5520833333333334,47249_bq1_4,논리가 없다.,1,막연한 인상
47641_bq1_1,96,63,0.65625,47641_bq1_1,근거랑 답 모두 맞음.,3,루브릭 평가
47641_bq2_5,96,96,1.0,47641_bq2_5,이건 뭐야,1,막연한 인상
47641_bq3_2,96,96,1.0,47641_bq3_2,근거와 답 모두 틀리다.,3,루브릭 평가
47641_bq4_4,96,96,1.0,47641_bq4_4,근거가 조금 부족하다.,3,루브릭 평가
47641_bq4_5,96,96,1.0,47641_bq4_5,근거가 약간 부족하다.,3,루브릭 평가
50054_aq1_4,96,72,0.75,50054_aq1_4,문제를 정확하게 인지하고 비교를 통해 결론을 적절하게 도출 했다.,5,구체적 설명
50054_aq1_5,96,90,0.9375,50054_aq1_5,논제인 엘크 수의 변화를 논리적인 설명을 통해 서술함.,5,구체적 설명
50054_aq3_4,96,53,0.5520833333333334,50054_aq3_4,조작변인이 정확하지 않아 논거가 부족한 논제이므로 함부로 판단하는 것은 옳지않다,5,구체적 설명
50054_bq2_1,96,91,0.9479166666666666,50054_bq2_1,통제변인에 대한 의견으로 오점을 찾았기에 적절한 답변이다.,5,구체적 설명
50054_bq4_3,96,96,1.0,50054_bq4_3,맞는 말이긴 하지만 근거가 미약하다,3,루브릭 평가
52220_aq3_4,96,66,0.6875,52220_aq3_4,조작변인이 2개나 되기 때문에 정확히 판단 불가능,5,구체적 설명
52220_bq1_4,96,88,0.9166666666666666,52220_bq1_4,짱,1,막연한 인상
52220_bq3_1,96,54,0.5625,52220_bq3_1,굿,1,막연한 인상
53663_aq2_1,96,60,0.625,53663_aq2_1,줄의 길이만 비교하면 된다,4,오류 지적
53663_aq3_2,96,52,0.5416666666666666,53663_aq3_2,"버터와 라드, 저온과 고온중 어느것이 더 나은지를 판단해야한다.",4,오류 지적
53663_bq4_1,96,93,0.96875,53663_bq4_1,무게가 일정할땐 가설 1이 지지된다,4,오류 지적
54776_aq3_2,96,94,0.9791666666666666,54776_aq3_2,시기의 차이가 결과에 미치는 영향이 없다고 말한게 인상적임 ,5,구체적 설명
54776_aq3_3,96,48,0.5,54776_aq3_3,굿,1,막연한 인상
54776_aq4_1,96,68,0.7083333333333334,54776_aq4_1,주장과 근거를 구체적으로 잘 말함,3,루브릭 평가
59763_aq1_4,96,55,0.5729166666666666,59763_aq1_4,눈과는 관련x,4,오류 지적
59763_aq3_2,96,76,0.7916666666666666,59763_aq3_2,문항답은 아니지만 근거가있다,3,루브릭 평가
59763_aq3_3,96,90,0.9375,59763_aq3_3,답이 안적혀있는데....,2,정오 판정
59763_bq1_1,96,96,1.0,59763_bq1_1,흠..근거는 있으나 답 X,3,루브릭 평가
59763_bq2_3,96,60,0.625,59763_bq2_3,답을 안적음,2,정오 판정
60205_aq2_3,96,77,0.8020833333333334,60205_aq2_3,결론과 판단 근거 모두 미흡,3,루브릭 평가
60205_aq3_5,96,74,0.7708333333333334,60205_aq3_5,답은 다르나 일부 근거가 타당함,3,루브릭 평가
60205_bq4_4,96,96,1.0,60205_bq4_4,근거 부족,3,루브릭 평가
60476_aq1_3,96,96,1.0,60476_aq1_3,근거가 명확하지 않음,3,루브릭 평가
60476_aq2_1,96,65,0.6770833333333334,60476_aq2_1,답이 이상함,2,정오 판정
60476_aq4_2,96,96,1.0,60476_aq4_2,답은 맞지만 근거가 명확하지가 않음,3,루브릭 평가
60476_bq2_2,96,82,0.8541666666666666,60476_bq2_2,근거가 적당하지 않음,3,루브릭 평가
60476_bq3_3,96,96,1.0,60476_bq3_3,근거가 맞지가 않음.,3,루브릭 평가
60476_bq3_5,96,56,0.5833333333333334,60476_bq3_5,근거가 적당함.,3,루브릭 평가
60570_aq1_3,96,78,0.8125,60570_aq1_3,조작 통제변인을 정확히 드러냈고 근거가 적절하다.,5,구체적 설명
60575_aq2_1,96,55,0.5729166666666666,60575_aq2_1,간결하고 옳은 답안,2,정오 판정
60575_aq2_4,96,94,0.9791666666666666,60575_aq2_4,간결하고 맞는 의견임,2,정오 판정
60575_aq4_5,96,96,1.0,60575_aq4_5,"해당 의견은 동의한다, 하지만 근거가 빈약하며 만약 다른 의견을 가지고 있었더라면 이에 대해 설득 당할 것 같지 않음",3,루브릭 평가
60575_bq1_4,96,81,0.84375,60575_bq1_4,적절한 답변이나 근거 부족,3,루브릭 평가
60575_bq2_4,96,94,0.9791666666666666,60575_bq2_4,근거가 부적절,3,루브릭 평가
60575_bq2_5,96,85,0.8854166666666666,60575_bq2_5,근거가 부적절,3,루브릭 평가
60575_bq3_3,96,90,0.9375,60575_bq3_3,답변이 옳지만 근거가 부족함,3,루브릭 평가
60575_bq4_1,96,90,0.9375,60575_bq4_1,답변은 옳지만 근거가 부족,3,루브릭 평가
60607_aq2_2,96,85,0.8854166666666666,60607_aq2_2,변인 설정 잘함,5,구체적 설명
60607_aq2_4,96,68,0.7083333333333334,60607_aq2_4,변인 설정 잘함,5,구체적 설명
60607_bq3_2,96,80,0.8333333333333334,60607_bq3_2,우와 대애박!,1,막연한 인상
60607_bq4_3,96,95,0.9895833333333334,60607_bq4_3,오 님좀 치는 듯??,1,막연한 인상
60998_aq4_1,96,96,1.0,60998_aq4_1,결론이 틀림,3,루브릭 평가
60998_aq4_3,96,94,0.9791666666666666,60998_aq4_3,근거가 부족함,3,루브릭 평가
60998_bq1_1,96,96,1.0,60998_bq1_1,"근거부족, 결론틀림",3,루브릭 평가
60998_bq1_2,96,96,1.0,60998_bq1_2,근거부족,3,루브릭 평가
61836_aq1_1,96,96,1.0,61836_aq1_1,위와 비슷하게 섰따,2,정오 판정
61836_bq1_5,96,77,0.8020833333333334,61836_bq1_5,답이랑은 같은데 잡다한 이야기가 많다,2,정오 판정
63183_aq1_4,96,96,1.0,63183_aq1_4,답이 틀림 그러나 근거는 타당함,3,루브릭 평가
63183_aq2_5,96,86,0.8958333333333334,63183_aq2_5,답은 맞으나 근거가 미흡함,3,루브릭 평가
63183_aq4_2,96,96,1.0,63183_aq4_2,결론을 딱 적어 주셧으면 좋앗을거 같네요,3,루브릭 평가
63183_bq2_4,96,80,0.8333333333333334,63183_bq2_4,결론을 잘 도출했다,3,루브릭 평가
63183_bq4_4,96,96,1.0,63183_bq4_4,결론이 틀렷다 ,3,루브릭 평가
63183_bq4_5,96,79,0.8229166666666666,63183_bq4_5,결론을 잘 도출함 ,3,루브릭 평가
64135_aq1_4,96,96,1.0,64135_aq1_4,결론과 판단 근거 모두 틀림,3,루브릭 평가
64135_aq2_3,96,53,0.5520833333333334,64135_aq2_3,결론과 판단 근거가 모두 옳음,3,루브릭 평가
64135_aq2_5,96,60,0.625,64135_aq2_5,결론과 판다 근거 모두 옳음,3,루브릭 평가
64135_aq4_4,96,80,0.8333333333333334,64135_aq4_4,냄새로 판단하는 것은 맞으나 결론에 대한 판단 근거가 부족하다.,5,구체적 설명
64135_bq4_2,96,96,1.0,64135_bq4_2,결론은 맞지만 이유가 살짝 부족하다,3,루브릭 평가
65597_aq3_5,96,72,0.75,65597_aq3_5,투표에 제시된 결과를 통해 신뢰할수 있다는 점을 강조한것 같다.,5,구체적 설명
65597_bq4_2,96,96,1.0,65597_bq4_2,가설에 대한 답을 잘 도출하였다.,5,구체적 설명
71626_aq1_2,96,92,0.9583333333333334,71626_aq1_2,똘똘하게 잘했다 근거도 잘 제시하고 해석도 잘함,3,루브릭 평가
71626_aq1_4,96,84,0.875,71626_aq1_4,잘 해석했고 근거도 좋다,3,루브릭 평가
71626_aq4_1,96,94,0.9791666666666666,71626_aq4_1,자료를 잘 활용해서 잘 해석했다,5,구체적 설명
71626_bq3_4,96,52,0.5416666666666666,71626_bq3_4,근거 명확 답 맞음,3,루브릭 평가
71626_bq4_3,96,96,1.0,71626_bq4_3,근거 이상,3,루브릭 평가
71626_bq4_5,96,69,0.71875,71626_bq4_5,이해안됨,1,막연한 인상
72079_aq3_1,96,90,0.9375,72079_aq3_1,문항 답으로 적절하지 않고 근거도 미흡,3,루브릭 평가
72079_aq4_5,96,76,0.7916666666666666,72079_aq4_5,결론과 판단 근거 모두 미흡,3,루브릭 평가
72079_bq3_5,96,96,1.0,72079_bq3_5,답이 틀렸지만 근거가 맞다,3,루브릭 평가
73407_aq1_2,96,92,0.9583333333333334,73407_aq1_2,근거가 부족함,3,루브릭 평가
73407_aq1_4,96,66,0.6875,73407_aq1_4,정답과 판단근거 모두 인과 관계가 적절하다.,3,루브릭 평가
73407_aq4_1,96,54,0.5625,73407_aq4_1,답은 적절하지만 평가근거가 미흡하다.,3,루브릭 평가
73407_bq2_4,96,93,0.96875,73407_bq2_4,답이 가설의 틀렸는지 옳았는지 판단하는 것이기 때문이다.,5,구체적 설명
73407_bq3_3,96,84,0.875,73407_bq3_3,변인통제를 제대로 하지않은 것을 잘 알고 있음.,5,구체적 설명
73749_aq3_4,96,96,1.0,73749_aq3_4,결론이 틀림,3,루브릭 평가
73749_bq2_1,96,96,1.0,73749_bq2_1,근거가 구체적이긴 하지만 답이 틀리므로 근거도 틀렸다.,3,루브릭 평가
73749_bq3_1,96,55,0.5729166666666666,73749_bq3_1,굳굳,1,막연한 인상
73749_bq4_5,96,68,0.7083333333333334,73749_bq4_5,굳.,1,막연한 인상
74154_aq1_3,96,96,1.0,74154_aq1_3,"답과 근거 모두 맞음. 늑대, 먹이 모두 언급함.",5,구체적 설명
74154_aq2_4,96,79,0.8229166666666666,74154_aq2_4,답과 근거 모두 적절함. 길이 다름 나머지 일정 ,5,구체적 설명
74154_aq3_1,96,90,0.9375,74154_aq3_1,결론과 판단 근거가 모두 미흡하다.,3,루브릭 평가
74154_aq3_3,96,86,0.8958333333333334,74154_aq3_3,결론과 판단 근거가 모두 미흡하다.,3,루브릭 평가
74154_aq3_5,96,88,0.9166666666666666,74154_aq3_5,결론과 판단 근거가 모두 미흡하다.,3,루브릭 평가
78009_bq2_3,96,66,0.6875,78009_bq2_3,변인을 잘 파악했기 떄문이다.,5,구체적 설명
78009_bq3_2,96,95,0.9895833333333334,78009_bq3_2,자료를 잘 파악하였다,5,구체적 설명
78009_bq4_2,96,87,0.90625,78009_bq4_2,자료를 잘 파악함,5,구체적 설명
79326_aq1_1,96,96,1.0,79326_aq1_1,근거가 정확하지 않음,3,루브릭 평가
79326_aq1_5,96,96,1.0,79326_aq1_5,주장과 근거가 옳지 않음,3,루브릭 평가
84484_aq2_3,96,66,0.6875,84484_aq2_3,올바른 근거와 답이다. 근거를 명확하게 설명하였다,3,루브릭 평가
84484_aq2_4,96,68,0.7083333333333334,84484_aq2_4,올바른 근거와 답이다. 근거를 명확하게 설명하였다,3,루브릭 평가
84484_aq2_5,96,65,0.6770833333333334,84484_aq2_5,올바른 근거와 답이다. 근거를 명확하게 설명하였다,3,루브릭 평가
84484_aq4_1,96,96,1.0,84484_aq4_1,잘못 추론하였다,1,막연한 인상
84785_aq1_4,96,88,0.9166666666666666,84785_aq1_4,판단은 맞지만 결론이 없다,3,루브릭 평가
84785_aq4_2,96,96,1.0,84785_aq4_2,내용과 결론이 알차다,3,루브릭 평가
84785_aq4_4,96,91,0.9479166666666666,84785_aq4_4,내용과 결론이 알차다,3,루브릭 평가
84785_aq4_5,96,96,1.0,84785_aq4_5,내용과 판단이 완벽하다 결론도 너뮤 완벽해용,3,루브릭 평가
86304_aq4_3,96,96,1.0,86304_aq4_3,결론은?,3,루브릭 평가
86304_bq1_1,96,79,0.8229166666666666,86304_bq1_1,굳,1,막연한 인상
86304_bq2_4,96,94,0.9791666666666666,86304_bq2_4,근거 미흡,3,루브릭 평가
86304_bq3_3,96,69,0.71875,86304_bq3_3,굳,1,막연한 인상
86423_aq1_5,96,94,0.9791666666666666,86423_aq1_5,결론의 근거가 부족하다.,3,루브릭 평가
86423_aq2_5,96,96,1.0,86423_aq2_5,근거가 부족하다,3,루브릭 평가
86423_aq3_2,96,96,1.0,86423_aq3_2,근거가 부족하다,3,루브릭 평가
86423_bq2_3,96,96,1.0,86423_bq2_3,변인통제를 통해 결과를 적절히 제시함,5,구체적 설명
89140_aq3_5,96,96,1.0,89140_aq3_5,근거가 타당하지만 답이 틀림,3,루브릭 평가
89140_bq2_4,96,96,1.0,89140_bq2_4,쓴게 없다,1,막연한 인상
89140_bq4_4,96,57,0.59375,89140_bq4_4,제대로 판단함,1,막연한 인상
92420_aq1_2,96,88,0.9166666666666666,92420_aq1_2,눈에양에의해서 엘크수가 변화하는것이지 먹이 에따라서가아니다,5,구체적 설명
92420_aq2_4,96,65,0.6770833333333334,92420_aq2_4,조작변인과 통제변인을 더 명확히게 말해주었으면 좋았을듯하다,6,대안 제시
92420_aq4_5,96,64,0.6666666666666666,92420_aq4_5,흰색암컷 회색 수컷이랑 같이산거아님?,4,오류 지적
92877_aq2_1,96,88,0.9166666666666666,92877_aq2_1,짝짝,1,막연한 인상
92877_bq3_3,96,48,0.5,92877_bq3_3,굿,1,막연한 인상
92877_bq4_1,95,56,0.5894736842105263,92877_bq4_1,굿,1,막연한 인상
92877_bq4_5,96,67,0.6979166666666666,92877_bq4_5,굿,1,막연한 인상
93938_aq4_5,96,96,1.0,93938_aq4_5,결론을 말하지 않았다. 해석도 잘못함,3,루브릭 평가
93938_bq3_5,96,82,0.8541666666666666,93938_bq3_5,지문의 이해를 하지 못한 것 같습니다..,4,오류 지적
93938_bq4_2,96,96,1.0,93938_bq4_2,답은 맞는데 이유가 틀림ㅋ,3,루브릭 평가
94001_aq3_4,96,96,1.0,94001_aq3_4,근거가 애매함,3,루브릭 평가
94001_bq3_4,96,96,1.0,94001_bq3_4,아님,2,정오 판정
94318_aq4_5,96,96,1.0,94318_aq4_5,답은 맞았지만 근거 X,3,루브릭 평가
94318_bq4_3,96,96,1.0,94318_bq4_3,근거부족,3,루브릭 평가
95847_aq1_1,96,96,1.0,95847_aq1_1,눈의 영향이 커야함,2,정오 판정
95847_aq1_5,96,96,1.0,95847_aq1_5,눈의 영향이 컸다고 판단함,2,정오 판정
95847_aq2_4,96,70,0.7291666666666666,95847_aq2_4,정확함,1,막연한 인상
95847_bq1_1,96,94,0.9791666666666666,95847_bq1_1,근거 부족,3,루브릭 평가
95847_bq3_3,96,96,1.0,95847_bq3_3,결론 틀림,3,루브릭 평가
