Model,Within_Type_Kappa,Cross_Type_Kappa,Delta,Overall_Kappa
C3_Optimal3_SoftVoting,0.6451438616254153,0.5644255541104638,0.08071830751495146,0.5759567408983141
C5_Prev5_Stacking,0.6096573653127854,0.5657986626073559,0.043858702705429464,0.5720641915652743
C3_Optimal3_Stacking,0.6076389442738166,0.5522406235049703,0.05539832076884632,0.5601546693290912
C2_Alt5_SoftVoting,0.6043150132260926,0.5475905763821525,0.05672443684394013,0.5556940673598582
C1_Optimal5_HardVoting,0.6142164535508008,0.5457008432213032,0.0685156103294976,0.5554887875540887
C1_Optimal5_SoftVoting,0.606078768713697,0.546444237454506,0.05963453125919105,0.554963456205819
XGB,0.6254146852907249,0.5373444686000625,0.0880702166906624,0.5499259281273
C2_Alt5_HardVoting,0.6078373848984653,0.5393945058358146,0.06844287906265067,0.5491720599876219
C4_Prev4_Stacking,0.5819509410056695,0.53790793243401,0.04404300857165944,0.5441997908013898
C4_Prev4_SoftVoting,0.60007685163407,0.5328737814800562,0.06720307015401383,0.5424742200734868
C5_Prev5_SoftVoting,0.6010464205577832,0.5303708913606816,0.07067552919710163,0.5404673955316961
GB,0.595210024643489,0.5302272859993454,0.06498273864414361,0.5395105343770803
C1_Optimal5_Stacking,0.5795707373346026,0.529156477086119,0.05041426024848361,0.5363585142644738
SVM-L,0.5991616004439473,0.525424255528109,0.07373734491583828,0.5359581619446574
C2_Alt5_Stacking,0.5764728906170971,0.5277673789718323,0.04870551164526471,0.5347253092068701
RF,0.5529191869153802,0.4976584129266883,0.05526077398869195,0.5055528092107872
C3_Optimal3_HardVoting,0.5558784175064087,0.49489050978856347,0.06098790771784518,0.5036030680339699
C4_Prev4_HardVoting,0.550809411300746,0.49450512395833646,0.056304287342409554,0.5025485935786806
C5_Prev5_HardVoting,0.550230010781345,0.4914650868893942,0.058764923891950815,0.4998600760168158
LR,0.537772813076631,0.4824959516580123,0.05527686141861876,0.4903926461463864
DT,0.5320359596010863,0.48340236434100237,0.04863359526008393,0.4903500208067286
CNB,0.5135756573305568,0.46724116162654755,0.046334495704009215,0.47386037529854885
SVM-RBF,0.5050890002491226,0.45734024575604787,0.04774875449307475,0.46416149639791576
LGBM,0.3273302984073242,0.31764044460243307,0.009689853804891124,0.31902470943170325
