id,label,pred_run1,pred_run2,pred_run3
10212_aq1_1,4,1,1,1
10212_aq1_4,3,3,3,3
10212_bq1_2,1,1,1,1
10212_bq2_1,1,1,1,1
10212_bq3_1,3,5,5,5
10212_bq3_2,3,5,5,5
10212_bq3_5,3,2,2,2
10212_bq4_1,3,4,4,4
10212_bq4_4,3,4,4,4
10212_bq4_5,5,4,4,4
10271_aq2_4,2,0,0,0
10271_aq3_2,2,4,4,4
10271_aq4_3,4,4,4,4
10271_aq4_5,5,4,4,4
10271_bq1_2,4,2,2,2
10271_bq1_4,1,1,1,1
10271_bq2_3,1,2,2,2
10271_bq2_4,1,1,1,1
10271_bq2_5,1,1,1,1
10271_bq3_5,1,1,1,1
10271_bq4_1,1,1,1,1
10271_bq4_2,4,4,4,4
10271_bq4_5,1,1,1,1
13043_aq3_1,2,4,4,4
13043_aq3_2,2,4,4,4
13043_aq3_3,2,4,4,4
13043_aq4_1,4,0,0,0
13043_aq4_2,1,1,1,1
13043_bq1_3,2,2,2,2
13043_bq2_1,4,1,1,1
13043_bq2_4,2,2,2,2
13043_bq3_2,1,1,1,1
13043_bq3_5,1,1,1,1
13043_bq4_2,1,0,0,0
13043_bq4_3,1,1,1,1
13043_bq4_5,1,1,1,1
13182_aq1_2,3,3,3,3
13182_aq1_4,3,3,3,3
13182_aq2_2,3,3,3,3
13182_aq2_3,2,4,4,4
13182_aq3_2,2,1,1,1
13182_aq3_3,4,4,4,4
13182_aq4_2,3,3,3,3
13182_aq4_3,5,2,2,4
13182_bq1_1,1,1,1,1
13182_bq2_3,1,1,1,1
13182_bq2_5,1,1,1,1
13182_bq3_1,3,3,3,3
13182_bq3_2,3,3,3,3
13182_bq4_2,3,4,4,4
13182_bq4_4,1,1,1,1
13182_bq4_5,3,4,4,4
13930_aq1_3,5,4,4,4
13930_aq1_4,4,4,4,4
13930_aq2_2,5,5,5,5
13930_aq2_5,5,5,5,5
13930_aq4_2,5,5,5,5
13930_aq4_3,1,1,1,1
13930_bq2_4,3,4,4,4
13930_bq2_5,3,4,4,4
13930_bq4_2,1,1,1,1
13930_bq4_5,3,4,4,4
16397_aq1_1,2,2,2,2
16397_aq1_2,2,2,2,2
16397_aq1_3,2,2,2,2
16397_aq1_4,2,2,2,2
16397_aq1_5,2,2,2,2
16397_aq2_4,2,2,2,2
16397_aq4_5,6,6,6,6
16397_bq1_5,3,1,1,1
16397_bq2_2,3,4,4,4
16397_bq2_4,3,4,4,4
16397_bq3_4,3,3,3,3
16397_bq4_2,3,4,4,4
16397_bq4_4,3,4,4,4
19998_aq1_2,5,3,3,3
19998_aq2_1,4,4,4,4
19998_aq3_4,3,4,4,4
19998_aq4_1,3,3,3,3
19998_aq4_3,3,3,3,3
19998_aq4_4,3,3,3,3
19998_bq1_1,3,3,3,3
19998_bq1_2,3,3,3,3
19998_bq1_3,3,3,3,3
19998_bq2_5,2,1,1,1
19998_bq3_1,3,4,4,4
19998_bq4_1,1,1,1,2
19998_bq4_2,3,3,3,3
19998_bq4_3,3,3,3,3
22040_aq1_2,2,2,2,2
22040_aq2_3,2,2,2,2
22040_aq2_4,2,2,2,2
22040_aq4_1,2,2,2,2
22040_aq4_3,2,2,2,2
25095_aq1_2,5,5,5,5
25095_aq1_3,5,5,5,5
25095_aq2_5,3,3,3,3
25095_aq4_1,3,3,3,3
25095_aq4_2,3,4,4,4
25095_aq4_3,3,3,3,3
25311_aq1_1,5,2,2,2
25311_aq1_4,1,1,1,1
25311_aq1_5,4,4,4,4
25311_aq2_2,5,3,3,3
25311_aq3_3,5,5,5,5
25311_aq4_4,3,3,3,3
25311_aq4_5,3,2,2,2
25311_bq2_3,1,1,1,1
25311_bq3_1,3,2,2,4
25311_bq3_5,1,1,1,1
25311_bq4_3,1,1,1,1
31422_aq1_3,3,3,3,3
31422_aq2_1,4,4,4,4
31422_aq3_1,1,4,4,4
31422_aq4_3,1,1,1,1
31422_bq1_1,3,3,3,3
31422_bq1_2,3,3,3,3
31422_bq2_4,3,3,3,3
31422_bq4_4,2,1,1,1
33366_aq2_2,6,6,6,6
33366_aq4_3,5,5,5,5
33366_aq4_4,2,2,2,2
33366_bq2_5,2,2,2,2
33366_bq4_2,2,2,2,2
33366_bq4_3,1,1,1,1
34078_aq4_1,3,5,5,5
34078_aq4_4,3,2,2,2
34078_bq1_1,1,4,4,4
34078_bq1_3,1,1,1,1
34078_bq1_5,1,1,1,1
34078_bq2_3,3,4,4,4
34078_bq3_1,1,1,1,1
36982_aq1_3,5,5,5,5
36982_aq1_5,5,5,5,5
36982_aq2_2,5,4,4,4
36982_aq2_5,5,3,3,3
36982_aq3_3,5,3,3,3
36982_aq3_4,5,3,3,3
36982_aq4_3,5,4,4,4
36982_bq1_5,5,5,5,5
36982_bq2_2,5,5,5,5
36982_bq2_3,5,6,6,6
36982_bq3_4,5,4,4,4
36982_bq4_3,4,2,2,2
42314_aq1_2,3,3,3,3
42314_aq2_1,1,1,1,1
42314_aq2_3,1,1,1,1
42314_aq3_3,1,1,1,1
42314_aq3_4,1,1,1,1
42314_bq1_5,3,3,3,3
42314_bq2_1,3,3,3,3
42314_bq3_4,3,3,3,3
46023_aq1_2,5,5,5,5
46023_aq1_5,5,3,3,3
46023_aq2_5,5,5,5,5
46023_aq3_1,4,4,4,4
46023_bq2_5,5,5,5,5
46023_bq4_3,5,3,3,3
46707_bq1_1,1,1,1,1
46707_bq1_4,1,1,1,1
46707_bq2_1,1,1,1,1
46707_bq3_1,1,1,1,1
46707_bq3_3,1,1,1,1
46707_bq3_4,1,1,1,1
46707_bq4_1,1,1,1,1
47249_aq1_1,6,6,6,6
47249_aq1_5,6,6,6,6
47249_aq3_5,5,6,6,6
47249_bq1_4,1,4,4,4
47249_bq2_1,1,2,2,2
47249_bq2_3,5,4,4,4
47249_bq2_5,1,2,2,2
47249_bq3_4,1,1,1,1
47249_bq4_1,1,1,1,1
47641_aq1_3,0,0,0,0
47641_aq2_5,0,0,0,0
47641_aq3_4,0,0,0,0
47641_aq4_1,0,0,0,0
47641_aq4_5,0,0,0,0
47641_bq2_5,1,1,1,0
47641_bq3_4,3,2,2,2
47641_bq3_5,3,2,2,2
47641_bq4_4,3,4,4,4
47641_bq4_5,3,4,4,4
48624_aq1_4,5,5,5,3
48624_aq1_5,6,6,6,6
48624_aq4_1,3,5,5,5
48624_aq4_4,3,2,3,2
48624_bq2_3,3,3,3,3
48624_bq3_5,3,3,3,3
48624_bq4_3,3,2,2,2
48624_bq4_5,3,2,2,2
50054_aq1_2,5,3,3,3
50054_aq2_1,3,3,3,3
50054_aq2_2,3,3,3,3
50054_aq3_3,5,5,5,5
50054_aq4_3,3,3,3,3
50054_bq1_2,2,2,2,2
50054_bq3_3,4,4,4,4
50054_bq4_3,3,5,5,5
50054_bq4_5,2,2,2,2
52220_aq1_1,2,2,2,2
52220_aq2_1,2,2,2,2
52220_aq2_2,5,4,4,4
52220_aq3_2,5,4,4,4
52220_aq4_2,2,2,2,2
52220_bq1_1,1,1,1,1
52220_bq1_3,0,1,1,1
52220_bq2_2,1,1,1,1
52220_bq3_1,1,1,1,1
52220_bq3_3,1,1,1,1
52220_bq3_4,4,4,4,4
52220_bq4_5,0,0,0,0
53663_aq2_2,3,3,3,3
53663_aq2_5,3,3,3,3
53663_aq3_1,3,1,3,1
53663_aq3_4,4,4,4,4
53663_aq4_2,3,3,3,3
53663_bq2_2,4,4,4,4
53663_bq3_5,1,1,1,1
53663_bq4_3,4,4,4,4
54776_aq1_2,3,3,3,3
54776_aq1_4,5,1,1,1
54776_aq2_2,1,1,1,1
54776_aq2_4,2,2,2,2
54776_bq2_4,3,3,3,3
54776_bq2_5,3,3,3,3
54776_bq3_3,3,3,3,3
54776_bq3_5,3,3,3,3
54776_bq4_1,3,3,3,3
54776_bq4_5,3,3,3,3
59763_aq3_1,3,2,2,2
59763_aq3_3,2,4,4,4
59763_aq4_4,3,3,3,3
59763_bq2_1,2,1,1,2
59763_bq4_5,2,2,2,2
60205_aq1_3,1,1,1,1
60205_aq2_4,3,4,4,4
60205_bq1_2,5,2,2,2
60205_bq2_4,1,1,1,1
60205_bq2_5,1,1,1,1
60205_bq3_3,1,1,1,1
60205_bq4_3,1,1,1,1
60205_bq4_4,3,4,4,4
60476_aq1_1,3,4,4,4
60476_aq2_4,3,4,4,4
60476_aq3_1,3,2,2,2
60476_aq4_3,4,4,4,4
60476_aq4_5,3,2,2,2
60476_bq1_4,3,3,3,3
60476_bq2_2,3,4,4,4
60476_bq2_3,3,3,3,3
60476_bq4_2,3,4,4,4
60476_bq4_3,3,3,2,2
60570_aq2_4,1,1,1,1
60570_aq4_2,1,1,1,1
60570_bq1_3,1,1,1,1
60570_bq1_4,1,1,1,1
60570_bq2_5,1,1,1,1
60570_bq3_1,1,1,1,1
60570_bq3_3,1,1,1,1
60570_bq4_2,1,1,1,1
60570_bq4_3,1,1,1,1
60570_bq4_5,1,1,1,1
60575_aq2_4,2,1,1,1
60575_aq3_1,4,1,1,1
60575_aq3_4,4,1,1,1
60575_aq3_5,1,1,1,1
60575_aq4_2,3,5,5,5
60575_bq1_1,3,4,4,4
60575_bq1_5,3,4,4,4
60575_bq2_5,3,4,4,4
60575_bq4_1,3,4,4,4
60607_aq2_1,5,5,5,5
60607_aq2_3,4,4,4,4
60607_aq3_5,2,2,2,2
60607_aq4_4,2,2,2,2
60607_bq2_2,1,1,1,1
60607_bq2_5,2,1,1,1
60607_bq3_4,1,1,1,1
60998_aq1_1,3,4,4,4
60998_aq2_3,3,3,3,3
60998_aq4_5,3,4,4,4
60998_bq1_3,3,2,2,2
60998_bq1_4,1,1,1,1
60998_bq2_1,1,1,1,1
60998_bq2_4,3,2,2,2
60998_bq3_2,1,1,1,1
60998_bq3_4,1,1,1,1
61836_aq1_2,2,1,1,1
61836_aq1_3,2,1,1,1
61836_aq1_5,2,1,1,1
61836_aq2_1,4,4,4,4
61836_aq2_2,4,4,4,4
61836_aq4_3,1,1,1,1
61836_bq1_4,1,2,2,2
61836_bq1_5,2,4,4,4
61836_bq2_2,2,2,2,2
61836_bq4_5,2,2,2,2
63183_aq1_1,3,2,2,2
63183_aq1_3,2,2,2,2
63183_aq1_5,3,4,4,4
63183_aq2_1,3,3,3,3
63183_bq3_1,3,3,3,3
63183_bq4_1,3,4,4,4
63183_bq4_4,3,4,4,4
63183_bq4_5,3,3,3,3
64135_aq1_1,4,4,4,4
64135_aq1_2,3,4,4,4
64135_aq1_5,3,4,4,4
64135_aq2_2,3,4,4,4
64135_aq2_4,3,4,4,4
64135_aq3_1,3,5,5,5
64135_aq4_5,3,3,3,3
64135_bq1_2,5,4,4,4
64135_bq3_1,3,3,3,3
64135_bq4_2,3,5,5,5
65597_aq1_1,5,3,3,3
65597_aq1_2,5,5,5,5
65597_aq2_2,5,5,5,5
65597_aq2_4,5,5,5,5
65597_aq3_3,5,5,5,5
65597_aq4_4,5,1,1,1
65597_aq4_5,5,1,1,1
65597_bq1_5,2,2,2,2
65597_bq2_2,3,3,3,3
65597_bq2_4,3,4,4,4
65597_bq3_2,2,2,2,2
65597_bq3_4,5,3,3,3
65597_bq4_1,5,3,3,3
71626_aq1_1,3,3,3,3
71626_aq1_3,1,1,1,1
71626_aq1_4,3,3,3,3
71626_aq1_5,1,1,1,1
71626_aq4_3,4,4,4,4
71626_aq4_5,1,2,2,2
71626_bq1_5,1,1,1,1
71626_bq2_2,1,1,1,1
71626_bq2_4,2,2,2,2
71626_bq3_1,3,4,4,4
72079_aq1_5,3,3,3,3
72079_aq2_2,3,3,3,3
72079_aq2_4,3,4,4,4
72079_aq4_1,3,3,3,3
72079_aq4_2,3,3,3,3
72079_bq1_2,2,2,2,2
72079_bq1_4,2,2,2,2
72079_bq1_5,2,2,2,2
72079_bq2_1,2,2,2,2
72079_bq2_2,1,1,1,1
72079_bq3_2,3,2,2,2
72079_bq3_5,3,2,2,2
72079_bq4_2,1,1,1,1
72079_bq4_4,1,1,1,1
73407_aq1_5,3,5,3,3
73407_aq3_1,3,3,3,3
73407_aq3_3,2,2,2,2
73407_aq3_5,2,2,2,2
73407_aq4_4,3,2,2,2
73407_bq2_1,3,2,2,3
73407_bq2_3,3,4,4,4
73407_bq3_4,3,3,3,3
73407_bq3_5,5,5,5,5
73749_aq2_1,3,4,4,4
73749_aq2_5,4,4,4,4
73749_aq3_5,3,3,3,3
73749_aq4_1,3,4,4,4
74154_aq1_2,5,4,4,4
74154_aq1_4,5,2,2,2
74154_aq2_1,6,6,6,6
74154_aq4_2,5,3,3,3
74154_aq4_4,4,4,4,4
78009_bq1_4,1,1,1,1
78009_bq1_5,1,1,1,1
78009_bq2_2,5,5,5,2
78009_bq2_4,4,4,4,4
78009_bq2_5,5,1,1,1
78009_bq3_1,5,1,1,1
78009_bq3_4,5,1,1,1
78009_bq4_1,5,3,3,3
79326_aq2_1,3,4,4,4
79326_aq2_2,3,4,4,4
79326_aq3_2,3,4,4,4
79326_aq3_3,3,3,3,3
79326_aq4_5,3,4,4,4
79326_bq1_4,4,1,1,1
79326_bq2_1,3,4,4,4
79326_bq2_3,3,4,4,4
79326_bq2_5,3,4,4,4
79326_bq3_4,1,1,1,1
79326_bq4_1,1,2,2,2
79326_bq4_4,3,4,4,4
83966_aq2_2,0,0,0,0
83966_aq2_3,0,0,0,0
83966_aq4_5,4,1,1,1
83966_bq1_1,0,0,0,0
83966_bq1_3,0,0,0,0
83966_bq2_2,0,0,0,0
83966_bq2_4,0,0,0,0
83966_bq3_5,0,0,0,0
84484_aq1_1,3,3,3,3
84484_aq1_2,3,3,3,3
84484_aq1_5,3,5,5,5
84484_aq2_1,3,5,5,5
84484_aq3_2,2,4,4,4
84484_aq3_3,3,3,3,3
84484_aq3_4,2,2,2,2
84484_bq1_4,2,2,2,2
84484_bq1_5,2,2,2,2
84484_bq3_1,4,4,4,4
84484_bq3_5,4,4,4,4
84484_bq4_3,3,3,3,3
84785_aq1_3,1,1,1,1
84785_aq1_4,3,4,4,4
84785_aq2_3,3,1,1,1
84785_aq2_4,3,1,1,1
84785_aq3_4,1,1,1,1
84785_aq4_1,3,1,1,1
84785_aq4_2,3,1,1,1
84785_aq4_5,3,1,1,1
86304_aq1_2,1,1,1,1
86304_aq1_4,3,2,2,2
86304_aq2_5,1,1,1,1
86304_aq4_4,1,1,1,1
86304_bq1_2,1,1,1,1
86304_bq2_3,1,4,4,4
86304_bq3_3,1,1,1,1
86304_bq3_5,1,1,1,1
86304_bq4_1,4,4,4,4
86423_aq1_2,5,3,3,3
86423_aq2_1,3,4,4,4
86423_aq3_1,3,4,4,4
86423_aq3_4,3,4,4,4
86423_aq4_1,3,3,3,3
86423_aq4_3,3,3,3,3
86423_bq1_3,3,3,3,3
86423_bq1_5,3,3,3,3
86423_bq2_3,5,3,3,3
86423_bq3_1,1,1,1,1
89140_aq2_4,5,3,3,5
89140_aq3_4,1,1,1,1
89140_bq1_1,1,1,1,1
89140_bq1_5,3,2,2,2
89140_bq4_5,1,2,2,2
91779_aq1_4,2,2,2,2
91779_aq1_5,4,4,4,4
91779_aq3_2,2,2,2,2
91779_aq4_3,2,2,2,2
91779_bq1_4,2,2,2,2
92420_aq2_4,6,6,6,6
92420_aq3_4,4,4,4,4
92420_bq1_1,6,4,4,4
92420_bq1_2,1,1,1,1
92420_bq4_1,1,1,1,1
92420_bq4_2,1,1,1,1
92420_bq4_4,4,4,4,4
92877_aq1_3,4,2,2,2
92877_aq2_2,5,6,4,4
92877_aq2_3,1,1,1,1
92877_aq2_5,5,6,4,6
92877_aq3_1,2,2,2,2
92877_bq1_4,1,0,0,0
92877_bq3_4,2,0,0,0
92877_bq4_1,1,1,1,1
92877_bq4_4,1,1,1,1
93938_aq1_5,4,4,4,4
93938_aq3_1,3,5,5,5
93938_bq1_5,5,4,5,5
93938_bq2_1,3,3,3,3
93938_bq4_2,3,5,5,4
94001_aq1_1,5,5,5,5
94001_aq1_5,4,4,4,4
94001_aq2_3,4,4,4,4
94001_aq2_4,4,4,4,4
94001_bq1_3,1,1,1,1
94001_bq2_2,1,1,1,1
94001_bq2_4,1,2,1,1
94001_bq3_2,1,1,1,1
94001_bq3_3,1,1,1,1
94318_aq1_5,3,3,3,3
94318_aq2_3,3,3,3,3
94318_aq3_2,3,2,2,2
94318_aq3_5,3,2,2,2
94318_aq4_1,3,5,5,5
94318_bq1_4,2,2,2,2
94318_bq1_5,2,2,2,2
94318_bq4_1,2,2,2,2
94318_bq4_2,2,2,2,2
94318_bq4_3,3,4,4,4
94318_bq4_5,3,4,4,4
95847_aq1_1,2,4,4,4
95847_aq2_1,1,1,1,1
95847_aq2_3,1,1,1,1
95847_aq2_4,1,2,2,2
95847_aq4_1,5,2,2,2
95847_bq1_2,4,1,1,4
95847_bq2_1,1,1,1,1
95847_bq3_1,1,1,1,1
95847_bq3_3,3,2,2,2
95847_bq3_4,1,1,1,1
