유형,쌍,테스트 문항,테스트 유형,1Q(Q1) Kappa,1Q(Q3) Kappa,1Q 평균 Kappa,2Q Kappa,Δ (2Q-1Q평균),1Q(Q2) Kappa,1Q(Q6) Kappa,1Q(Q4) Kappa,1Q(Q5) Kappa,1Q(Q7) Kappa,1Q(Q8) Kappa
자료해석·결론,Q1_Q3,Q2,실험설계,0.723018147086915,0.6394226349177163,0.6812203910023157,0.7710830363891588,0.08986264538684308,,,,,,
자료해석·결론,Q1_Q3,Q4,예측,0.6902818629838128,0.6298809875086062,0.6600814252462095,0.7311498631343198,0.07106843788811035,,,,,,
자료해석·결론,Q1_Q3,Q5,예측,0.6120052289822773,0.5765581194737976,0.5942816742280375,0.6909155503542246,0.09663387612618712,,,,,,
자료해석·결론,Q1_Q3,Q6,실험설계,0.7125199852416677,0.7157484053423612,0.7141341952920144,0.814993954050786,0.10085975875877162,,,,,,
자료해석·결론,Q1_Q3,Q7,가설평가,0.7054167379770666,0.7130429137181069,0.7092298258475868,0.8354496253122398,0.126219799464653,,,,,,
자료해석·결론,Q1_Q3,Q8,가설평가,0.6364493770836989,0.6108652525560812,0.6236573148198901,0.7363603075796412,0.11270299275975115,,,,,,
실험설계,Q2_Q6,Q1,자료해석·결론,,,0.692705854637129,0.7961650458766002,0.10345919123947123,0.7254901960784313,0.6599215131958265,,,,
실험설계,Q2_Q6,Q3,자료해석·결론,,,0.5939504075254068,0.7735631756882267,0.1796127681628199,0.618899842942835,0.5690009721079787,,,,
실험설계,Q2_Q6,Q4,예측,,,0.6527751159672129,0.737740865076747,0.08496574910953403,0.6924726106882241,0.6130776212462018,,,,
실험설계,Q2_Q6,Q5,예측,,,0.6441788546139392,0.6939355653821857,0.049756710768246504,0.5745035875187718,0.7138541217091066,,,,
실험설계,Q2_Q6,Q7,가설평가,,,0.7384803153084086,0.882276409115709,0.1437960938073004,0.7049542442410854,0.7720063863757318,,,,
실험설계,Q2_Q6,Q8,가설평가,,,0.6951465651744085,0.7948815647424906,0.09973499956808207,0.6756344209120397,0.7146587094367773,,,,
예측,Q4_Q5,Q1,자료해석·결론,,,0.5649082360651526,0.7351863503460527,0.17027811428090012,,,0.6251626652584727,0.5046538068718325,,
예측,Q4_Q5,Q2,실험설계,,,0.5766737624740126,0.756590428951961,0.17991666647794846,,,0.6088305087912703,0.544517016156755,,
예측,Q4_Q5,Q3,자료해석·결론,,,0.5076194468047416,0.7018004501125281,0.19418100330778654,,,0.5544152606250363,0.46082363298444684,,
예측,Q4_Q5,Q6,실험설계,,,0.6970409017019084,0.8699987764590725,0.17295787475716418,,,0.6745801851439222,0.7195016182598947,,
예측,Q4_Q5,Q7,가설평가,,,0.6610522755556008,0.8392012611665791,0.17814898561097836,,,0.6752202781141687,0.6468842729970327,,
예측,Q4_Q5,Q8,가설평가,,,0.6367923676782745,0.7641276055671478,0.12733523788887324,,,0.610486005034315,0.663098730322234,,
가설평가,Q7_Q8,Q1,자료해석·결론,,,0.5642779098404229,0.7023951985566214,0.13811728871619844,,,,,0.5947785547785548,0.5337772649022909
가설평가,Q7_Q8,Q2,실험설계,,,0.5360586927610458,0.7151783437169819,0.17911965095593607,,,,,0.5534341956630433,0.5186831898590484
가설평가,Q7_Q8,Q3,자료해석·결론,,,0.4522513991843215,0.61901728844404,0.16676588925971852,,,,,0.49025844173157873,0.41424435663706427
가설평가,Q7_Q8,Q4,예측,,,0.5670537518065578,0.6130048806733023,0.04595112886674446,,,,,0.5833416260324411,0.5507658775806745
가설평가,Q7_Q8,Q5,예측,,,0.6026602829994925,0.6779369746159261,0.07527669161643358,,,,,0.5882115462252725,0.6171090197737126
가설평가,Q7_Q8,Q6,실험설계,,,0.730850784791139,0.7848836041536947,0.05403281936255577,,,,,0.7314756687794901,0.7302259008027879
