Classifier,Acc_Mean,Acc_Std,F1_Mean,F1_Std,Kappa_Mean,Reproducibility,Gen_Acc_Mean,Gen_Acc_Drop
Stacking,0.827724358974359,0.029169858412287468,0.7526175376075676,0.031442611904820957,0.7827080970744313,1.0,0.9065170940170939,-0.07879273504273487
SVM-L,0.8253205128205128,0.02597377738578643,0.7452130019841152,0.02672491210473623,0.7780557587964974,1.0,0.9021100427350426,-0.07678952991452981
Soft Voting,0.8226495726495727,0.029557968784331073,0.7434510705750612,0.033683203587927986,0.7750876041236068,1.0,0.9034455128205128,-0.08079594017094005
Hard Voting,0.8213141025641026,0.027930168362072728,0.7409633250188477,0.027107284595342052,0.7736738095952838,1.0,0.8985042735042735,-0.07719017094017089
LR,0.8042200854700856,0.02857219443858242,0.7348077406321718,0.02134188986058816,0.7536514356958505,1.0,0.8689903846153846,-0.06477029914529897
RF,0.8092948717948718,0.03118058118046357,0.7216194403329381,0.02780073916318086,0.7573844358228635,1.0,0.9027777777777776,-0.09348290598290576
SVM-RBF,0.812232905982906,0.034802770641801276,0.705074748772679,0.05407006562457196,0.762034128971747,1.0,0.8950320512820513,-0.08279914529914534
DT,0.7868589743589743,0.028518775282943918,0.6956873287732893,0.025227180371278086,0.7302307711972186,1.0,0.8990384615384615,-0.11217948717948711
XGB,0.8571047008547008,0.024429248749080364,0.6863803637893373,0.03225555044814807,0.8113072236228992,1.0,0.9344284188034186,-0.07732371794871784
CNB,0.7793803418803419,0.01593524182800586,0.6797000521659815,0.018082734160533274,0.7181383455946045,1.0,0.8465544871794872,-0.06717414529914534
LGBM,0.7489316239316239,0.051754075132468824,0.6575268450031267,0.05671244864857994,0.6856890100427832,1.0,0.8311965811965812,-0.0822649572649573
GB,0.843482905982906,0.01928494638871594,0.65391256735237,0.02255886452487303,0.7923465536690878,1.0,0.9387019230769231,-0.09521901709401714
KNN,0.718482905982906,0.037730516157658676,0.5273839962698903,0.040340354810603385,0.6289485490076507,1.0,0.9118589743589742,-0.19337606837606824
MNB,0.7077991452991452,0.01648480818224437,0.48823794410548516,0.019680827445600003,0.5983126307071236,1.0,0.7686965811965812,-0.060897435897436014
