Vectorization,Classifier,Acc_Mean,Acc_Std,F1_Mean,F1_Std,Kappa_Mean,Kappa_Std,Reproducibility
V1_Word,Stacking,0.8454,0.0091,0.7679,0.019,0.8041,0.0111,1.0
V3_Chi2,Stacking,0.8454,0.0091,0.7679,0.019,0.8041,0.0111,1.0
V3_Chi2,Soft Voting,0.8421,0.005,0.7639,0.0166,0.7989,0.0065,1.0
V1_Word,Soft Voting,0.8421,0.005,0.7639,0.0166,0.7989,0.0065,1.0
V3_Chi2,Hard Voting,0.8397,0.0028,0.7585,0.0026,0.7962,0.0033,1.0
V1_Word,Hard Voting,0.8397,0.0028,0.7585,0.0026,0.7962,0.0033,1.0
V1_Word,SVM-L,0.8413,0.011,0.7583,0.023,0.7977,0.0144,1.0
V3_Chi2,SVM-L,0.8413,0.011,0.7583,0.023,0.7977,0.0144,1.0
V3_Chi2,LR,0.8221,0.0048,0.7463,0.0141,0.7749,0.0055,1.0
V1_Word,LR,0.8221,0.0048,0.7463,0.0141,0.7749,0.0055,1.0
V3_Chi2,RF,0.8285,0.0145,0.7387,0.0149,0.7806,0.0186,1.0
V1_Word,RF,0.8285,0.0145,0.7387,0.0149,0.7806,0.0186,1.0
V1_Word,SVM-RBF,0.8349,0.0091,0.7386,0.024,0.7903,0.0115,1.0
V3_Chi2,SVM-RBF,0.8349,0.0091,0.7386,0.024,0.7903,0.0115,1.0
V2_Char,Stacking,0.7925,0.021,0.722,0.0334,0.74,0.0244,1.0
V2_Char,SVM-L,0.7933,0.012,0.719,0.016,0.7388,0.0141,1.0
V2_Char,LR,0.7684,0.0184,0.7119,0.0156,0.7111,0.0215,1.0
V3_Chi2,DT,0.8045,0.0137,0.7069,0.0201,0.7513,0.0172,1.0
V1_Word,DT,0.8045,0.0137,0.7069,0.0201,0.7513,0.0172,1.0
V2_Char,Hard Voting,0.7845,0.0069,0.706,0.0131,0.7286,0.01,1.0
V3_Chi2,XGB,0.8718,0.0123,0.704,0.0214,0.8311,0.0164,1.0
V1_Word,XGB,0.8718,0.0123,0.704,0.0214,0.8311,0.0164,1.0
V2_Char,Soft Voting,0.7837,0.0048,0.7025,0.0147,0.7274,0.0061,1.0
V3_Chi2,LGBM,0.7821,0.0182,0.6939,0.0179,0.7252,0.022,1.0
V1_Word,LGBM,0.7821,0.0182,0.6939,0.0179,0.7252,0.022,1.0
V2_Char,RF,0.7708,0.0119,0.6875,0.0055,0.711,0.0154,1.0
V3_Chi2,CNB,0.7829,0.0202,0.6803,0.0234,0.7219,0.0264,1.0
V1_Word,CNB,0.7829,0.0202,0.6803,0.0234,0.7219,0.0264,1.0
V2_Char,CNB,0.7724,0.0097,0.6786,0.0145,0.7105,0.0119,1.0
V2_Char,DT,0.7516,0.0091,0.6733,0.0246,0.6881,0.0115,1.0
V3_Chi2,GB,0.8558,0.0064,0.6663,0.0156,0.809,0.0083,1.0
V1_Word,GB,0.8558,0.0064,0.6663,0.0156,0.809,0.0083,1.0
V2_Char,XGB,0.8277,0.0119,0.6511,0.0211,0.7717,0.0165,1.0
V2_Char,SVM-RBF,0.7668,0.0064,0.638,0.0206,0.7056,0.0059,1.0
V2_Char,GB,0.8189,0.0069,0.6291,0.0128,0.759,0.0099,1.0
V2_Char,LGBM,0.6827,0.0134,0.5849,0.0186,0.6067,0.0157,1.0
V3_Chi2,KNN,0.7436,0.0028,0.5535,0.0054,0.6623,0.0044,1.0
V1_Word,KNN,0.7436,0.0028,0.5535,0.0054,0.6623,0.0044,1.0
V3_Chi2,MNB,0.7083,0.0227,0.4889,0.027,0.6,0.0331,1.0
V1_Word,MNB,0.7083,0.0227,0.4889,0.027,0.6,0.0331,1.0
V2_Char,MNB,0.7067,0.0072,0.4869,0.0095,0.595,0.0103,1.0
V2_Char,KNN,0.6683,0.0024,0.4752,0.0177,0.5623,0.0028,1.0
