Train_Seed,Vectorization,Classifier,CV_Acc_Mean,CV_Acc_Std,CV_F1_Mean,CV_F1_Std,CV_Kappa_Mean,CV_Kappa_Std
42,V1_Word,LR,0.8089315345213188,0.02906130014390727,0.7120397463572776,0.04337366378543999,0.7584851101673945,0.03649125627823707
42,V1_Word,SVM-L,0.8389690498521031,0.02399211933961593,0.7284552212537737,0.037312358561744426,0.7941792130457925,0.030465430200969888
42,V1_Word,SVM-RBF,0.8311413317942428,0.022488837530011845,0.730148664924233,0.03812272736130864,0.7846566091154416,0.028702244414420583
42,V1_Word,MNB,0.7049347088954621,0.03471938569893011,0.4725557788531499,0.02868032134412442,0.593683938329183,0.050657435593122864
42,V1_Word,CNB,0.8029074381357766,0.023498956450932282,0.6963544589426489,0.027620976270489535,0.7469908263746186,0.03061251888487846
42,V1_Word,KNN,0.7181732919702764,0.02697186191479304,0.5465692343756636,0.07255137616998247,0.6309986646152994,0.03701074131897291
42,V1_Word,DT,0.7950761128345718,0.017903773516435767,0.6778606389588335,0.05075891462394678,0.7395924748335488,0.022033218831489912
42,V1_Word,RF,0.8281184618714379,0.016025252753502826,0.7078362997770666,0.04639110953887435,0.7794931964347545,0.020039563348007477
42,V1_Word,GB,0.8527703628886805,0.017016107101635328,0.6510255110807318,0.042028643550847185,0.8051854944044201,0.02281591031013967
42,V1_Word,XGB,0.8605980809465408,0.017197248433286343,0.6689503278385106,0.05003433538412144,0.8167852958833685,0.022546561913901916
42,V1_Word,LGBM,0.781256763581271,0.019703191099391008,0.6810989478827105,0.048858355898800505,0.7244634144479816,0.02458695552922354
42,V1_Word,Hard Voting,0.8353437702907438,0.021998448729174763,0.7294342679431544,0.04048656488936723,0.790080046475097,0.028234669026912802
42,V1_Word,Soft Voting,0.8353401630473991,0.02651324373627907,0.7325799380465636,0.05136399962285182,0.7897617165204855,0.034030167769832934
42,V1_Word,Stacking,0.8323136858812494,0.024126667358753982,0.7362874546223825,0.04379457454571498,0.7874649918240281,0.03071823434921592
42,V2_Char,LR,0.7398023230647139,0.020947593503903142,0.6697283940772207,0.046893802232518704,0.6762434454363626,0.024551837988999424
42,V2_Char,SVM-L,0.7836844383522112,0.021854447707198056,0.6875743835598188,0.03852340092417252,0.7263853282319441,0.027133407962020756
42,V2_Char,SVM-RBF,0.7518396941057642,0.017516732453743408,0.6329524116818324,0.059849000565769916,0.6856372418914567,0.023039608786632203
42,V2_Char,MNB,0.6953286198686964,0.024570197002487998,0.4729852426949169,0.033149434337943116,0.579204118218457,0.0350579359885785
42,V2_Char,CNB,0.7614349614024961,0.024519440282467945,0.665607404946033,0.05210048716468793,0.6966319128509061,0.03256364375706832
42,V2_Char,KNN,0.6069547651684581,0.037453307766819086,0.44675340347041226,0.052997093199439314,0.49270779949137716,0.04034309566308013
42,V2_Char,DT,0.7325806218887527,0.027508172673357638,0.6510297153180072,0.042211987311673076,0.6652455559333201,0.03346323059537682
42,V2_Char,RF,0.7578277180578602,0.02831295979849606,0.6746941693472742,0.041304162702704095,0.6947385792823326,0.033917804259676415
42,V2_Char,GB,0.811903903037299,0.024183504982602556,0.659630227055335,0.05957843762355519,0.7498238829993875,0.03342474606469919
42,V2_Char,XGB,0.8209184041555442,0.019700365988712446,0.6402882886723009,0.041787915373632724,0.7625252565912264,0.02650355674156941
42,V2_Char,LGBM,0.660446576726066,0.03520680758502497,0.5706036404854178,0.05637387849907002,0.582407323665013,0.042495852219935605
42,V2_Char,Hard Voting,0.7632385830748143,0.019770380676431075,0.6891227859883435,0.049687382736195426,0.7027115793401982,0.02512963598481793
42,V2_Char,Soft Voting,0.774053098622033,0.029717709186729502,0.7051331141074427,0.053967370173250775,0.7154119368798836,0.037011323605524685
42,V2_Char,Stacking,0.7770579323281147,0.028402121091042957,0.6999772799775454,0.04344305174917318,0.720871467280132,0.03505015399215862
42,V3_Chi2,LR,0.8089315345213188,0.02906130014390727,0.7120397463572776,0.04337366378543999,0.7584851101673945,0.03649125627823707
42,V3_Chi2,SVM-L,0.8389690498521031,0.02399211933961593,0.7284552212537737,0.037312358561744426,0.7941792130457925,0.030465430200969888
42,V3_Chi2,SVM-RBF,0.8311413317942428,0.022488837530011845,0.730148664924233,0.03812272736130864,0.7846566091154416,0.028702244414420583
42,V3_Chi2,MNB,0.7049347088954621,0.03471938569893011,0.4725557788531499,0.02868032134412442,0.593683938329183,0.050657435593122864
42,V3_Chi2,CNB,0.8029074381357766,0.023498956450932282,0.6963544589426489,0.027620976270489535,0.7469908263746186,0.03061251888487846
42,V3_Chi2,KNN,0.7181732919702764,0.02697186191479304,0.5465692343756636,0.07255137616998247,0.6309986646152994,0.03701074131897291
42,V3_Chi2,DT,0.7950761128345718,0.017903773516435767,0.6778606389588335,0.05075891462394678,0.7395924748335488,0.022033218831489912
42,V3_Chi2,RF,0.8281184618714379,0.016025252753502826,0.7078362997770666,0.04639110953887435,0.7794931964347545,0.020039563348007477
42,V3_Chi2,GB,0.8527703628886805,0.017016107101635328,0.6510255110807318,0.042028643550847185,0.8051854944044201,0.02281591031013967
42,V3_Chi2,XGB,0.8605980809465408,0.017197248433286343,0.6689503278385106,0.05003433538412144,0.8167852958833685,0.022546561913901916
42,V3_Chi2,LGBM,0.781256763581271,0.019703191099391008,0.6810989478827105,0.048858355898800505,0.7244634144479816,0.02458695552922354
42,V3_Chi2,Hard Voting,0.8353437702907438,0.021998448729174763,0.7294342679431544,0.04048656488936723,0.790080046475097,0.028234669026912802
42,V3_Chi2,Soft Voting,0.8353401630473991,0.02651324373627907,0.7325799380465636,0.05136399962285182,0.7897617165204855,0.034030167769832934
42,V3_Chi2,Stacking,0.8323136858812494,0.024126667358753982,0.7362874546223825,0.04379457454571498,0.7874649918240281,0.03071823434921592
43,V1_Word,LR,0.8125099199191977,0.026360682969394384,0.7204695842158497,0.04211998380409656,0.7628669469248991,0.032560004449862644
43,V1_Word,SVM-L,0.8365377678378183,0.01779945788200993,0.735226070399161,0.024776816652900515,0.7909863097377525,0.02261726677694446
43,V1_Word,SVM-RBF,0.8281256763581271,0.020121118336311243,0.7283859541792572,0.038947194669201296,0.7805823168895749,0.025905153599204065
43,V1_Word,MNB,0.7037479258350767,0.018082215709761394,0.4692716037864143,0.030927434931047177,0.5925210783583675,0.026525573229610206
43,V1_Word,CNB,0.793290527378977,0.016546187332384835,0.6850339097437931,0.035723079978720824,0.7343365598497634,0.020999693103315016
43,V1_Word,KNN,0.7145912993290527,0.025392223257408836,0.5354782927816477,0.059335406924690755,0.6261770880975874,0.031230267821436057
43,V1_Word,DT,0.7944737031960176,0.01622328729772424,0.6753004901186529,0.040408250554623944,0.7384147531558113,0.020745473567206452
43,V1_Word,RF,0.8293377101219249,0.013336398198876305,0.7221186476512284,0.04384708028415125,0.7811221087833016,0.017002830891907652
43,V1_Word,GB,0.8545451266142414,0.019344789124632073,0.6594191287808617,0.056358542111388917,0.8075977056512007,0.026264297628068346
43,V1_Word,XGB,0.8497583146959095,0.012023900389509543,0.6564024252148228,0.02935600091383019,0.8023504832497629,0.015763623000049964
43,V1_Word,LGBM,0.7746771517206551,0.026461214773489172,0.681762898158565,0.037367801481596415,0.7160005534380398,0.03234254999476556
43,V1_Word,Hard Voting,0.8323461510713512,0.0216116451471521,0.7368536378746047,0.04331884117102353,0.7861838084512198,0.027485969888502156
43,V1_Word,Soft Voting,0.8329485607099055,0.0172056734983686,0.7319756900373149,0.04318466930953126,0.7867409863864987,0.022027130211122813
43,V1_Word,Stacking,0.8347413606521895,0.028029070238390987,0.7458525363478612,0.04382922344152882,0.7900812877635806,0.035085717619958344
43,V2_Char,LR,0.741595123006998,0.028569227235218448,0.6781611189666701,0.03925991786067127,0.6785106321940308,0.03349781847903621
43,V2_Char,SVM-L,0.7908953177981386,0.03480138862699861,0.708042754195424,0.03986485385742445,0.7352865488512682,0.042865580763245044
43,V2_Char,SVM-RBF,0.7662217733208283,0.03046326636659848,0.6705284420354496,0.03731190764294506,0.7040468785518332,0.0379972347271226
43,V2_Char,MNB,0.7031383017098333,0.015894041417996673,0.4946048422078917,0.028743869683310313,0.5896920737959445,0.023764870645976096
43,V2_Char,CNB,0.7710121924825049,0.03698560271496184,0.6857208916550664,0.047278238361287805,0.7087025187182382,0.04652595777336078
43,V2_Char,KNN,0.6298499386768632,0.039217332007088,0.4620350424768386,0.04767193264585501,0.5169848915438948,0.051252758592464885
43,V2_Char,DT,0.7211384459995671,0.03130746095651572,0.6275071816711685,0.055951564619923955,0.6510463847884914,0.038384530739226305
43,V2_Char,RF,0.7584048769930021,0.027557886066100042,0.6920227766448764,0.039572142528306854,0.6956215984769247,0.034015357699185754
43,V2_Char,GB,0.8052665752831686,0.02597808932610122,0.6534872429559666,0.0309634693643054,0.740937425978419,0.03526093373809365
43,V2_Char,XGB,0.8136930957362383,0.019594124821396684,0.6346379745857982,0.03224280197881927,0.7536225833758856,0.0255345598483959
43,V2_Char,LGBM,0.6508368804559556,0.030062443354289543,0.5388381578149721,0.045654953640971774,0.5715065152455658,0.03493677881997997
43,V2_Char,Hard Voting,0.7710121924825047,0.032738848550872605,0.7058941195292338,0.042600204140310426,0.7123446032392596,0.04017436899555768
43,V2_Char,Soft Voting,0.7800266936007503,0.0299311631132207,0.7092455744412912,0.03924786929373423,0.7229532791151652,0.036830980465678384
43,V2_Char,Stacking,0.7770507178414257,0.03815965026424873,0.6915636962045567,0.05240821486547652,0.7209737773094812,0.04610834870340343
43,V3_Chi2,LR,0.8125099199191977,0.026360682969394384,0.7204695842158497,0.04211998380409656,0.7628669469248991,0.032560004449862644
43,V3_Chi2,SVM-L,0.8365377678378183,0.01779945788200993,0.735226070399161,0.024776816652900515,0.7909863097377525,0.02261726677694446
43,V3_Chi2,SVM-RBF,0.8281256763581271,0.020121118336311243,0.7283859541792572,0.038947194669201296,0.7805823168895749,0.025905153599204065
43,V3_Chi2,MNB,0.7037479258350767,0.018082215709761394,0.4692716037864143,0.030927434931047177,0.5925210783583675,0.026525573229610206
43,V3_Chi2,CNB,0.793290527378977,0.016546187332384835,0.6850339097437931,0.035723079978720824,0.7343365598497634,0.020999693103315016
43,V3_Chi2,KNN,0.7145912993290527,0.025392223257408836,0.5354782927816477,0.059335406924690755,0.6261770880975874,0.031230267821436057
43,V3_Chi2,DT,0.7944737031960176,0.01622328729772424,0.6753004901186529,0.040408250554623944,0.7384147531558113,0.020745473567206452
43,V3_Chi2,RF,0.8293377101219249,0.013336398198876305,0.7221186476512284,0.04384708028415125,0.7811221087833016,0.017002830891907652
43,V3_Chi2,GB,0.8545451266142414,0.019344789124632073,0.6594191287808617,0.056358542111388917,0.8075977056512007,0.026264297628068346
43,V3_Chi2,XGB,0.8497583146959095,0.012023900389509543,0.6564024252148228,0.02935600091383019,0.8023504832497629,0.015763623000049964
43,V3_Chi2,LGBM,0.7746771517206551,0.026461214773489172,0.681762898158565,0.037367801481596415,0.7160005534380398,0.03234254999476556
43,V3_Chi2,Hard Voting,0.8323461510713512,0.0216116451471521,0.7368536378746047,0.04331884117102353,0.7861838084512198,0.027485969888502156
43,V3_Chi2,Soft Voting,0.8329485607099055,0.0172056734983686,0.7319756900373149,0.04318466930953126,0.7867409863864987,0.022027130211122813
43,V3_Chi2,Stacking,0.8347413606521895,0.028029070238390987,0.7458525363478612,0.04382922344152882,0.7900812877635806,0.035085717619958344
44,V1_Word,LR,0.8041266863862637,0.02430635942877182,0.7104782205346761,0.05727442521655213,0.7527007659827231,0.030728839754374977
44,V1_Word,SVM-L,0.8335617920784936,0.03150586657310469,0.7302998497080456,0.05385733362252512,0.7873145344321285,0.03995021265206217
44,V1_Word,SVM-RBF,0.8281545343048842,0.024879230570127402,0.7067810852893297,0.058500300883886185,0.7810970112151594,0.031560175322268125
44,V1_Word,MNB,0.7007611283457182,0.022518458914419063,0.46106521369227405,0.02555595413526288,0.5875964756817453,0.035114699508635216
44,V1_Word,CNB,0.7944809176827069,0.01866323145921122,0.6954333543285383,0.04911578371129358,0.7364964423284633,0.02324692197206327
44,V1_Word,KNN,0.7175744895750669,0.018615152630202362,0.531487101039092,0.053686522982714285,0.6299018724451212,0.024233383128511646
44,V1_Word,DT,0.8017134405887022,0.028714162078246366,0.6906044418125907,0.05956609041813394,0.7472823380456002,0.036426569088555294
44,V1_Word,RF,0.8293377101219248,0.03013246963028052,0.7179700162303981,0.063148167833104,0.7815032491542057,0.038133985362274955
44,V1_Word,GB,0.8503967967679099,0.01955603062209379,0.6646530272884186,0.06077906618039299,0.8021616955291571,0.026571133139131547
44,V1_Word,XGB,0.8467606954765168,0.016122194292426714,0.6542110051262509,0.052777509965853876,0.7981892393872807,0.02170418704264021
44,V1_Word,LGBM,0.780665175672751,0.02583008000171696,0.683243374271324,0.054237992087892616,0.7239459892920578,0.03152470178672136
44,V1_Word,Hard Voting,0.8293449246086141,0.030215995661525996,0.7186207099127707,0.06458835433724516,0.7827904229833449,0.038203956287941335
44,V1_Word,Soft Voting,0.8383702474568935,0.029465349665793828,0.741862634374172,0.06235727784455989,0.7938527742179422,0.03756191911939217
44,V1_Word,Stacking,0.8413786884063199,0.03085081052017092,0.7478033961340659,0.0594529505155336,0.7988565562006985,0.03887891872463769
44,V2_Char,LR,0.7452167953250126,0.025928324420393254,0.6740785162230298,0.03873077548266732,0.6828707057018617,0.03153700672295528
44,V2_Char,SVM-L,0.7866820575716038,0.02599272125554853,0.69111824179317,0.05067745600448413,0.7296447867251988,0.03246825940630633
44,V2_Char,SVM-RBF,0.7668710771228627,0.023225593088209033,0.6533070266243877,0.06564240718488941,0.70500868957787,0.02921824992714739
44,V2_Char,MNB,0.7025394993146238,0.018817780889968824,0.48081407373614404,0.03522128085817131,0.5892952771171205,0.028789708745137952
44,V2_Char,CNB,0.7734470817401342,0.02013896693198951,0.6929043389532065,0.03162397167277178,0.7113089824775474,0.02496778812724451
44,V2_Char,KNN,0.632219897554289,0.03245825223064978,0.46518989100157293,0.04802881221491878,0.5206918521633135,0.03831812472641724
44,V2_Char,DT,0.7313938388283674,0.027513237654119362,0.6522894188555496,0.03382372831398324,0.662945891576974,0.03359364799568272
44,V2_Char,RF,0.7602590000721448,0.029007231688936312,0.6805881927447548,0.0452561056517365,0.6969958644799481,0.036176835886127856
44,V2_Char,GB,0.8064822162903109,0.02051557646379252,0.6627854104681762,0.0552618407034793,0.7422382750475868,0.028374994979946565
44,V2_Char,XGB,0.811893081307265,0.02142250713100407,0.6227881660183542,0.04077283755515181,0.7508815407746988,0.029972522811641793
44,V2_Char,LGBM,0.6580116874684365,0.01847258856386757,0.5724814138312927,0.039966007573112604,0.5790419478439601,0.022349229542545455
44,V2_Char,Hard Voting,0.7746699372339658,0.02909209531370536,0.7034215349442917,0.04169694939614423,0.7161882497059935,0.03591077757373594
44,V2_Char,Soft Voting,0.7788543395137435,0.027396576007778253,0.6949997059908195,0.05933130911642874,0.7209936780447264,0.034066542360056636
44,V2_Char,Stacking,0.7872772527234687,0.02561771907352261,0.7155707639567827,0.03842797638249992,0.732820168984222,0.03176933365063037
44,V3_Chi2,LR,0.8041266863862637,0.02430635942877182,0.7104782205346761,0.05727442521655213,0.7527007659827231,0.030728839754374977
44,V3_Chi2,SVM-L,0.8335617920784936,0.03150586657310469,0.7302998497080456,0.05385733362252512,0.7873145344321285,0.03995021265206217
44,V3_Chi2,SVM-RBF,0.8281545343048842,0.024879230570127402,0.7067810852893297,0.058500300883886185,0.7810970112151594,0.031560175322268125
44,V3_Chi2,MNB,0.7007611283457182,0.022518458914419063,0.46106521369227405,0.02555595413526288,0.5875964756817453,0.035114699508635216
44,V3_Chi2,CNB,0.7944809176827069,0.01866323145921122,0.6954333543285383,0.04911578371129358,0.7364964423284633,0.02324692197206327
44,V3_Chi2,KNN,0.7175744895750669,0.018615152630202362,0.531487101039092,0.053686522982714285,0.6299018724451212,0.024233383128511646
44,V3_Chi2,DT,0.8017134405887022,0.028714162078246366,0.6906044418125907,0.05956609041813394,0.7472823380456002,0.036426569088555294
44,V3_Chi2,RF,0.8293377101219248,0.03013246963028052,0.7179700162303981,0.063148167833104,0.7815032491542057,0.038133985362274955
44,V3_Chi2,GB,0.8503967967679099,0.01955603062209379,0.6646530272884186,0.06077906618039299,0.8021616955291571,0.026571133139131547
44,V3_Chi2,XGB,0.8467606954765168,0.016122194292426714,0.6542110051262509,0.052777509965853876,0.7981892393872807,0.02170418704264021
44,V3_Chi2,LGBM,0.780665175672751,0.02583008000171696,0.683243374271324,0.054237992087892616,0.7239459892920578,0.03152470178672136
44,V3_Chi2,Hard Voting,0.8293449246086141,0.030215995661525996,0.7186207099127707,0.06458835433724516,0.7827904229833449,0.038203956287941335
44,V3_Chi2,Soft Voting,0.8383702474568935,0.029465349665793828,0.741862634374172,0.06235727784455989,0.7938527742179422,0.03756191911939217
44,V3_Chi2,Stacking,0.8413786884063199,0.03085081052017092,0.7478033961340659,0.0594529505155336,0.7988565562006985,0.03887891872463769
