Train_Seed,Vectorization,Classifier,Test_Seed,Accuracy,F1_Macro,F1_Weighted,Kappa
42,V1_Word,LR,43,0.8846153846153846,0.8455572810675986,0.8961364330607436,0.854054291102048
42,V1_Word,LR,44,0.875,0.8249871768779331,0.8859617753671769,0.8418944598742873
42,V1_Word,SVM-L,43,0.9086538461538461,0.8732949208229378,0.9206809228585493,0.8838005909939577
42,V1_Word,SVM-L,44,0.9086538461538461,0.867844818023687,0.9190560347772863,0.8837527392525701
42,V1_Word,SVM-RBF,43,0.8942307692307693,0.8512111806064661,0.9059497698673553,0.8659165494608533
42,V1_Word,SVM-RBF,44,0.9038461538461539,0.8514245466296979,0.9134382927633319,0.8779324814037764
42,V1_Word,MNB,43,0.7548076923076923,0.5358410240304428,0.7288254086727828,0.6654814931609445
42,V1_Word,MNB,44,0.7596153846153846,0.5494745688250089,0.7372147638526433,0.6740527157050177
42,V1_Word,CNB,43,0.8413461538461539,0.7698671960508549,0.8469411905539757,0.7971840973894544
42,V1_Word,CNB,44,0.84375,0.756689668645847,0.8477308074499583,0.8000946297610598
42,V1_Word,KNN,43,0.9230769230769231,0.8150313818432349,0.9154458539462712,0.8990566896175195
42,V1_Word,KNN,44,0.9326923076923077,0.8076881072275438,0.9234527954540102,0.9117662654435548
42,V1_Word,DT,43,0.8990384615384616,0.8467748247319168,0.9128234534770895,0.8715681301960438
42,V1_Word,DT,44,0.9038461538461539,0.8599514093894552,0.9167219933834362,0.8776281631722546
42,V1_Word,RF,43,0.9014423076923077,0.8536934551044596,0.9167140921854701,0.8744488365759041
42,V1_Word,RF,44,0.9110576923076923,0.8762742713287099,0.9231573606526303,0.8867652468182152
42,V1_Word,GB,43,0.9495192307692307,0.835949728425794,0.9391416323222654,0.9339268021510093
42,V1_Word,GB,44,0.9471153846153846,0.8239049759444201,0.9338659815916478,0.9307527011894313
42,V1_Word,XGB,43,0.9399038461538461,0.8258502532475136,0.9291627443069751,0.9212908303817395
42,V1_Word,XGB,44,0.9423076923076923,0.8182516202531425,0.9291788139416823,0.9245066162570889
42,V1_Word,LGBM,43,0.8822115384615384,0.8474134098083679,0.9023269350475233,0.8510159333430785
42,V1_Word,LGBM,44,0.8629807692307693,0.833575539370971,0.8869731247145187,0.8276606414756994
42,V1_Word,Hard Voting,43,0.9038461538461539,0.8602128308584288,0.9164628450538607,0.8779638145108652
42,V1_Word,Hard Voting,44,0.90625,0.8665455951463373,0.9173473835237532,0.88092389668915
42,V1_Word,Soft Voting,43,0.9158653846153846,0.8801618064871366,0.9286671673034319,0.8929018021331372
42,V1_Word,Soft Voting,44,0.9110576923076923,0.8690737260181695,0.9224876796348724,0.8869390843182335
42,V1_Word,Stacking,43,0.9134615384615384,0.8796140831546387,0.9256247373895596,0.8900779495309816
42,V1_Word,Stacking,44,0.9158653846153846,0.87469812208908,0.9255451380811446,0.8930669800235018
42,V2_Char,LR,43,0.8605769230769231,0.8305168521845617,0.888163255087093,0.8246842893057998
42,V2_Char,LR,44,0.8341346153846154,0.815333615541789,0.8605970363408224,0.7928884784114524
42,V2_Char,SVM-L,43,0.8894230769230769,0.8529594489150549,0.9100014144747699,0.8595017657726448
42,V2_Char,SVM-L,44,0.8798076923076923,0.8508643651475534,0.9032127209062877,0.8485686828387548
42,V2_Char,SVM-RBF,43,0.8701923076923077,0.8241981015924746,0.8881858533450191,0.8354273657682474
42,V2_Char,SVM-RBF,44,0.8653846153846154,0.8261582854784686,0.8858474834813443,0.8305351063520238
42,V2_Char,MNB,43,0.7692307692307693,0.5422673431976676,0.7417604847572391,0.6842329983474734
42,V2_Char,MNB,44,0.7596153846153846,0.5536866151783767,0.7355829362183832,0.6716964454826693
42,V2_Char,CNB,43,0.8557692307692307,0.8152239701350256,0.872780499747497,0.8162381835851223
42,V2_Char,CNB,44,0.84375,0.794476916957608,0.8590562252157246,0.8021178657416554
42,V2_Char,KNN,43,0.8846153846153846,0.7846468017713291,0.8837165020240417,0.848767372287651
42,V2_Char,KNN,44,0.9038461538461539,0.787618849016509,0.8990715685580448,0.8738495595348202
42,V2_Char,DT,43,0.8774038461538461,0.8241027088392263,0.8994783930196909,0.8444540569074099
42,V2_Char,DT,44,0.8701923076923077,0.8404180463697836,0.8956810084926163,0.8363707879900354
42,V2_Char,RF,43,0.8774038461538461,0.8338822322628765,0.9019818628312728,0.8443981576554112
42,V2_Char,RF,44,0.8701923076923077,0.8406455684261902,0.895898342628564,0.8365017904451367
42,V2_Char,GB,43,0.9182692307692307,0.8054082856233702,0.9084323583706081,0.8923116748640952
42,V2_Char,GB,44,0.9278846153846154,0.7958592389626873,0.9154900958987497,0.9051887867507408
42,V2_Char,XGB,43,0.9086538461538461,0.7982671885470118,0.8993136302414653,0.8797852438820363
42,V2_Char,XGB,44,0.9254807692307693,0.8075734388759599,0.9133927603596721,0.9022630470040774
42,V2_Char,LGBM,43,0.7596153846153846,0.704502318970434,0.8027556009420611,0.7009173784257902
42,V2_Char,LGBM,44,0.7740384615384616,0.7421452728286814,0.8191763572097656,0.7211279257177904
42,V2_Char,Hard Voting,43,0.8798076923076923,0.8351257588353546,0.90306488045134,0.8475967174677609
42,V2_Char,Hard Voting,44,0.8701923076923077,0.8406556522344305,0.8943551794905795,0.8366705928543384
42,V2_Char,Soft Voting,43,0.8822115384615384,0.8358675595234721,0.9039817919438579,0.8505297891842346
42,V2_Char,Soft Voting,44,0.875,0.8456088030566224,0.9002686525572268,0.8424311291755897
42,V2_Char,Stacking,43,0.8942307692307693,0.8500962723996379,0.9140724419988989,0.8659352088536669
42,V2_Char,Stacking,44,0.8725961538461539,0.83134855826654,0.893719171567604,0.8396077489942748
42,V3_Chi2,LR,43,0.8846153846153846,0.8455572810675986,0.8961364330607436,0.854054291102048
42,V3_Chi2,LR,44,0.875,0.8249871768779331,0.8859617753671769,0.8418944598742873
42,V3_Chi2,SVM-L,43,0.9086538461538461,0.8732949208229378,0.9206809228585493,0.8838005909939577
42,V3_Chi2,SVM-L,44,0.9086538461538461,0.867844818023687,0.9190560347772863,0.8837527392525701
42,V3_Chi2,SVM-RBF,43,0.8942307692307693,0.8512111806064661,0.9059497698673553,0.8659165494608533
42,V3_Chi2,SVM-RBF,44,0.9038461538461539,0.8514245466296979,0.9134382927633319,0.8779324814037764
42,V3_Chi2,MNB,43,0.7548076923076923,0.5358410240304428,0.7288254086727828,0.6654814931609445
42,V3_Chi2,MNB,44,0.7596153846153846,0.5494745688250089,0.7372147638526433,0.6740527157050177
42,V3_Chi2,CNB,43,0.8413461538461539,0.7698671960508549,0.8469411905539757,0.7971840973894544
42,V3_Chi2,CNB,44,0.84375,0.756689668645847,0.8477308074499583,0.8000946297610598
42,V3_Chi2,KNN,43,0.9230769230769231,0.8150313818432349,0.9154458539462712,0.8990566896175195
42,V3_Chi2,KNN,44,0.9326923076923077,0.8076881072275438,0.9234527954540102,0.9117662654435548
42,V3_Chi2,DT,43,0.8990384615384616,0.8467748247319168,0.9128234534770895,0.8715681301960438
42,V3_Chi2,DT,44,0.9038461538461539,0.8599514093894552,0.9167219933834362,0.8776281631722546
42,V3_Chi2,RF,43,0.9014423076923077,0.8536934551044596,0.9167140921854701,0.8744488365759041
42,V3_Chi2,RF,44,0.9110576923076923,0.8762742713287099,0.9231573606526303,0.8867652468182152
42,V3_Chi2,GB,43,0.9495192307692307,0.835949728425794,0.9391416323222654,0.9339268021510093
42,V3_Chi2,GB,44,0.9471153846153846,0.8239049759444201,0.9338659815916478,0.9307527011894313
42,V3_Chi2,XGB,43,0.9399038461538461,0.8258502532475136,0.9291627443069751,0.9212908303817395
42,V3_Chi2,XGB,44,0.9423076923076923,0.8182516202531425,0.9291788139416823,0.9245066162570889
42,V3_Chi2,LGBM,43,0.8822115384615384,0.8474134098083679,0.9023269350475233,0.8510159333430785
42,V3_Chi2,LGBM,44,0.8629807692307693,0.833575539370971,0.8869731247145187,0.8276606414756994
42,V3_Chi2,Hard Voting,43,0.9038461538461539,0.8602128308584288,0.9164628450538607,0.8779638145108652
42,V3_Chi2,Hard Voting,44,0.90625,0.8665455951463373,0.9173473835237532,0.88092389668915
42,V3_Chi2,Soft Voting,43,0.9158653846153846,0.8801618064871366,0.9286671673034319,0.8929018021331372
42,V3_Chi2,Soft Voting,44,0.9110576923076923,0.8690737260181695,0.9224876796348724,0.8869390843182335
42,V3_Chi2,Stacking,43,0.9134615384615384,0.8796140831546387,0.9256247373895596,0.8900779495309816
42,V3_Chi2,Stacking,44,0.9158653846153846,0.87469812208908,0.9255451380811446,0.8930669800235018
43,V1_Word,LR,42,0.875,0.8314202383054802,0.8841974998971801,0.8412877759598524
43,V1_Word,LR,44,0.8725961538461539,0.8202593428312435,0.8820772476667191,0.8387172284644195
43,V1_Word,SVM-L,42,0.9014423076923077,0.8443320346672953,0.9088906479002911,0.8739421890128083
43,V1_Word,SVM-L,44,0.90625,0.8554495752838892,0.9153866330654303,0.8807304378510307
43,V1_Word,SVM-RBF,42,0.8966346153846154,0.8437951341078181,0.90447774214453,0.8683117877440443
43,V1_Word,SVM-RBF,44,0.9134615384615384,0.8705629708541965,0.9229626644809605,0.8899584110982115
43,V1_Word,MNB,42,0.7644230769230769,0.5436281847869193,0.7391593352580528,0.678574525958923
43,V1_Word,MNB,44,0.7884615384615384,0.5786479814262542,0.7664851431282179,0.7143592824650244
43,V1_Word,CNB,42,0.8221153846153846,0.7494825523197568,0.8220206954484015,0.7714082038791695
43,V1_Word,CNB,44,0.8581730769230769,0.7735033262217682,0.8624548918264185,0.8185299923845295
43,V1_Word,KNN,42,0.9110576923076923,0.7864236486276358,0.9002815706745779,0.8829220798977698
43,V1_Word,KNN,44,0.9182692307692307,0.7905340353809588,0.9148681002069535,0.8932254314314617
43,V1_Word,DT,42,0.9086538461538461,0.8551371057466192,0.920032618075117,0.8831823354665169
43,V1_Word,DT,44,0.90625,0.839993784709589,0.9170890349090128,0.8803795648423273
43,V1_Word,RF,42,0.9110576923076923,0.8729270495897816,0.9212630673477362,0.8859666019647646
43,V1_Word,RF,44,0.9206730769230769,0.8769684514103308,0.930721639712437,0.8987595687252025
43,V1_Word,GB,42,0.9350961538461539,0.8105173010847293,0.9210531505449949,0.9147618613969584
43,V1_Word,GB,44,0.9495192307692307,0.8078240224299883,0.9357133558005682,0.9337474120082816
43,V1_Word,XGB,42,0.9326923076923077,0.7995720847038056,0.9186741833521606,0.9116069057104914
43,V1_Word,XGB,44,0.9519230769230769,0.8195605169486753,0.9385000752822126,0.9370683851838405
43,V1_Word,LGBM,42,0.8557692307692307,0.821988649443986,0.8795365129137607,0.8177157504984335
43,V1_Word,LGBM,44,0.8605769230769231,0.8065052466119896,0.8824694731091177,0.8239949812892543
43,V1_Word,Hard Voting,42,0.9014423076923077,0.8589583244214168,0.9115686683795895,0.8742804071734468
43,V1_Word,Hard Voting,44,0.9134615384615384,0.8737988625789385,0.9242418253774827,0.889758331063623
43,V1_Word,Soft Voting,42,0.9110576923076923,0.8659731120150144,0.9210140967377696,0.8862060297792432
43,V1_Word,Soft Voting,44,0.9158653846153846,0.8663217414550701,0.9257240621615577,0.8928907721280602
43,V1_Word,Stacking,42,0.9158653846153846,0.8731640483242373,0.9251571090741754,0.8926166576934706
43,V1_Word,Stacking,44,0.9230769230769231,0.8900504957185021,0.9329133854591702,0.9021529007930966
43,V2_Char,LR,42,0.8653846153846154,0.814840854789418,0.88735245545827,0.8299003322259136
43,V2_Char,LR,44,0.8461538461538461,0.8282307672836158,0.8736067923629806,0.8076592424559857
43,V2_Char,SVM-L,42,0.8870192307692307,0.8405144297078827,0.9053684336830118,0.8563240351547574
43,V2_Char,SVM-L,44,0.8798076923076923,0.8527037684642,0.903218025041075,0.84823832420088
43,V2_Char,SVM-RBF,42,0.8798076923076923,0.8352723339556063,0.8969579121944901,0.847490559812296
43,V2_Char,SVM-RBF,44,0.8629807692307693,0.8013015179724217,0.8834393289282053,0.8273381294964028
43,V2_Char,MNB,42,0.7908653846153846,0.6105776579354725,0.7726161770293823,0.7158001366345497
43,V2_Char,MNB,44,0.7692307692307693,0.5689234191017726,0.7461299797745008,0.6859043933745459
43,V2_Char,CNB,42,0.8461538461538461,0.7834781987392001,0.8606071755459949,0.8033663468710994
43,V2_Char,CNB,44,0.8461538461538461,0.7901507240819828,0.8632197285006976,0.8055180171954097
43,V2_Char,KNN,42,0.8846153846153846,0.7725833640257422,0.8814319088835596,0.8486848586346173
43,V2_Char,KNN,44,0.8966346153846154,0.7616111802038741,0.8933525438072732,0.8643183300717547
43,V2_Char,DT,42,0.8822115384615384,0.8350662564195526,0.9041412682265431,0.85067104260681
43,V2_Char,DT,44,0.875,0.8490757933603206,0.9009686738089575,0.8426763636363637
43,V2_Char,RF,42,0.8846153846153846,0.8424321382432856,0.9088218768254142,0.8538823477758183
43,V2_Char,RF,44,0.875,0.8271929283012155,0.8994336811598795,0.8421056473215915
43,V2_Char,GB,42,0.9182692307692307,0.781397154544156,0.905919602570576,0.8926622701504884
43,V2_Char,GB,44,0.9254807692307693,0.7835914476001683,0.9125104339142531,0.9019285757741681
43,V2_Char,XGB,42,0.9182692307692307,0.7846907425908084,0.9062845924987166,0.8924615092187796
43,V2_Char,XGB,44,0.9206730769230769,0.7943759920788792,0.9087616212302534,0.895963744941419
43,V2_Char,LGBM,42,0.7451923076923077,0.7228267978335137,0.7885462597218857,0.6859214518725338
43,V2_Char,LGBM,44,0.7692307692307693,0.7375855298269091,0.8132056636760713,0.7146674478254966
43,V2_Char,Hard Voting,42,0.8846153846153846,0.8419065124713756,0.9039506487856807,0.8535984515220834
43,V2_Char,Hard Voting,44,0.8701923076923077,0.8249272491547138,0.8941673928155176,0.8363648283447819
43,V2_Char,Soft Voting,42,0.8798076923076923,0.8356185383996817,0.900078673358946,0.8476246291344639
43,V2_Char,Soft Voting,44,0.875,0.826413577295494,0.8994539149989822,0.8422104541409543
43,V2_Char,Stacking,42,0.8846153846153846,0.84918210779023,0.9029195010026515,0.8538374263441058
43,V2_Char,Stacking,44,0.8798076923076923,0.844304017314398,0.901792316368441,0.8488295189435509
43,V3_Chi2,LR,42,0.875,0.8314202383054802,0.8841974998971801,0.8412877759598524
43,V3_Chi2,LR,44,0.8725961538461539,0.8202593428312435,0.8820772476667191,0.8387172284644195
43,V3_Chi2,SVM-L,42,0.9014423076923077,0.8443320346672953,0.9088906479002911,0.8739421890128083
43,V3_Chi2,SVM-L,44,0.90625,0.8554495752838892,0.9153866330654303,0.8807304378510307
43,V3_Chi2,SVM-RBF,42,0.8966346153846154,0.8437951341078181,0.90447774214453,0.8683117877440443
43,V3_Chi2,SVM-RBF,44,0.9134615384615384,0.8705629708541965,0.9229626644809605,0.8899584110982115
43,V3_Chi2,MNB,42,0.7644230769230769,0.5436281847869193,0.7391593352580528,0.678574525958923
43,V3_Chi2,MNB,44,0.7884615384615384,0.5786479814262542,0.7664851431282179,0.7143592824650244
43,V3_Chi2,CNB,42,0.8221153846153846,0.7494825523197568,0.8220206954484015,0.7714082038791695
43,V3_Chi2,CNB,44,0.8581730769230769,0.7735033262217682,0.8624548918264185,0.8185299923845295
43,V3_Chi2,KNN,42,0.9110576923076923,0.7864236486276358,0.9002815706745779,0.8829220798977698
43,V3_Chi2,KNN,44,0.9182692307692307,0.7905340353809588,0.9148681002069535,0.8932254314314617
43,V3_Chi2,DT,42,0.9086538461538461,0.8551371057466192,0.920032618075117,0.8831823354665169
43,V3_Chi2,DT,44,0.90625,0.839993784709589,0.9170890349090128,0.8803795648423273
43,V3_Chi2,RF,42,0.9110576923076923,0.8729270495897816,0.9212630673477362,0.8859666019647646
43,V3_Chi2,RF,44,0.9206730769230769,0.8769684514103308,0.930721639712437,0.8987595687252025
43,V3_Chi2,GB,42,0.9350961538461539,0.8105173010847293,0.9210531505449949,0.9147618613969584
43,V3_Chi2,GB,44,0.9495192307692307,0.8078240224299883,0.9357133558005682,0.9337474120082816
43,V3_Chi2,XGB,42,0.9326923076923077,0.7995720847038056,0.9186741833521606,0.9116069057104914
43,V3_Chi2,XGB,44,0.9519230769230769,0.8195605169486753,0.9385000752822126,0.9370683851838405
43,V3_Chi2,LGBM,42,0.8557692307692307,0.821988649443986,0.8795365129137607,0.8177157504984335
43,V3_Chi2,LGBM,44,0.8605769230769231,0.8065052466119896,0.8824694731091177,0.8239949812892543
43,V3_Chi2,Hard Voting,42,0.9014423076923077,0.8589583244214168,0.9115686683795895,0.8742804071734468
43,V3_Chi2,Hard Voting,44,0.9134615384615384,0.8737988625789385,0.9242418253774827,0.889758331063623
43,V3_Chi2,Soft Voting,42,0.9110576923076923,0.8659731120150144,0.9210140967377696,0.8862060297792432
43,V3_Chi2,Soft Voting,44,0.9158653846153846,0.8663217414550701,0.9257240621615577,0.8928907721280602
43,V3_Chi2,Stacking,42,0.9158653846153846,0.8731640483242373,0.9251571090741754,0.8926166576934706
43,V3_Chi2,Stacking,44,0.9230769230769231,0.8900504957185021,0.9329133854591702,0.9021529007930966
44,V1_Word,LR,42,0.8725961538461539,0.8246371415303523,0.8824101062015893,0.8385589807424765
44,V1_Word,LR,43,0.8798076923076923,0.8411343652880917,0.8911275691882956,0.847631326413256
44,V1_Word,SVM-L,42,0.9206730769230769,0.8882307381829724,0.9298533759525659,0.8987416466284096
44,V1_Word,SVM-L,43,0.9158653846153846,0.8733904942788661,0.9283403244140607,0.8928773754956997
44,V1_Word,SVM-RBF,42,0.9110576923076923,0.8714137124857172,0.9193987174716648,0.8867644137748383
44,V1_Word,SVM-RBF,43,0.9158653846153846,0.875040868458596,0.9283534950541892,0.8930520563239582
44,V1_Word,MNB,42,0.7716346153846154,0.5801840819143393,0.746475200308663,0.689305733535641
44,V1_Word,MNB,43,0.7572115384615384,0.5707765636729043,0.7318215267286892,0.6698749931250148
44,V1_Word,CNB,42,0.8389423076923077,0.7727475849249964,0.8407452953814742,0.7934673068943031
44,V1_Word,CNB,43,0.8605769230769231,0.8111215235971795,0.8684456957793734,0.8219046634877988
44,V1_Word,KNN,42,0.9182692307692307,0.7963963298869281,0.9094569886695486,0.8928387429160227
44,V1_Word,KNN,43,0.9182692307692307,0.7864478268842838,0.9138777181563936,0.8930008775380518
44,V1_Word,DT,42,0.9182692307692307,0.8770080825031162,0.9278000865498337,0.8954804764860631
44,V1_Word,DT,43,0.9134615384615384,0.8682426907675543,0.9262299339245899,0.8897347921483161
44,V1_Word,RF,42,0.9182692307692307,0.8849719621981118,0.9278236921449428,0.8955653676329429
44,V1_Word,RF,43,0.9158653846153846,0.8612804197430988,0.928331603621242,0.8926380368098159
44,V1_Word,GB,42,0.9447115384615384,0.823014508884056,0.9313758425542299,0.9275809869815319
44,V1_Word,GB,43,0.9495192307692307,0.8272274814176145,0.9392120078220045,0.9337499241642905
44,V1_Word,XGB,42,0.9423076923076923,0.8233764991599414,0.9292369745123401,0.9245334361323386
44,V1_Word,XGB,43,0.9471153846153846,0.8317740901064884,0.9375121796548316,0.9307060382358509
44,V1_Word,LGBM,42,0.8557692307692307,0.8254452370472692,0.8782210456212803,0.818532116761787
44,V1_Word,LGBM,43,0.8822115384615384,0.8366540440885079,0.9001288219523196,0.851011577593264
44,V1_Word,Hard Voting,42,0.9086538461538461,0.8683263211152968,0.9183518736381694,0.8837270881755862
44,V1_Word,Hard Voting,43,0.9110576923076923,0.8689922067591029,0.923558556592098,0.8868093805843378
44,V1_Word,Soft Voting,42,0.9158653846153846,0.8745507558253541,0.9252539352517455,0.892747965084159
44,V1_Word,Soft Voting,43,0.9158653846153846,0.870002495391456,0.9283196642069333,0.8928915600609106
44,V1_Word,Stacking,42,0.9182692307692307,0.8772695539890839,0.9272815458957727,0.8957731533337263
44,V1_Word,Stacking,43,0.9182692307692307,0.8832441987087403,0.9309055131763707,0.8960886302859326
44,V2_Char,LR,42,0.8533653846153846,0.8153644101703416,0.8742902592744802,0.8155143584151218
44,V2_Char,LR,43,0.8629807692307693,0.8253611081135338,0.8895806772021133,0.8275628858782207
44,V2_Char,SVM-L,42,0.8870192307692307,0.8504807540220417,0.9042967363603112,0.8565454091889592
44,V2_Char,SVM-L,43,0.8918269230769231,0.8469017775047089,0.912723219936204,0.8624975209889602
44,V2_Char,SVM-RBF,42,0.8822115384615384,0.8371567719564049,0.8990502973903555,0.8506053765647444
44,V2_Char,SVM-RBF,43,0.8798076923076923,0.8104128096449124,0.8986779922670125,0.8474469364704501
44,V2_Char,MNB,42,0.7884615384615384,0.627588353833439,0.7708806591541904,0.712128837443382
44,V2_Char,MNB,43,0.7668269230769231,0.5635152345083537,0.7390489182315659,0.6808352447994939
44,V2_Char,CNB,42,0.8557692307692307,0.8024790245000795,0.8699497149286104,0.8158463615638303
44,V2_Char,CNB,43,0.8605769230769231,0.8078440750838205,0.8783592240815141,0.8225634463638303
44,V2_Char,KNN,42,0.9038461538461539,0.7879199733793738,0.8954757241429682,0.8735225933948998
44,V2_Char,KNN,43,0.8966346153846154,0.7763196008029682,0.8903572043074821,0.8638007568316621
44,V2_Char,DT,42,0.8870192307692307,0.8505623590223667,0.9063065564531789,0.8567692499285751
44,V2_Char,DT,43,0.8918269230769231,0.8562773272296977,0.9148042572080276,0.8629103717970312
44,V2_Char,RF,42,0.8966346153846154,0.8645807887631005,0.9168736586791435,0.868985974292306
44,V2_Char,RF,43,0.8894230769230769,0.835866666766493,0.9130266623817351,0.8595986646612128
44,V2_Char,GB,42,0.9278846153846154,0.800529319854733,0.915365101748441,0.9052384604287048
44,V2_Char,GB,43,0.9278846153846154,0.8204514223214119,0.9187315250580516,0.9051599665628087
44,V2_Char,XGB,42,0.9254807692307693,0.7997802844257518,0.9130676394303081,0.9022237723002737
44,V2_Char,XGB,43,0.9086538461538461,0.7980117151363426,0.8990118187808219,0.8796708608313732
44,V2_Char,LGBM,42,0.7596153846153846,0.7459285280922537,0.8017241007919776,0.7034671532846716
44,V2_Char,LGBM,43,0.7548076923076923,0.6998600115975051,0.802993133429297,0.6955136484973736
44,V2_Char,Hard Voting,42,0.8894230769230769,0.8546036466154652,0.9073105650473738,0.8598218471636193
44,V2_Char,Hard Voting,43,0.8894230769230769,0.845510299076459,0.9115221633101587,0.8599265082641603
44,V2_Char,Soft Voting,42,0.8870192307692307,0.8523154979143804,0.9050095808317589,0.8568898127680754
44,V2_Char,Soft Voting,43,0.8918269230769231,0.8485080725721428,0.9118750625394247,0.8625217563726894
44,V2_Char,Stacking,42,0.8870192307692307,0.8448586752057102,0.9037099888006078,0.8571616428748849
44,V2_Char,Stacking,43,0.8894230769230769,0.8418016316853852,0.909861602763507,0.8598249276636267
44,V3_Chi2,LR,42,0.8725961538461539,0.8246371415303523,0.8824101062015893,0.8385589807424765
44,V3_Chi2,LR,43,0.8798076923076923,0.8411343652880917,0.8911275691882956,0.847631326413256
44,V3_Chi2,SVM-L,42,0.9206730769230769,0.8882307381829724,0.9298533759525659,0.8987416466284096
44,V3_Chi2,SVM-L,43,0.9158653846153846,0.8733904942788661,0.9283403244140607,0.8928773754956997
44,V3_Chi2,SVM-RBF,42,0.9110576923076923,0.8714137124857172,0.9193987174716648,0.8867644137748383
44,V3_Chi2,SVM-RBF,43,0.9158653846153846,0.875040868458596,0.9283534950541892,0.8930520563239582
44,V3_Chi2,MNB,42,0.7716346153846154,0.5801840819143393,0.746475200308663,0.689305733535641
44,V3_Chi2,MNB,43,0.7572115384615384,0.5707765636729043,0.7318215267286892,0.6698749931250148
44,V3_Chi2,CNB,42,0.8389423076923077,0.7727475849249964,0.8407452953814742,0.7934673068943031
44,V3_Chi2,CNB,43,0.8605769230769231,0.8111215235971795,0.8684456957793734,0.8219046634877988
44,V3_Chi2,KNN,42,0.9182692307692307,0.7963963298869281,0.9094569886695486,0.8928387429160227
44,V3_Chi2,KNN,43,0.9182692307692307,0.7864478268842838,0.9138777181563936,0.8930008775380518
44,V3_Chi2,DT,42,0.9182692307692307,0.8770080825031162,0.9278000865498337,0.8954804764860631
44,V3_Chi2,DT,43,0.9134615384615384,0.8682426907675543,0.9262299339245899,0.8897347921483161
44,V3_Chi2,RF,42,0.9182692307692307,0.8849719621981118,0.9278236921449428,0.8955653676329429
44,V3_Chi2,RF,43,0.9158653846153846,0.8612804197430988,0.928331603621242,0.8926380368098159
44,V3_Chi2,GB,42,0.9447115384615384,0.823014508884056,0.9313758425542299,0.9275809869815319
44,V3_Chi2,GB,43,0.9495192307692307,0.8272274814176145,0.9392120078220045,0.9337499241642905
44,V3_Chi2,XGB,42,0.9423076923076923,0.8233764991599414,0.9292369745123401,0.9245334361323386
44,V3_Chi2,XGB,43,0.9471153846153846,0.8317740901064884,0.9375121796548316,0.9307060382358509
44,V3_Chi2,LGBM,42,0.8557692307692307,0.8254452370472692,0.8782210456212803,0.818532116761787
44,V3_Chi2,LGBM,43,0.8822115384615384,0.8366540440885079,0.9001288219523196,0.851011577593264
44,V3_Chi2,Hard Voting,42,0.9086538461538461,0.8683263211152968,0.9183518736381694,0.8837270881755862
44,V3_Chi2,Hard Voting,43,0.9110576923076923,0.8689922067591029,0.923558556592098,0.8868093805843378
44,V3_Chi2,Soft Voting,42,0.9158653846153846,0.8745507558253541,0.9252539352517455,0.892747965084159
44,V3_Chi2,Soft Voting,43,0.9158653846153846,0.870002495391456,0.9283196642069333,0.8928915600609106
44,V3_Chi2,Stacking,42,0.9182692307692307,0.8772695539890839,0.9272815458957727,0.8957731533337263
44,V3_Chi2,Stacking,43,0.9182692307692307,0.8832441987087403,0.9309055131763707,0.8960886302859326
