Strategy,Type,Model,CV_Acc,CV_Acc_Std,CV_F1,CV_F1_Std,CV_Kappa,CV_Kappa_Std,Test_Acc,Test_F1,Test_F1_W,Test_Kappa,Combo,Method
S1_form,Individual,LR,0.8349056603773585,0.02838039425753079,0.7561145377430809,0.05275166628219764,0.7894269382290019,0.036504924702839225,0.6392156862745098,0.5428566605193267,0.6888023748254563,0.553597762280343,,
S1_form,Individual,SVM-L,0.8641509433962264,0.024309620239104004,0.7929527071302267,0.04511935040302705,0.8251704801807074,0.03146741565364099,0.6470588235294118,0.5367132944993173,0.6955662823199303,0.5602121329711551,,
S1_form,Individual,SVM-RBF,0.8528301886792453,0.02117919275532419,0.8005528445652708,0.03281255649485221,0.8105875048761106,0.027824990039399852,0.5862745098039216,0.43630860229504004,0.61337580494435,0.4828723387640308,,
S1_form,Individual,CNB,0.8264150943396226,0.04094817814002021,0.7607031507435498,0.053541638395550754,0.7744087340045824,0.053426046141677175,0.6098039215686275,0.48288307090800797,0.6236676602101926,0.502371933953591,,
S1_form,Individual,DT,0.8188679245283019,0.036244099457167084,0.7448527850383306,0.04951084756404766,0.7680557719858518,0.046548984382022485,0.611764705882353,0.49761300047505813,0.6606869851205821,0.5157734473808824,,
S1_form,Individual,RF,0.8490566037735849,0.028301886792452827,0.7582066890729448,0.062334816107546154,0.8052189338891816,0.03651273988956732,0.657843137254902,0.5334051655347546,0.7053387865703584,0.5692515446103807,,
S1_form,Individual,GB,0.8490566037735849,0.02023359489578039,0.7680421419908565,0.06036142127896873,0.8049410036088416,0.026177121933375406,0.6509803921568628,0.5262007083725221,0.6984343604232632,0.5624775587809328,,
S1_form,Individual,XGB,0.839622641509434,0.0231083937998413,0.7513848600541284,0.047970350507170766,0.7935209799488145,0.030318854532350604,0.6696078431372549,0.5473255960469182,0.7149707410257587,0.5858095114157232,,
S1_form,Individual,LGBM,0.7990566037735849,0.01889149471179319,0.69262193556187,0.04046306177746559,0.7430674169784561,0.02308925173786732,0.5627450980392157,0.4758291182948812,0.5971577379069343,0.4721605656649104,,
S1_form,Ensemble,C1_Optimal5_HardVoting,0.8622641509433964,0.025031130493248295,0.7883763675470483,0.055851768711835094,0.8222687998607732,0.03244612111455857,0.657843137254902,0.5534049370709937,0.7066001908494933,0.5715276139487634,C1_Optimal5,Hard Voting
S1_form,Ensemble,C1_Optimal5_SoftVoting,0.8650943396226415,0.029245283018867918,0.7958421331048805,0.06440214053242006,0.8259863361855487,0.03775013863122523,0.653921568627451,0.5498440927354628,0.702006983358711,0.567208527456043,C1_Optimal5,Soft Voting
S1_form,Ensemble,C1_Optimal5_Stacking,0.8745283018867924,0.022344753362881147,0.8300960023122895,0.023777808913983203,0.8385562131198177,0.02878433043295303,0.6607843137254902,0.5521653178961768,0.7098802448006997,0.578889591561564,C1_Optimal5,Stacking
S1_form,Ensemble,C2_Alt5_HardVoting,0.8603773584905661,0.026279977881479465,0.7846809874317,0.05961350808518798,0.8202607217227958,0.03387170632060008,0.6647058823529411,0.5598930057982596,0.7138913047682233,0.5803443716894856,C2_Alt5,Hard Voting
S1_form,Ensemble,C2_Alt5_SoftVoting,0.8641509433962264,0.028364710147873402,0.7946463052176065,0.06004369039218879,0.8248910013825984,0.03646796910405605,0.6549019607843137,0.5509157174106283,0.7028996579501399,0.5683100318861909,C2_Alt5,Soft Voting
S1_form,Ensemble,C2_Alt5_Stacking,0.8735849056603774,0.020321376630696237,0.8279917751368403,0.02547759870211812,0.8373819104465291,0.02610691610950748,0.6627450980392157,0.5537978886234977,0.7115265355408704,0.5815604190120017,C2_Alt5,Stacking
S1_form,Ensemble,C3_Optimal3_HardVoting,0.85,0.01953991997849809,0.7700014820892992,0.04279678017200063,0.8079624168323971,0.025351097648423814,0.6431372549019608,0.535597269153353,0.6903843556585527,0.5575691566311003,C3_Optimal3,Hard Voting
S1_form,Ensemble,C3_Optimal3_SoftVoting,0.8669811320754717,0.022503510267691623,0.8018417486020798,0.046605366734558416,0.8284614390191463,0.029642797505341312,0.6735294117647059,0.5456397686529987,0.7096320532880832,0.5869762419531747,C3_Optimal3,Soft Voting
S1_form,Ensemble,C3_Optimal3_Stacking,0.8660377358490565,0.016770178145878466,0.8087855554596903,0.03964764367266146,0.8279168914392233,0.021693606982541552,0.7019607843137254,0.5477197428556072,0.7375175207989145,0.6195958205593444,C3_Optimal3,Stacking
S1_form,Ensemble,C4_Prev4_HardVoting,0.8584905660377359,0.027985654668285512,0.7806354358174247,0.04751586190667155,0.8179676822813737,0.03624127648750224,0.6549019607843137,0.557915159780014,0.7024718092073753,0.569626959687289,C4_Prev4,Hard Voting
S1_form,Ensemble,C4_Prev4_SoftVoting,0.8716981132075473,0.020321376630696237,0.8122996351657192,0.05190181801466349,0.8342205248674656,0.02665508147275735,0.6676470588235294,0.574474743588196,0.710227030805712,0.5833900612661675,C4_Prev4,Soft Voting
S1_form,Ensemble,C4_Prev4_Stacking,0.868867924528302,0.027810194288648435,0.8095649637131286,0.04933126964421644,0.8314998305899548,0.035488686377295416,0.6637254901960784,0.5573545715506693,0.71022695146609,0.5819772026668578,C4_Prev4,Stacking
S1_form,Ensemble,C5_Prev5_HardVoting,0.8669811320754717,0.027810194288648435,0.7854208045455728,0.05765799719298019,0.8288065022787826,0.03551008939620894,0.6441176470588236,0.5493838569203828,0.6913257642067832,0.5562129113684334,C5_Prev5,Hard Voting
S1_form,Ensemble,C5_Prev5_SoftVoting,0.8669811320754717,0.02511986218055537,0.7927164365347865,0.05493809945252899,0.8287131317187295,0.03189786092388096,0.657843137254902,0.5326843927762397,0.704628939480658,0.5713723237861992,C5_Prev5,Soft Voting
S1_form,Ensemble,C5_Prev5_Stacking,0.8764150943396227,0.017624095936103208,0.8183301069052904,0.03771015582655096,0.841139515325257,0.022693022483876044,0.7225490196078431,0.5773103915720831,0.7550014736456095,0.6442265384373624,C5_Prev5,Stacking
S1S4_form_student,Individual,LR,0.8375,0.046872874101452446,0.7498373614185565,0.09593428204627738,0.7889382753839171,0.06007345302543181,0.5537037037037037,0.4584792837410416,0.5986762752065944,0.4478808705612829,,
S1S4_form_student,Individual,SVM-L,0.8696428571428572,0.03750000000000001,0.7764984200526492,0.07541119517888822,0.8287530720911466,0.048717689846879665,0.5907407407407408,0.45604268907103707,0.6231561409081237,0.4921010520581526,,
S1S4_form_student,Individual,SVM-RBF,0.8625,0.04591057190065157,0.7518565328895026,0.09978939373948525,0.8176339774702532,0.06086471660562976,0.5018518518518519,0.41128025317574574,0.49897531490961833,0.37141645498959286,,
S1S4_form_student,Individual,CNB,0.8464285714285713,0.05486532677049007,0.7374784757747775,0.11323721941642241,0.7959673638088753,0.07274942399650926,0.4685185185185185,0.3400290432815726,0.4234363061616477,0.3405274758942325,,
S1S4_form_student,Individual,DT,0.8178571428571427,0.03273268353539882,0.708284201416959,0.06133657957670668,0.7623997409299192,0.04113833634758494,0.5555555555555556,0.4321343503866814,0.6043567523301588,0.4588251997043582,,
S1S4_form_student,Individual,RF,0.8660714285714285,0.040915854419248554,0.7184492888357934,0.09989591737336173,0.8224439981270205,0.054181529424398224,0.6018518518518519,0.5647453893176603,0.6517004731953853,0.5074852903121805,,
S1S4_form_student,Individual,GB,0.8589285714285715,0.04687287410145245,0.7466670499762411,0.09107325617046917,0.8140581162890521,0.06148361956876858,0.562962962962963,0.4850297606553451,0.6050237703203716,0.4610459362762098,,
S1S4_form_student,Individual,XGB,0.8303571428571429,0.04319066650874223,0.6916969791938812,0.10560336601816916,0.7764661535162123,0.05729058525324111,0.6092592592592593,0.549498045249846,0.6557184879242703,0.5133306566661826,,
S1S4_form_student,Individual,LGBM,0.7857142857142857,0.044463927135674056,0.6387887185239178,0.08515053486236347,0.720183962656036,0.05799719116293788,0.4648148148148148,0.4640468918245379,0.48537887937707813,0.37526771095623357,,
S1S4_form_student,Ensemble,C1_Optimal5_HardVoting,0.8678571428571429,0.03762733483161693,0.7551726820232385,0.08071132057283426,0.8257429582610889,0.049719016099576935,0.5851851851851851,0.46657623752456245,0.6274973196044369,0.4881733169720306,C1_Optimal5,Hard Voting
S1S4_form_student,Ensemble,C1_Optimal5_SoftVoting,0.8660714285714285,0.033168170751797704,0.7620959184189074,0.07230877887847498,0.8231447174860506,0.04408406987030158,0.5833333333333334,0.4617842527255186,0.6305447185115752,0.4900678650421586,C1_Optimal5,Soft Voting
S1S4_form_student,Ensemble,C1_Optimal5_Stacking,0.8678571428571429,0.043153735619980635,0.7661519386875592,0.09585016843384522,0.8273715943684881,0.05586282608547051,0.6185185185185185,0.5718487588878787,0.6673559119753386,0.5252585173077498,C1_Optimal5,Stacking
S1S4_form_student,Ensemble,C2_Alt5_HardVoting,0.8625,0.03392857142857144,0.7561831717333032,0.07347390964414986,0.819268174774854,0.044266106170116566,0.5796296296296296,0.45934027013295825,0.6253349724750371,0.4822452091420173,C2_Alt5,Hard Voting
S1S4_form_student,Ensemble,C2_Alt5_SoftVoting,0.8625,0.037500000000000006,0.7536489032492033,0.07859823051854628,0.8185706649853813,0.04946499461995435,0.5833333333333334,0.4617842527255186,0.6305447185115752,0.4900678650421586,C2_Alt5,Soft Voting
S1S4_form_student,Ensemble,C2_Alt5_Stacking,0.8696428571428572,0.03996969515285607,0.7703149102189517,0.09141221171545363,0.8295615240078773,0.051972378189094774,0.6259259259259259,0.5793475116359506,0.6742235599148528,0.5333196426737858,C2_Alt5,Stacking
S1S4_form_student,Ensemble,C3_Optimal3_HardVoting,0.8553571428571429,0.0447854864428016,0.7335338436341314,0.11053815133149295,0.8105919457335478,0.05811958612669663,0.562962962962963,0.5334224143926325,0.6064458374061871,0.46011895684001825,C3_Optimal3,Hard Voting
S1S4_form_student,Ensemble,C3_Optimal3_SoftVoting,0.8803571428571427,0.03663979380122,0.7787071596503624,0.09747389804503942,0.8413104357782768,0.04885301415365898,0.6037037037037037,0.5466932266030847,0.6361801765672858,0.5027281959481557,C3_Optimal3,Soft Voting
S1S4_form_student,Ensemble,C3_Optimal3_Stacking,0.8875,0.03485575231418416,0.8083151441824287,0.07621963416791114,0.8529737230628683,0.044763401997811404,0.6370370370370371,0.5753873857088365,0.676926485755185,0.5424539925039231,C3_Optimal3,Stacking
S1S4_form_student,Ensemble,C4_Prev4_HardVoting,0.8589285714285714,0.04821428571428571,0.7435593223554606,0.11586218437115309,0.8145482990381367,0.06293571199135024,0.5925925925925926,0.4717406110265086,0.6305174381758517,0.4939685135964016,C4_Prev4,Hard Voting
S1S4_form_student,Ensemble,C4_Prev4_SoftVoting,0.8839285714285715,0.04673661545822287,0.7826696176750361,0.10878195516865082,0.8465447868414125,0.061817734393158796,0.6277777777777778,0.5081837124040594,0.6623068401009444,0.5377913290096197,C4_Prev4,Soft Voting
S1S4_form_student,Ensemble,C4_Prev4_Stacking,0.8892857142857145,0.03728680896039481,0.8062327942059161,0.07582073345033728,0.854789187565246,0.04781837601847361,0.6277777777777778,0.5111896282067477,0.6683897248905566,0.5407327795948936,C4_Prev4,Stacking
S1S4_form_student,Ensemble,C5_Prev5_HardVoting,0.8750000000000002,0.03480997980288917,0.750107559596408,0.0833502046700671,0.8351217832175127,0.045061085310132795,0.6129629629629629,0.576524474603254,0.6474126630580045,0.5196486105731785,C5_Prev5,Hard Voting
S1S4_form_student,Ensemble,C5_Prev5_SoftVoting,0.8821428571428571,0.03677010764638215,0.7802268527564452,0.09842622876584768,0.8440290504092793,0.04904346505743685,0.6129629629629629,0.5734384260277935,0.6511083215080242,0.5232785057150822,C5_Prev5,Soft Voting
S1S4_form_student,Ensemble,C5_Prev5_Stacking,0.8767857142857143,0.038672156835192345,0.7901988787377842,0.08165570856284457,0.8391037320408596,0.04897655154388028,0.6537037037037037,0.596887111957752,0.6895633152406222,0.5618366585380671,C5_Prev5,Stacking
S2_question,Individual,LR,0.8025641025641026,0.034969696658938086,0.7277250201372344,0.05421939426911024,0.7535192770685774,0.043025818211491935,0.7730769230769231,0.6495273446159101,0.7904736716508577,0.7018971506303593,,
S2_question,Individual,SVM-L,0.8352564102564102,0.022581942248472472,0.7439446711464077,0.03647753618932151,0.7913686021946559,0.028507425575682248,0.7903846153846154,0.651880997552329,0.7977378943883577,0.7210423997834485,,
S2_question,Individual,SVM-RBF,0.8365384615384615,0.03010091508172795,0.7245200879759981,0.060784779494669185,0.7941068739743068,0.03733520007349328,0.7807692307692308,0.642111004202045,0.7910441205172547,0.7103672687652988,,
S2_question,Individual,CNB,0.7897435897435898,0.030715765514643435,0.6923241164061518,0.05434076378411994,0.7331535556018729,0.03790187698585412,0.7480769230769231,0.6106792170242727,0.7488376360418681,0.6623610932125261,,
S2_question,Individual,DT,0.7974358974358975,0.022242758426791635,0.7036291379531097,0.027805231844404428,0.7456215783023252,0.027104598156537346,0.75,0.5406480152043495,0.757220807643691,0.6681394207167404,,
S2_question,Individual,RF,0.8314102564102563,0.02184195517615492,0.7401795472172095,0.032255575077065925,0.7868765048132805,0.027363883657465133,0.775,0.6277792117001972,0.7748288561404535,0.6960659423004871,,
S2_question,Individual,GB,0.860897435897436,0.023821672020592367,0.6779392529664434,0.030823805379061237,0.8185805840610213,0.031078231328535863,0.8038461538461539,0.5090629454880476,0.7771174960740956,0.7259438763647261,,
S2_question,Individual,XGB,0.8666666666666666,0.019400956346694316,0.6956627994976226,0.0349050320872757,0.8265280920456493,0.025310972142696488,0.7807692307692308,0.47150948937992865,0.751117975011096,0.6942343996616359,,
S2_question,Individual,LGBM,0.7794871794871796,0.024859896704699132,0.6926977819270231,0.041253988249898885,0.7253109650323254,0.03032560223189538,0.7384615384615385,0.560856340109462,0.7535123223426284,0.6542333436007255,,
S2_question,Ensemble,C1_Optimal5_HardVoting,0.8448717948717949,0.021605512238913743,0.7575433801670581,0.030442055209054977,0.8031569790181463,0.02690635851046776,0.7769230769230769,0.5686771744984909,0.7746635580006578,0.698991481738384,C1_Optimal5,Hard Voting
S2_question,Ensemble,C1_Optimal5_SoftVoting,0.8769230769230768,0.021221724816983152,0.7084672249038763,0.04019578803851068,0.8402881479855766,0.027310791077946428,0.8115384615384615,0.5247214722717147,0.7901400676461675,0.7392843621778146,C1_Optimal5,Soft Voting
S2_question,Ensemble,C1_Optimal5_Stacking,0.8371794871794872,0.026461240308397815,0.7488924349797903,0.046119375626897975,0.7953588790390902,0.03255574672117792,0.7807692307692308,0.6039732382631938,0.7897799111954329,0.7085230457571615,C1_Optimal5,Stacking
S2_question,Ensemble,C2_Alt5_HardVoting,0.8442307692307691,0.020682392057566272,0.7593131751777331,0.03786720479627098,0.8026912750252002,0.02613245031847316,0.7769230769230769,0.5700638893384584,0.7787193624090598,0.7005649156597797,C2_Alt5,Hard Voting
S2_question,Ensemble,C2_Alt5_SoftVoting,0.8769230769230768,0.020230427997512186,0.7079368685573892,0.04012519975259593,0.8404229013489999,0.02599655083381039,0.8115384615384615,0.5616745923175471,0.7941593561097666,0.7398964894192587,C2_Alt5,Soft Voting
S2_question,Ensemble,C2_Alt5_Stacking,0.8371794871794872,0.026305492985491275,0.748931394594608,0.04600651317397851,0.7952727326378626,0.0323293478874165,0.7826923076923077,0.6249296704950057,0.7921362313305442,0.7112332052327924,C2_Alt5,Stacking
S2_question,Ensemble,C3_Optimal3_HardVoting,0.8339743589743589,0.030935714133368354,0.7460424621650771,0.036722657167517415,0.7912442910817552,0.038295495152779864,0.775,0.6171406438923662,0.7876753135234412,0.7025171624713958,C3_Optimal3,Hard Voting
S2_question,Ensemble,C3_Optimal3_SoftVoting,0.8769230769230768,0.028924395314560217,0.7091255627972726,0.0507849553613347,0.8404490861426803,0.03718211958036816,0.801923076923077,0.5391118158387904,0.7819557218187713,0.726865686864463,C3_Optimal3,Soft Voting
S2_question,Ensemble,C3_Optimal3_Stacking,0.851923076923077,0.0326168057261758,0.7730160683164155,0.05167492456718121,0.8137483997646389,0.04008176091657924,0.7807692307692308,0.6210106357996177,0.7891884769314189,0.7084628398316088,C3_Optimal3,Stacking
S2_question,Ensemble,C4_Prev4_HardVoting,0.8307692307692308,0.026305492985491286,0.7415122738770119,0.0379369755980919,0.7863633681862411,0.033010635046316406,0.7826923076923077,0.6514022994183556,0.792909130119092,0.7106217004176187,C4_Prev4,Hard Voting
S2_question,Ensemble,C4_Prev4_SoftVoting,0.8403846153846153,0.025872353936680217,0.7580547012000688,0.041161210181887245,0.7981592825809815,0.03228828354011386,0.7961538461538461,0.6588452101005654,0.8039794821378855,0.7272772252733659,C4_Prev4,Soft Voting
S2_question,Ensemble,C4_Prev4_Stacking,0.8487179487179487,0.03076923076923079,0.7689227625289619,0.05336439155247226,0.8098414118558225,0.03791373074098757,0.8038461538461539,0.6660547813119297,0.8136562918796978,0.739440563562944,C4_Prev4,Stacking
S2_question,Ensemble,C5_Prev5_HardVoting,0.8352564102564102,0.02690017340815038,0.7398991358188239,0.03557374074866593,0.7925490496597571,0.033227523290629744,0.7807692307692308,0.6518789278667854,0.7905012924576146,0.7080004334676426,C5_Prev5,Hard Voting
S2_question,Ensemble,C5_Prev5_SoftVoting,0.8435897435897436,0.027377123723157197,0.762295340818598,0.040915764013046835,0.802963960195644,0.03384253444848769,0.7769230769230769,0.609138328748478,0.7828135170151975,0.7019821742653307,C5_Prev5,Soft Voting
S2_question,Ensemble,C5_Prev5_Stacking,0.8506410256410257,0.03192925488567249,0.7706237039157994,0.047975777351578396,0.812210230045525,0.03951857621247587,0.7865384615384615,0.6437755027024937,0.7949882421682641,0.7165433214326054,C5_Prev5,Stacking
S2S4_question_student,Individual,LR,0.8136752136752137,0.031005738713191545,0.736320479915131,0.034456537061960266,0.7669479765001432,0.038041027289865616,0.6615384615384615,0.4031062837995703,0.7028630211385805,0.5449844881075492,,
S2S4_question_student,Individual,SVM-L,0.8316239316239317,0.03333333333333334,0.7371259490479641,0.03993981482096648,0.7878374333309003,0.04092335922645355,0.7,0.5274866355514211,0.7307829800299328,0.5905015749939424,,
S2S4_question_student,Individual,SVM-RBF,0.8350427350427351,0.031991397046517774,0.7436761523288092,0.05219747997158982,0.7924712516274408,0.03909054103286489,0.676923076923077,0.5510366355164397,0.6966109668924846,0.5664946407304485,,
S2S4_question_student,Individual,CNB,0.7931623931623932,0.02471253383726661,0.6959832818528418,0.033676929838867706,0.7381766189572205,0.03071490297252394,0.6846153846153846,0.4329506615679456,0.7022901058769064,0.5659609120521172,,
S2S4_question_student,Individual,DT,0.8076923076923077,0.032264249723379275,0.7266294594602529,0.04733787336406056,0.758382715482414,0.03941413482497849,0.6923076923076923,0.46805368121157603,0.7050365064535105,0.5764782537872617,,
S2S4_question_student,Individual,RF,0.8427350427350427,0.030145627501792147,0.7764352094471664,0.03567295476913993,0.8016059655151512,0.03727804684252429,0.7153846153846154,0.49313268022591444,0.7309482792613481,0.602971522905489,,
S2S4_question_student,Individual,GB,0.852991452991453,0.021554735406698267,0.6784385547457951,0.05448251967662938,0.806953991402926,0.027944943482057602,0.8,0.48292983819299606,0.7662514273850307,0.7080670236655726,,
S2S4_question_student,Individual,XGB,0.8658119658119657,0.025655266700519024,0.693769541681598,0.03747346039410766,0.8247348494700665,0.0335462810684119,0.7846153846153846,0.5052722244888708,0.7681153689232024,0.6923857010056622,,
S2S4_question_student,Individual,LGBM,0.7794871794871794,0.03457051011308837,0.7043517696698138,0.05136956189987021,0.7251333513566651,0.042325073194560296,0.7230769230769231,0.5079486433177397,0.7440220961017431,0.6173969914977109,,
S2S4_question_student,Ensemble,C1_Optimal5_HardVoting,0.8427350427350427,0.029902317409463072,0.7564704367615989,0.046043907656169066,0.8007282937395355,0.037157270794931536,0.7384615384615385,0.505115192403328,0.7466098843934567,0.6331645779732757,C1_Optimal5,Hard Voting
S2S4_question_student,Ensemble,C1_Optimal5_SoftVoting,0.8735042735042734,0.025006391176628697,0.7232616405440986,0.051312164121892934,0.8353855683351782,0.03230993375934393,0.8,0.5281592781592782,0.7744867514098284,0.7092222986923606,C1_Optimal5,Soft Voting
S2S4_question_student,Ensemble,C1_Optimal5_Stacking,0.8350427350427351,0.03221893474353975,0.7552303769185078,0.0408261814177747,0.792775139328044,0.03932704402142368,0.7307692307692307,0.5496262197916791,0.7649923395885485,0.6321448783248445,C1_Optimal5,Stacking
S2S4_question_student,Ensemble,C2_Alt5_HardVoting,0.8435897435897436,0.03376879703442463,0.780309169440615,0.04516096984266358,0.8024169411532311,0.04206968433562598,0.7384615384615385,0.505115192403328,0.7466098843934567,0.6331645779732757,C2_Alt5,Hard Voting
S2S4_question_student,Ensemble,C2_Alt5_SoftVoting,0.8726495726495725,0.02548384874508644,0.7182626483763013,0.03675177289968873,0.8343652651151846,0.032835036365796905,0.7846153846153846,0.5224035224035224,0.7665172434403204,0.6884095189179935,C2_Alt5,Soft Voting
S2S4_question_student,Ensemble,C2_Alt5_Stacking,0.8376068376068376,0.031750727557276405,0.7609548937140522,0.04095021406340678,0.7960034234853137,0.03881216020080111,0.7230769230769231,0.5306992045411346,0.7560619725699461,0.6217570516447102,C2_Alt5,Stacking
S2S4_question_student,Ensemble,C3_Optimal3_HardVoting,0.8384615384615385,0.026050855819022525,0.7667265836143594,0.036148757655737475,0.7969262159093264,0.03204705877022448,0.6692307692307692,0.4748270085989384,0.7101331709226445,0.5542975601977358,C3_Optimal3,Hard Voting
S2S4_question_student,Ensemble,C3_Optimal3_SoftVoting,0.8709401709401708,0.029471691708660968,0.7113463243790841,0.04432867590663663,0.8320498629844932,0.03825289896590896,0.7692307692307693,0.5109144375983913,0.7595204608176789,0.6690427698574337,C3_Optimal3,Soft Voting
S2S4_question_student,Ensemble,C3_Optimal3_Stacking,0.8521367521367521,0.03647280050145619,0.7787091557482456,0.04679480135952849,0.8139954917698662,0.04510065879515985,0.7538461538461538,0.5542487758848236,0.7603008709264916,0.6597693628854175,C3_Optimal3,Stacking
S2S4_question_student,Ensemble,C4_Prev4_HardVoting,0.8256410256410257,0.027616229780176953,0.7410089810675518,0.034500663087727104,0.780437867483031,0.03360704299998733,0.6923076923076923,0.41358489049271874,0.71765384024085,0.5764092538286086,C4_Prev4,Hard Voting
S2S4_question_student,Ensemble,C4_Prev4_SoftVoting,0.8341880341880342,0.03225292694720206,0.7608735667579991,0.03502651456147329,0.7909999440549969,0.039466561242169455,0.7230769230769231,0.5098508684965959,0.7385754351727425,0.6127110228401191,C4_Prev4,Soft Voting
S2S4_question_student,Ensemble,C4_Prev4_Stacking,0.841025641025641,0.028140303646417654,0.7669623097932766,0.0415280113926108,0.8005164747688507,0.03462544715115698,0.7076923076923077,0.5344300091504591,0.7368834088323694,0.6004852405984634,C4_Prev4,Stacking
S2S4_question_student,Ensemble,C5_Prev5_HardVoting,0.8358974358974359,0.023809210730229256,0.7583169989369082,0.03882372794881631,0.7933499482336777,0.028928435062740315,0.7076923076923077,0.4983177757890637,0.7322114069960666,0.5974904261386784,C5_Prev5,Hard Voting
S2S4_question_student,Ensemble,C5_Prev5_SoftVoting,0.8376068376068376,0.028858022249801937,0.7667581785288239,0.029965869617267896,0.7954254982427493,0.035793449405645876,0.7230769230769231,0.5212304626349314,0.74597342629543,0.6157319977009607,C5_Prev5,Soft Voting
S2S4_question_student,Ensemble,C5_Prev5_Stacking,0.8418803418803419,0.03134550567673888,0.7666721310639273,0.04965809359253929,0.8014796274279028,0.03860997662865191,0.7692307692307693,0.6254067845428322,0.7872405978662186,0.6820738566886768,C5_Prev5,Stacking
S3_cross,Individual,LR,0.8203821656050956,0.02396800983723156,0.7372720051630104,0.028508456168282164,0.7728561171729356,0.02989141144498048,0.7372549019607844,0.6096611106021873,0.7815486691036817,0.6641637017671456,,
S3_cross,Individual,SVM-L,0.8528662420382165,0.014084932730889156,0.756455529300607,0.03471387558952731,0.8118248899946188,0.01865855883933537,0.7627450980392156,0.6230280997788402,0.7969832582123143,0.6926976475509432,,
S3_cross,Individual,SVM-RBF,0.8464968152866243,0.022689825644021493,0.7476963022741271,0.04851630217439844,0.8039292369605041,0.02938315025766023,0.7509803921568627,0.5781002353379596,0.7818877926693416,0.6785288862418106,,
S3_cross,Individual,CNB,0.8108280254777072,0.02762452030853686,0.7137724717211373,0.048157448284786346,0.756704236241091,0.03623496713153728,0.7352941176470589,0.6043912595341167,0.7572013581190052,0.6573587008992778,,
S3_cross,Individual,DT,0.813375796178344,0.025802075287298203,0.7238594070636128,0.04679439950270437,0.7629802478092278,0.03214478777964488,0.7019607843137254,0.5209991582553243,0.7248245559575623,0.6079720442396873,,
S3_cross,Individual,RF,0.8471337579617835,0.01801545939328783,0.747081713835622,0.04329504234704736,0.804253896053741,0.02363040587457488,0.7215686274509804,0.5757716691553874,0.7521653494358416,0.6352115088200034,,
S3_cross,Individual,GB,0.8484076433121018,0.020501244508829397,0.6627822835288616,0.04103269157933384,0.8018955024534762,0.02693314729906379,0.8450980392156863,0.5808813077757348,0.8234858637939544,0.7799166425407091,,
S3_cross,Individual,XGB,0.8554140127388535,0.02434587879441578,0.6810838485863,0.03856550027273723,0.8117013776549434,0.031526589430203734,0.8352941176470589,0.5899461496435762,0.8131643516580821,0.7649563270859852,,
S3_cross,Individual,LGBM,0.7993630573248407,0.024545030405092597,0.7085275742299957,0.0403763558560315,0.7466454136086667,0.030812017110990006,0.6803921568627451,0.5476631853066067,0.722130942079155,0.5893273524878473,,
S3_cross,Ensemble,C1_Optimal5_HardVoting,0.8598726114649681,0.01660943287949719,0.766185472969173,0.037428346276014025,0.8200240203950362,0.021573695697860995,0.7372549019607844,0.5844591912105617,0.7638654092570667,0.6543457149793639,C1_Optimal5,Hard Voting
S3_cross,Ensemble,C1_Optimal5_SoftVoting,0.8515923566878982,0.025802075287298203,0.7485992502866575,0.08036366229703287,0.8094227802686081,0.03370429040603235,0.7372549019607844,0.5837196598627411,0.7637110666649465,0.6535940755158833,C1_Optimal5,Soft Voting
S3_cross,Ensemble,C1_Optimal5_Stacking,0.8522292993630574,0.025604778652537293,0.7706516404888273,0.049784927357700334,0.8124588398849802,0.03237251785399346,0.7431372549019608,0.5918936307642954,0.7738821537921462,0.6649112247968703,C1_Optimal5,Stacking
S3_cross,Ensemble,C2_Alt5_HardVoting,0.8541401273885351,0.014370081748635001,0.7669841699189494,0.035995864252751544,0.8133735067672708,0.01854768235617547,0.7392156862745098,0.5935944292718534,0.768771486864995,0.6569443109805132,C2_Alt5,Hard Voting
S3_cross,Ensemble,C2_Alt5_SoftVoting,0.8547770700636942,0.023281104308913454,0.7844963614712822,0.04048989637204293,0.8144482895440837,0.029717636762183603,0.7392156862745098,0.5820373346030274,0.7682103255830746,0.6573411736178467,C2_Alt5,Soft Voting
S3_cross,Ensemble,C2_Alt5_Stacking,0.8490445859872612,0.024010288949007336,0.7657665509554483,0.0407972431420324,0.8083699587544751,0.030435296966810427,0.7470588235294118,0.5900111574617606,0.7793881763231608,0.6722348709415463,C2_Alt5,Stacking
S3_cross,Ensemble,C3_Optimal3_HardVoting,0.8445859872611464,0.02097079953268067,0.7470975725438838,0.032305803998127436,0.8020245224468143,0.02697684832039806,0.7647058823529411,0.6416211378383506,0.8045882138021448,0.6954602680148687,C3_Optimal3,Hard Voting
S3_cross,Ensemble,C3_Optimal3_SoftVoting,0.8643312101910828,0.02626954220038379,0.7015082356937039,0.05821389034144005,0.8242483120790268,0.03410015803748328,0.8509803921568627,0.5941661100501323,0.8335939520441229,0.789720386706162,C3_Optimal3,Soft Voting
S3_cross,Ensemble,C3_Optimal3_Stacking,0.8598726114649681,0.020141895924639355,0.7853797681693471,0.031069375717543694,0.8218320560021588,0.025321936340572875,0.7470588235294118,0.5959736215245922,0.7768966202873462,0.6721319645170936,C3_Optimal3,Stacking
S3_cross,Ensemble,C4_Prev4_HardVoting,0.8426751592356689,0.0193299247203739,0.7482804936726646,0.044392381838044254,0.7992774608335591,0.02494836181099354,0.7549019607843137,0.6198774280559746,0.7934966992733239,0.6831951815850676,C4_Prev4,Hard Voting
S3_cross,Ensemble,C4_Prev4_SoftVoting,0.8585987261146496,0.019693789597121404,0.7770711886171062,0.043296561610978126,0.8190987460425878,0.025492201871589598,0.7647058823529411,0.6352777063574438,0.7987777789118489,0.6945909664798615,C4_Prev4,Soft Voting
S3_cross,Ensemble,C4_Prev4_Stacking,0.8598726114649683,0.027617176291310566,0.7809197738408509,0.04447870068010188,0.8220786022268367,0.03494739983827267,0.7666666666666667,0.6305116363421338,0.8019324970943739,0.6979996019108281,C4_Prev4,Stacking
S3_cross,Ensemble,C5_Prev5_HardVoting,0.8509554140127389,0.022465212851654003,0.7540328824178522,0.0497212477244844,0.8097554163714105,0.02887807768655739,0.7588235294117647,0.634166177472616,0.7962288794815923,0.6871711756638823,C5_Prev5,Hard Voting
S3_cross,Ensemble,C5_Prev5_SoftVoting,0.8554140127388535,0.024010288949007336,0.7707439181986276,0.03810681684020412,0.8154006557921238,0.030618595428098284,0.7588235294117647,0.6359262000711251,0.7957407481035789,0.6869448048707456,C5_Prev5,Soft Voting
S3_cross,Ensemble,C5_Prev5_Stacking,0.8611464968152868,0.027880342201578704,0.7892771051990413,0.04085953573211698,0.823656303162737,0.03540684281843538,0.7725490196078432,0.64126866445478,0.8059342248740635,0.7054708930962894,C5_Prev5,Stacking
S3S4_cross_student,Individual,LR,0.8245762711864406,0.02786319020809084,0.7270541557715761,0.03482786527099729,0.7773280496435696,0.03435019545608257,0.7769230769230769,0.4753590455858069,0.8372425725948316,0.6960167714884696,,
S3S4_cross_student,Individual,SVM-L,0.8440677966101695,0.03060249166994541,0.7319137864888299,0.04529339595672568,0.8000421273769899,0.03826431069985657,0.8,0.4832739699653446,0.8439521563342317,0.720268145328147,,
S3S4_cross_student,Individual,SVM-RBF,0.8533898305084746,0.021788068020648196,0.7557339599619401,0.05432327549995538,0.8120553678655963,0.026957214304202465,0.7230769230769231,0.40693580304258836,0.7735138465633887,0.6242171189979123,,
S3S4_cross_student,Individual,CNB,0.8076271186440678,0.029612551202807022,0.7015613802637052,0.04431044185132171,0.7511585849112817,0.037898590089535854,0.6923076923076923,0.39861520880469,0.7212560510805804,0.5604395604395604,,
S3S4_cross_student,Individual,DT,0.8152542372881356,0.033643107188608815,0.7047257065140431,0.05584060894040636,0.763962236649031,0.04170906897256485,0.8,0.4947727512510742,0.8473024945569274,0.7239238748672712,,
S3S4_cross_student,Individual,RF,0.8398305084745763,0.031810719286649906,0.7166334735827622,0.062414387614927035,0.79367970409976,0.04066804833287224,0.8076923076923077,0.5127149555215593,0.8507633631454385,0.7323781291172595,,
S3S4_cross_student,Individual,GB,0.8525423728813559,0.026583707019251054,0.6538965384837433,0.04378846908805769,0.8057059140782095,0.03508391861363691,0.9461538461538461,0.5724367412607869,0.9352583791811524,0.9195828914810887,,
S3S4_cross_student,Individual,XGB,0.8584745762711865,0.02211523449271168,0.6782454759480987,0.04911223484525772,0.814328833228992,0.02899999672684009,0.9384615384615385,0.6208632824198862,0.9301014237334991,0.9078667611622963,,
S3S4_cross_student,Individual,LGBM,0.7754237288135594,0.03309427828774006,0.6604393216183866,0.047273839752749014,0.7158424104412147,0.040493742970668524,0.7230769230769231,0.5520957754170851,0.7634153646944989,0.6288954087701213,,
S3S4_cross_student,Ensemble,C1_Optimal5_HardVoting,0.8516949152542374,0.03061422350540415,0.7469357800687437,0.04727121539118371,0.8085862299071523,0.03867116056418118,0.8307692307692308,0.5243063263041065,0.8741808247246649,0.76235978396344,C1_Optimal5,Hard Voting
S3S4_cross_student,Ensemble,C1_Optimal5_SoftVoting,0.866949152542373,0.03149305792552889,0.6855759576547416,0.052375693880647764,0.8260794360090962,0.040406747683037904,0.9461538461538461,0.6457815830734809,0.9427307062157229,0.9198520345252774,C1_Optimal5,Soft Voting
S3S4_cross_student,Ensemble,C1_Optimal5_Stacking,0.8533898305084746,0.028626009752634816,0.7513268682133781,0.042687374867691204,0.8128667794208072,0.034881095541075983,0.8076923076923077,0.5950617436596318,0.8632376885899475,0.7352989086170385,C1_Optimal5,Stacking
S3S4_cross_student,Ensemble,C2_Alt5_HardVoting,0.8491525423728813,0.03321342024112783,0.742766561688955,0.048195877070145034,0.8061832511309962,0.04137620075522914,0.8076923076923077,0.5314707305273343,0.8577380819470805,0.7326423165514971,C2_Alt5,Hard Voting
S3S4_cross_student,Ensemble,C2_Alt5_SoftVoting,0.852542372881356,0.036978685134358355,0.71232342082664,0.048551143910964004,0.809631024284946,0.04546840153962416,0.8153846153846154,0.6033466986719591,0.8624308480405354,0.7415935067086301,C2_Alt5,Soft Voting
S3S4_cross_student,Ensemble,C2_Alt5_Stacking,0.8525423728813559,0.026852507657211644,0.7512616782443623,0.03956412826009993,0.8117385040952521,0.0328630233438203,0.8076923076923077,0.5950617436596318,0.8632376885899475,0.7352989086170385,C2_Alt5,Stacking
S3S4_cross_student,Ensemble,C3_Optimal3_HardVoting,0.8449152542372881,0.036163708971782824,0.7437908056178396,0.05642112685769379,0.8017438673026561,0.044974696149144885,0.7846153846153846,0.48252792406616074,0.8451632675647068,0.7056207035988677,C3_Optimal3,Hard Voting
S3S4_cross_student,Ensemble,C3_Optimal3_SoftVoting,0.8694915254237289,0.022163892933257674,0.6919705137071024,0.044712821718767726,0.8293637353516952,0.02866183527186978,0.9153846153846154,0.5155711480958561,0.9152543880531303,0.8745944049811453,C3_Optimal3,Soft Voting
S3S4_cross_student,Ensemble,C3_Optimal3_Stacking,0.8559322033898307,0.03808848314278683,0.7735277139348958,0.05354730126923395,0.8163178717029075,0.047014565876032255,0.8307692307692308,0.5168894886087873,0.8783307215934284,0.7640069312649558,C3_Optimal3,Stacking
S3S4_cross_student,Ensemble,C4_Prev4_HardVoting,0.8432203389830508,0.028170796845075705,0.7369762335866697,0.04803538900487365,0.799137234064761,0.035478371771455526,0.7923076923076923,0.5078987281254894,0.8511741965264554,0.7143089695588475,C4_Prev4,Hard Voting
S3S4_cross_student,Ensemble,C4_Prev4_SoftVoting,0.8601694915254237,0.027131882362003607,0.7550907127478884,0.04983162531875823,0.8205121047305557,0.03406489709588691,0.8076923076923077,0.5126107046592222,0.8533767595088348,0.7318481848184819,C4_Prev4,Soft Voting
S3S4_cross_student,Ensemble,C4_Prev4_Stacking,0.85,0.035562941115859795,0.7519897928836754,0.05052631431001617,0.8089989288351551,0.04386425123686052,0.8384615384615385,0.5708857411125025,0.890614755967015,0.7754934210526315,C4_Prev4,Stacking
S3S4_cross_student,Ensemble,C5_Prev5_HardVoting,0.8567796610169491,0.025267883925212835,0.7559893039223823,0.04414463165466431,0.8165016695561954,0.03160396997500727,0.7846153846153846,0.48252792406616074,0.8451632675647068,0.7056207035988677,C5_Prev5,Hard Voting
S3S4_cross_student,Ensemble,C5_Prev5_SoftVoting,0.8542372881355933,0.032336922081930355,0.7441149068110076,0.0643961971925811,0.8128487272618721,0.040826316176535954,0.8076923076923077,0.5086534551879235,0.8479473386426455,0.7317375154766819,C5_Prev5,Soft Voting
S3S4_cross_student,Ensemble,C5_Prev5_Stacking,0.8432203389830508,0.04308719938605478,0.7392455092400401,0.04769248748541958,0.8004814736106978,0.05313832047324044,0.8384615384615385,0.5614782331975318,0.8853703486330555,0.7746967071057193,C5_Prev5,Stacking
