Strategy,Model,Python_Kappa,R_Kappa,Diff,Match
S1_form,LR,0.553597762280343,0.553597762280343,2.22044604925031e-16,OK
S1_form,SVM-L,0.560212132971155,0.560212132971155,0,OK
S1_form,SVM-RBF,0.482872338764031,0.482872338764031,0,OK
S1_form,CNB,0.502371933953591,0.502371933953591,0,OK
S1_form,DT,0.515773447380882,0.515773447380882,1.11022302462516e-16,OK
S1_form,RF,0.569251544610381,0.569251544610381,1.11022302462516e-16,OK
S1_form,GB,0.562477558780933,0.562477558780933,0,OK
S1_form,XGB,0.585809511415723,0.585809511415723,1.11022302462516e-16,OK
S1_form,LGBM,0.47216056566491,0.47216056566491,5.55111512312578e-17,OK
S1_form,C1_Optimal5_HardVoting,0.571527613948763,0.571527613948763,0,OK
S1_form,C1_Optimal5_SoftVoting,0.567208527456043,0.567208527456043,1.11022302462516e-16,OK
S1_form,C1_Optimal5_Stacking,0.578889591561564,0.578889591561564,0,OK
S1_form,C2_Alt5_HardVoting,0.580344371689486,0.580344371689486,0,OK
S1_form,C2_Alt5_SoftVoting,0.568310031886191,0.568310031886191,0,OK
S1_form,C2_Alt5_Stacking,0.581560419012002,0.581560419012002,0,OK
S1_form,C3_Optimal3_HardVoting,0.5575691566311,0.5575691566311,1.11022302462516e-16,OK
S1_form,C3_Optimal3_SoftVoting,0.586976241953175,0.586976241953175,0,OK
S1_form,C3_Optimal3_Stacking,0.619595820559344,0.619595820559344,1.11022302462516e-16,OK
S1_form,C4_Prev4_HardVoting,0.569626959687289,0.569626959687289,1.11022302462516e-16,OK
S1_form,C4_Prev4_SoftVoting,0.583390061266168,0.583390061266167,2.22044604925031e-16,OK
S1_form,C4_Prev4_Stacking,0.581977202666858,0.581977202666858,0,OK
S1_form,C5_Prev5_HardVoting,0.556212911368433,0.556212911368434,1.11022302462516e-16,OK
S1_form,C5_Prev5_SoftVoting,0.571372323786199,0.571372323786199,1.11022302462516e-16,OK
S1_form,C5_Prev5_Stacking,0.644226538437362,0.644226538437363,1.11022302462516e-16,OK
S1S4_form_student,LR,0.447880870561283,0.447880870561283,5.55111512312578e-17,OK
S1S4_form_student,SVM-L,0.492101052058153,0.492101052058153,1.11022302462516e-16,OK
S1S4_form_student,SVM-RBF,0.371416454989593,0.371416454989593,5.55111512312578e-17,OK
S1S4_form_student,CNB,0.340527475894232,0.340527475894232,5.55111512312578e-17,OK
S1S4_form_student,DT,0.458825199704358,0.458825199704358,0,OK
S1S4_form_student,RF,0.50748529031218,0.50748529031218,0,OK
S1S4_form_student,GB,0.46104593627621,0.46104593627621,5.55111512312578e-17,OK
S1S4_form_student,XGB,0.513330656666183,0.513330656666183,0,OK
S1S4_form_student,LGBM,0.375267710956234,0.375267710956234,1.11022302462516e-16,OK
S1S4_form_student,C1_Optimal5_HardVoting,0.488173316972031,0.488173316972031,0,OK
S1S4_form_student,C1_Optimal5_SoftVoting,0.490067865042159,0.490067865042159,5.55111512312578e-17,OK
S1S4_form_student,C1_Optimal5_Stacking,0.52525851730775,0.52525851730775,1.11022302462516e-16,OK
S1S4_form_student,C2_Alt5_HardVoting,0.482245209142017,0.482245209142017,1.66533453693773e-16,OK
S1S4_form_student,C2_Alt5_SoftVoting,0.490067865042159,0.490067865042159,5.55111512312578e-17,OK
S1S4_form_student,C2_Alt5_Stacking,0.533319642673786,0.533319642673786,1.11022302462516e-16,OK
S1S4_form_student,C3_Optimal3_HardVoting,0.460118956840018,0.460118956840018,5.55111512312578e-17,OK
S1S4_form_student,C3_Optimal3_SoftVoting,0.502728195948156,0.502728195948156,1.11022302462516e-16,OK
S1S4_form_student,C3_Optimal3_Stacking,0.542453992503923,0.542453992503923,0,OK
S1S4_form_student,C4_Prev4_HardVoting,0.493968513596402,0.493968513596402,5.55111512312578e-17,OK
S1S4_form_student,C4_Prev4_SoftVoting,0.53779132900962,0.53779132900962,0,OK
S1S4_form_student,C4_Prev4_Stacking,0.540732779594894,0.540732779594894,0,OK
S1S4_form_student,C5_Prev5_HardVoting,0.519648610573178,0.519648610573178,1.11022302462516e-16,OK
S1S4_form_student,C5_Prev5_SoftVoting,0.523278505715082,0.523278505715082,0,OK
S1S4_form_student,C5_Prev5_Stacking,0.561836658538067,0.561836658538067,1.11022302462516e-16,OK
S2_question,LR,0.701897150630359,0.701897150630359,0,OK
S2_question,SVM-L,0.721042399783449,0.721042399783449,0,OK
S2_question,SVM-RBF,0.710367268765299,0.710367268765299,1.11022302462516e-16,OK
S2_question,CNB,0.662361093212526,0.662361093212526,0,OK
S2_question,DT,0.66813942071674,0.66813942071674,0,OK
S2_question,RF,0.696065942300487,0.696065942300487,1.11022302462516e-16,OK
S2_question,GB,0.725943876364726,0.725943876364726,0,OK
S2_question,XGB,0.694234399661636,0.694234399661636,0,OK
S2_question,LGBM,0.654233343600725,0.654233343600726,1.11022302462516e-16,OK
S2_question,C1_Optimal5_HardVoting,0.698991481738384,0.698991481738384,0,OK
S2_question,C1_Optimal5_SoftVoting,0.739284362177815,0.739284362177815,1.11022302462516e-16,OK
S2_question,C1_Optimal5_Stacking,0.708523045757162,0.708523045757162,0,OK
S2_question,C2_Alt5_HardVoting,0.70056491565978,0.70056491565978,1.11022302462516e-16,OK
S2_question,C2_Alt5_SoftVoting,0.739896489419259,0.739896489419259,0,OK
S2_question,C2_Alt5_Stacking,0.711233205232792,0.711233205232792,0,OK
S2_question,C3_Optimal3_HardVoting,0.702517162471396,0.702517162471396,1.11022302462516e-16,OK
S2_question,C3_Optimal3_SoftVoting,0.726865686864463,0.726865686864463,1.11022302462516e-16,OK
S2_question,C3_Optimal3_Stacking,0.708462839831609,0.708462839831609,1.11022302462516e-16,OK
S2_question,C4_Prev4_HardVoting,0.710621700417619,0.710621700417619,0,OK
S2_question,C4_Prev4_SoftVoting,0.727277225273366,0.727277225273366,1.11022302462516e-16,OK
S2_question,C4_Prev4_Stacking,0.739440563562944,0.739440563562944,0,OK
S2_question,C5_Prev5_HardVoting,0.708000433467643,0.708000433467643,1.11022302462516e-16,OK
S2_question,C5_Prev5_SoftVoting,0.701982174265331,0.701982174265331,1.11022302462516e-16,OK
S2_question,C5_Prev5_Stacking,0.716543321432605,0.716543321432605,1.11022302462516e-16,OK
S2S4_question_student,LR,0.544984488107549,0.544984488107549,0,OK
S2S4_question_student,SVM-L,0.590501574993942,0.590501574993942,1.11022302462516e-16,OK
S2S4_question_student,SVM-RBF,0.566494640730449,0.566494640730449,1.11022302462516e-16,OK
S2S4_question_student,CNB,0.565960912052117,0.565960912052117,1.11022302462516e-16,OK
S2S4_question_student,DT,0.576478253787262,0.576478253787262,1.11022302462516e-16,OK
S2S4_question_student,RF,0.602971522905489,0.602971522905489,1.11022302462516e-16,OK
S2S4_question_student,GB,0.708067023665573,0.708067023665573,1.11022302462516e-16,OK
S2S4_question_student,XGB,0.692385701005662,0.692385701005662,1.11022302462516e-16,OK
S2S4_question_student,LGBM,0.617396991497711,0.617396991497711,0,OK
S2S4_question_student,C1_Optimal5_HardVoting,0.633164577973276,0.633164577973276,1.11022302462516e-16,OK
S2S4_question_student,C1_Optimal5_SoftVoting,0.709222298692361,0.709222298692361,1.11022302462516e-16,OK
S2S4_question_student,C1_Optimal5_Stacking,0.632144878324844,0.632144878324844,1.11022302462516e-16,OK
S2S4_question_student,C2_Alt5_HardVoting,0.633164577973276,0.633164577973276,1.11022302462516e-16,OK
S2S4_question_student,C2_Alt5_SoftVoting,0.688409518917994,0.688409518917993,1.11022302462516e-16,OK
S2S4_question_student,C2_Alt5_Stacking,0.62175705164471,0.62175705164471,1.11022302462516e-16,OK
S2S4_question_student,C3_Optimal3_HardVoting,0.554297560197736,0.554297560197736,2.22044604925031e-16,OK
S2S4_question_student,C3_Optimal3_SoftVoting,0.669042769857434,0.669042769857434,2.22044604925031e-16,OK
S2S4_question_student,C3_Optimal3_Stacking,0.659769362885418,0.659769362885418,0,OK
S2S4_question_student,C4_Prev4_HardVoting,0.576409253828609,0.576409253828609,1.11022302462516e-16,OK
S2S4_question_student,C4_Prev4_SoftVoting,0.612711022840119,0.612711022840119,0,OK
S2S4_question_student,C4_Prev4_Stacking,0.600485240598463,0.600485240598464,1.11022302462516e-16,OK
S2S4_question_student,C5_Prev5_HardVoting,0.597490426138678,0.597490426138678,0,OK
S2S4_question_student,C5_Prev5_SoftVoting,0.615731997700961,0.615731997700961,0,OK
S2S4_question_student,C5_Prev5_Stacking,0.682073856688677,0.682073856688677,2.22044604925031e-16,OK
S3_cross,LR,0.664163701767146,0.664163701767146,1.11022302462516e-16,OK
S3_cross,SVM-L,0.692697647550943,0.692697647550943,1.11022302462516e-16,OK
S3_cross,SVM-RBF,0.678528886241811,0.678528886241811,0,OK
S3_cross,CNB,0.657358700899278,0.657358700899278,1.11022302462516e-16,OK
S3_cross,DT,0.607972044239687,0.607972044239687,1.11022302462516e-16,OK
S3_cross,RF,0.635211508820003,0.635211508820003,0,OK
S3_cross,GB,0.779916642540709,0.779916642540709,1.11022302462516e-16,OK
S3_cross,XGB,0.764956327085985,0.764956327085985,0,OK
S3_cross,LGBM,0.589327352487847,0.589327352487847,0,OK
S3_cross,C1_Optimal5_HardVoting,0.654345714979364,0.654345714979364,1.11022302462516e-16,OK
S3_cross,C1_Optimal5_SoftVoting,0.653594075515883,0.653594075515883,0,OK
S3_cross,C1_Optimal5_Stacking,0.66491122479687,0.66491122479687,1.11022302462516e-16,OK
S3_cross,C2_Alt5_HardVoting,0.656944310980513,0.656944310980513,0,OK
S3_cross,C2_Alt5_SoftVoting,0.657341173617847,0.657341173617847,1.11022302462516e-16,OK
S3_cross,C2_Alt5_Stacking,0.672234870941546,0.672234870941546,0,OK
S3_cross,C3_Optimal3_HardVoting,0.695460268014869,0.695460268014869,1.11022302462516e-16,OK
S3_cross,C3_Optimal3_SoftVoting,0.789720386706162,0.789720386706162,1.11022302462516e-16,OK
S3_cross,C3_Optimal3_Stacking,0.672131964517094,0.672131964517094,0,OK
S3_cross,C4_Prev4_HardVoting,0.683195181585068,0.683195181585068,0,OK
S3_cross,C4_Prev4_SoftVoting,0.694590966479862,0.694590966479861,1.11022302462516e-16,OK
S3_cross,C4_Prev4_Stacking,0.697999601910828,0.697999601910828,0,OK
S3_cross,C5_Prev5_HardVoting,0.687171175663882,0.687171175663882,1.11022302462516e-16,OK
S3_cross,C5_Prev5_SoftVoting,0.686944804870746,0.686944804870745,1.11022302462516e-16,OK
S3_cross,C5_Prev5_Stacking,0.705470893096289,0.70547089309629,1.11022302462516e-16,OK
S3S4_cross_student,LR,0.69601677148847,0.69601677148847,0,OK
S3S4_cross_student,SVM-L,0.720268145328147,0.720268145328147,1.11022302462516e-16,OK
S3S4_cross_student,SVM-RBF,0.624217118997912,0.624217118997912,0,OK
S3S4_cross_student,CNB,0.56043956043956,0.56043956043956,1.11022302462516e-16,OK
S3S4_cross_student,DT,0.723923874867271,0.723923874867271,0,OK
S3S4_cross_student,RF,0.73237812911726,0.73237812911726,1.11022302462516e-16,OK
S3S4_cross_student,GB,0.919582891481089,0.919582891481089,1.11022302462516e-16,OK
S3S4_cross_student,XGB,0.907866761162296,0.907866761162296,1.11022302462516e-16,OK
S3S4_cross_student,LGBM,0.628895408770121,0.628895408770121,0,OK
S3S4_cross_student,C1_Optimal5_HardVoting,0.76235978396344,0.76235978396344,2.22044604925031e-16,OK
S3S4_cross_student,C1_Optimal5_SoftVoting,0.919852034525277,0.919852034525277,0,OK
S3S4_cross_student,C1_Optimal5_Stacking,0.735298908617039,0.735298908617039,1.11022302462516e-16,OK
S3S4_cross_student,C2_Alt5_HardVoting,0.732642316551497,0.732642316551497,1.11022302462516e-16,OK
S3S4_cross_student,C2_Alt5_SoftVoting,0.74159350670863,0.74159350670863,0,OK
S3S4_cross_student,C2_Alt5_Stacking,0.735298908617039,0.735298908617039,1.11022302462516e-16,OK
S3S4_cross_student,C3_Optimal3_HardVoting,0.705620703598868,0.705620703598868,1.11022302462516e-16,OK
S3S4_cross_student,C3_Optimal3_SoftVoting,0.874594404981145,0.874594404981145,0,OK
S3S4_cross_student,C3_Optimal3_Stacking,0.764006931264956,0.764006931264956,3.33066907387547e-16,OK
S3S4_cross_student,C4_Prev4_HardVoting,0.714308969558847,0.714308969558847,1.11022302462516e-16,OK
S3S4_cross_student,C4_Prev4_SoftVoting,0.731848184818482,0.731848184818482,0,OK
S3S4_cross_student,C4_Prev4_Stacking,0.775493421052632,0.775493421052631,1.11022302462516e-16,OK
S3S4_cross_student,C5_Prev5_HardVoting,0.705620703598868,0.705620703598868,1.11022302462516e-16,OK
S3S4_cross_student,C5_Prev5_SoftVoting,0.731737515476682,0.731737515476682,1.11022302462516e-16,OK
S3S4_cross_student,C5_Prev5_Stacking,0.774696707105719,0.774696707105719,0,OK
