Split,Ratio,Train_Pct,Seed,Train_Students,Test_Students,Train_N,Test_N,Model,CV_Accuracy,CV_Accuracy_Std,CV_F1,CV_F1_Std,CV_Weighted_F1,CV_Weighted_F1_Std,CV_Kappa,CV_Kappa_Std,Test_Accuracy,Test_F1,Test_Weighted_F1,Test_Kappa,Time_Seconds
40:60_seed123,40:60,40,123,22,33,800,1280,KLUE-BERT,0.91,0.0266926956300782,0.8608277170623774,0.053390592909466,0.910149582722424,0.0249268231650455,0.8811348133280017,0.0350006212914923,0.78359375,0.7083995959913624,0.7911685702149931,0.724492904076038,181.8
40:60_seed42,40:60,40,42,22,33,860,1220,KLUE-BERT,0.9116279069767442,0.0202739485746077,0.8931539120193589,0.0228032770237984,0.9117907059025128,0.0208186211077607,0.8890542252858953,0.0250609597010053,0.8532786885245902,0.7227220942039295,0.8535372791672448,0.8038505930380344,188.2
40:60_seed456,40:60,40,456,22,33,860,1220,KLUE-BERT,0.908139534883721,0.0358207483738357,0.8711141818777266,0.0548047689262622,0.9101011878765902,0.0334609187088393,0.8798810191439538,0.0461903250395787,0.819672131147541,0.6666119572118873,0.8204454804432503,0.7672593575352384,188.2
50:50_seed123,50:50,50,123,27,28,1000,1080,KLUE-BERT,0.9149999999999998,0.0280178514522437,0.8313276306360871,0.0750831823384485,0.9146955115260924,0.0270075246597957,0.8849317136442746,0.0379932319795082,0.8157407407407408,0.7360226042964221,0.817939459269168,0.7675844550205845,217.7
50:50_seed42,50:50,50,42,27,28,1040,1040,KLUE-BERT,0.9269230769230768,0.0215864849236958,0.9009413155614392,0.0298859966389994,0.9284789969232342,0.0199775829739832,0.9079165656297974,0.0269740062714744,0.8836538461538461,0.6933624514852904,0.8829996089971017,0.8429779290655539,215.1
50:50_seed456,50:50,50,456,27,28,1040,1040,KLUE-BERT,0.9259615384615384,0.0182692307692307,0.8901632955853751,0.0463090475938541,0.9263293531712928,0.0178655842152255,0.9036744905791272,0.0238896349804294,0.8442307692307692,0.7923979701293229,0.8522539157192365,0.7993074391329053,213.6
60:40_seed123,60:40,60,123,33,22,1220,860,KLUE-BERT,0.9303278688524592,0.0249293546323697,0.8845831410147647,0.058106840710679,0.9298792094006776,0.0263366541082338,0.905951126376786,0.0341193618914652,0.8755813953488372,0.8082729658971308,0.8751721427242733,0.8441519729967296,241.3
60:40_seed42,60:40,60,42,33,22,1280,800,KLUE-BERT,0.9359375,0.01875,0.9013734724288758,0.0432295580462355,0.9370665672088844,0.0178300496171465,0.9173121230759064,0.023942656659609,0.86875,0.6936019166503581,0.8687154031317377,0.8239890370314494,253.9
60:40_seed456,60:40,60,456,33,22,1260,820,KLUE-BERT,0.9293650793650794,0.0130168408467116,0.9066521877032424,0.0297046687808348,0.9298785526789282,0.0135887262162122,0.9085996503148428,0.0168219980950923,0.8817073170731707,0.8515623165487416,0.8824589585563308,0.8452384658489509,247.1
70:30_seed123,70:30,70,123,38,17,1420,660,KLUE-BERT,0.9408450704225352,0.0100583498993561,0.9115513925126038,0.0237866316031981,0.9407580831883172,0.0096762408541255,0.920203840923104,0.0132952772470608,0.8848484848484849,0.7951574655663955,0.8845755177400192,0.8544935557702181,266.1
70:30_seed42,70:30,70,42,38,17,1440,640,KLUE-BERT,0.9395833333333334,0.012441995046645,0.9046719252048646,0.0324029398183815,0.9397565744315935,0.0125159503685368,0.9216457845280333,0.0160794772519764,0.8984375,0.691914061282774,0.8959713188638464,0.8648060161322821,274.7
70:30_seed456,70:30,70,456,38,17,1460,620,KLUE-BERT,0.9363013698630136,0.0186447364230358,0.9225033869692344,0.0276206830043514,0.9357475442893448,0.0193793359202571,0.918263356524852,0.0240414586743955,0.9080645161290324,0.8779813764660312,0.9097954806865026,0.8762436046939183,279.0
80:20_seed123,80:20,80,123,44,11,1660,420,KLUE-BERT,0.9403614457831324,0.0200612359100562,0.9086181609526112,0.0377066313254422,0.9408103889647668,0.0196409100164059,0.9205746611511364,0.0266045801267641,0.9166666666666666,0.8513201269015224,0.9188048063048064,0.8927242209735095,300.6
80:20_seed42,80:20,80,42,44,11,1680,400,KLUE-BERT,0.9452380952380952,0.0145316138282544,0.919863636297398,0.0296455952596984,0.9458066916237656,0.0134831425913742,0.9287287330992762,0.0187473081765717,0.8725,0.7652644008031881,0.8724568385861972,0.8331984202909216,302.6
80:20_seed456,80:20,80,456,44,11,1680,400,KLUE-BERT,0.9446428571428572,0.0096163657270258,0.9241559220668576,0.0239932581025935,0.9448562080940732,0.0091900910535148,0.9284667504456828,0.012394313063247,0.91,0.8758176263309757,0.911263620558994,0.8794979079497908,303.5
