Combo,Train_Qs,Test_Qs,N_Train_Qs,Train_N,Test_N,Model,CV_Accuracy,CV_Accuracy_Std,CV_F1,CV_F1_Std,CV_Weighted_F1,CV_Weighted_F1_Std,CV_Kappa,CV_Kappa_Std,Test_Accuracy,Test_F1,Test_Weighted_F1,Test_Kappa,Time_Seconds,Pod
Q6,Q6,"Q1,Q2,Q3,Q4,Q5,Q7,Q8",1,255,1825,KLUE-BERT,0.8033846153846154,0.0844215962722795,0.7486934727439843,0.1033341616512338,0.7969778691066511,0.0900652951802999,0.735380194326962,0.1180732689658491,0.7621917808219179,0.5905766019270183,0.7462548359401918,0.68538594788779,113.8,1
Q1_Q3,"Q1,Q3","Q2,Q4,Q5,Q6,Q7,Q8",2,530,1550,KLUE-BERT,0.8905660377358491,0.0490566037735848,0.8798182790923115,0.0579934852660054,0.8905955202509691,0.0480098433026637,0.8606158863894577,0.0619684993474457,0.8232258064516129,0.7458456295457763,0.82560998109593,0.7675030971302754,153.7,1
Q1_Q6,"Q1,Q6","Q2,Q3,Q4,Q5,Q7,Q8",2,520,1560,KLUE-BERT,0.9019230769230768,0.0264379367016683,0.8584613531077963,0.0672319931568452,0.9017347973890316,0.0266194502481991,0.87558839409257,0.0336535527251967,0.8314102564102565,0.775402448213951,0.8325434597441432,0.778851740973876,155.1,1
Q2_Q3,"Q2,Q3","Q1,Q4,Q5,Q6,Q7,Q8",2,530,1550,KLUE-BERT,0.8773584905660379,0.039801930395715,0.8560061437433417,0.0744761079422253,0.873105517924096,0.045127062512479,0.8436635562681672,0.0508874971594243,0.84,0.7834486867131096,0.8431420538205563,0.7903189998587217,150.3,1
Q2_Q6,"Q2,Q6","Q1,Q3,Q4,Q5,Q7,Q8",2,520,1560,KLUE-BERT,0.8884615384615385,0.0330858664117024,0.8432567798647023,0.0595032904731883,0.8882850432395518,0.0324878012828116,0.8570039122391473,0.0422773927862821,0.8358974358974359,0.7802152028237374,0.8365480089645443,0.7854394767508392,154.9,1
Q3_Q6,"Q3,Q6","Q1,Q2,Q4,Q5,Q7,Q8",2,520,1560,KLUE-BERT,0.9153846153846154,0.0346153846153846,0.8667309203173961,0.053679142856181,0.9130877090400707,0.032707295190567,0.8919403794034004,0.0437773090907142,0.8185897435897436,0.6589309673667524,0.8039411573332318,0.7608876857808116,181.6,1
Q4_Q6,"Q4,Q6","Q1,Q2,Q3,Q5,Q7,Q8",2,520,1560,KLUE-BERT,0.876923076923077,0.0590857365220662,0.8050255041697879,0.1150815903893101,0.8731303953154133,0.0630382806139901,0.8361312138844678,0.0786341323039574,0.8282051282051283,0.6855463415975958,0.8161194843812706,0.7757964406719672,159.6,1
Q5_Q7,"Q5,Q7","Q1,Q2,Q3,Q4,Q6,Q8",2,510,1570,KLUE-BERT,0.8960784313725491,0.0392646752833348,0.7990165921153316,0.1002569349623465,0.8952123408351783,0.0365659253146321,0.8579657628535784,0.0524280567970377,0.7980891719745223,0.6302769437953144,0.791543907041072,0.7375495696928789,162.6,1
Q7_Q8,"Q7,Q8","Q1,Q2,Q3,Q4,Q5,Q6",2,510,1570,KLUE-BERT,0.8960784313725491,0.0420998246148703,0.820734043331069,0.0838001256004143,0.8969833576127968,0.0391558984356602,0.8596879959771215,0.0568819514515348,0.759235668789809,0.60046407681193,0.7618615218861325,0.6910333768917998,163.4,1
Q1_Q2_Q6,"Q1,Q2,Q6","Q3,Q4,Q5,Q7,Q8",3,785,1295,KLUE-BERT,0.9160337552742616,0.0339811866988453,0.9081490383513507,0.0376198773859293,0.9174264967612504,0.0319025601658547,0.8935654153012527,0.0428787420374595,0.8617760617760618,0.7725416820299992,0.8641648923837626,0.8165340564173309,206.3,1
Q1_Q3_Q6,"Q1,Q3,Q6","Q2,Q4,Q5,Q7,Q8",3,785,1295,KLUE-BERT,0.91713729308666,0.0345212751997887,0.8973956978918555,0.0685749882678126,0.915975660300322,0.0360205582839622,0.8948542445605291,0.0438896274533019,0.8664092664092664,0.8022895977883234,0.8678057895983349,0.8230716439999463,216.4,1
Q1_Q4_Q6,"Q1,Q4,Q6","Q2,Q3,Q5,Q7,Q8",3,785,1295,KLUE-BERT,0.8827004219409285,0.0407298942815636,0.8452269702001278,0.0630545152148687,0.884159402455864,0.0384586721714867,0.8482241989068054,0.0526608476896509,0.877992277992278,0.8304113613806859,0.8768126995327913,0.8399184453288748,202.0,1
Q1_Q5_Q7,"Q1,Q5,Q7","Q2,Q3,Q4,Q6,Q8",3,775,1305,KLUE-BERT,0.9173826173826172,0.0365355242421363,0.8761944424705004,0.0714350852933154,0.9185743916459193,0.0351586455602043,0.8929205206194055,0.0468756930240428,0.8681992337164751,0.8148102987272028,0.873875594788205,0.8296968975032681,188.1,1
Q1_Q7_Q8,"Q1,Q7,Q8","Q2,Q3,Q4,Q5,Q6",3,775,1305,KLUE-BERT,0.9108891108891108,0.0270564358713543,0.8862318995558564,0.0466383578060993,0.910199277643892,0.0261725847154613,0.8840806656810672,0.0355934793230968,0.832183908045977,0.7637277981204758,0.8402060739794049,0.7845446938113941,195.7,1
Q2_Q3_Q6,"Q2,Q3,Q6","Q1,Q4,Q5,Q7,Q8",3,785,1295,KLUE-BERT,0.9057448880233692,0.0301198285643705,0.8628091080090048,0.0735851078365142,0.9046842212983344,0.0305109688194514,0.8801135079195884,0.0382731311505644,0.8725868725868726,0.8132148471767947,0.8723674952193895,0.8313332233489916,191.0,1
Q2_Q4_Q6,"Q2,Q4,Q6","Q1,Q3,Q5,Q7,Q8",3,785,1295,KLUE-BERT,0.9006004543979229,0.0274567997185511,0.8584980663749521,0.0567015987368599,0.9013650800560292,0.0270315115789965,0.8699516040926577,0.0358382333714251,0.8725868725868726,0.8424437053452022,0.8728615593753346,0.8340817481769763,184.2,1
Q2_Q6_Q7,"Q2,Q6,Q7","Q1,Q3,Q4,Q5,Q8",3,775,1305,KLUE-BERT,0.9147019647019649,0.036968140365833,0.87286834790375,0.084802693456416,0.914624442438154,0.035921227997729,0.8890844424071129,0.0480950400378024,0.8467432950191571,0.8034862090240552,0.8518807034161864,0.8010029148117115,207.8,1
Q3_Q4_Q6,"Q3,Q4,Q6","Q1,Q2,Q5,Q7,Q8",3,785,1295,KLUE-BERT,0.8979876663420967,0.0348933221016875,0.7909527475285663,0.0733156501092659,0.8934553935061867,0.0336995395031596,0.8667965604998068,0.0452605725542719,0.8656370656370657,0.7418987753715358,0.8574354703389813,0.8240522104158468,179.8,1
Q3_Q5_Q7,"Q3,Q5,Q7","Q1,Q2,Q4,Q6,Q8",3,775,1305,KLUE-BERT,0.9187812187812188,0.030899201204567,0.823788812204571,0.0951352849223918,0.916036372524369,0.0316869426842641,0.8939901739390681,0.0397810090505762,0.8605363984674329,0.7723034647862222,0.8575978835302485,0.8187360289521705,174.7,1
Q3_Q7_Q8,"Q3,Q7,Q8","Q1,Q2,Q4,Q5,Q6",3,775,1305,KLUE-BERT,0.9070096570096572,0.0484925696583381,0.8352371492910452,0.10750538391746,0.9054814937094288,0.0490221035964794,0.879023624146433,0.0626828689812761,0.8383141762452108,0.6953227288624403,0.8340909197042335,0.7911588256262846,169.3,1
Q4_Q6_Q7,"Q4,Q6,Q7","Q1,Q2,Q3,Q5,Q8",3,775,1305,KLUE-BERT,0.8967698967698968,0.0341787979474014,0.8178967205367282,0.0724686820630203,0.8957206828212643,0.034929863156304,0.8625138947025294,0.0459244672439406,0.8444444444444444,0.7398652097732067,0.8396173424407629,0.7995344680548377,182.9,1
Q5_Q6_Q8,"Q5,Q6,Q8","Q1,Q2,Q3,Q4,Q7",3,765,1315,KLUE-BERT,0.9203691045796308,0.0304602171419652,0.8191078658900814,0.090010708237076,0.9205445616244508,0.0301498783461622,0.8920844704570972,0.0411393444351941,0.8296577946768061,0.6707770468934966,0.818867012841862,0.7773472607197361,191.0,1
Q1_Q2_Q3_Q4,"Q1,Q2,Q3,Q4","Q5,Q6,Q7,Q8",4,1060,1020,KLUE-BERT,0.9150943396226416,0.0231083937998413,0.8989476261920812,0.036168447921065,0.9145009597332936,0.0231140098476397,0.8903870551214348,0.0296917296982048,0.9,0.7628680677983466,0.8995396713636553,0.8637054969758183,225.7,1
Q1_Q2_Q4_Q7,"Q1,Q2,Q4,Q7","Q3,Q5,Q6,Q8",4,1050,1030,KLUE-BERT,0.9038095238095238,0.0374831783888655,0.8811854373101292,0.0495493162765193,0.9034531082279053,0.0391120979232798,0.875603786646364,0.0489002739854679,0.8689320388349514,0.7642477681073984,0.8723602515321757,0.8282364247482839,204.7,1
Q1_Q2_Q5_Q8,"Q1,Q2,Q5,Q8","Q3,Q4,Q6,Q7",4,1040,1040,KLUE-BERT,0.9153846153846154,0.0249999999999999,0.8773669818932877,0.0437364634495658,0.9156566790086998,0.0258214832667395,0.8908256019773095,0.032450695370445,0.8894230769230769,0.8503859471201288,0.8939368468577856,0.8563359911975765,217.8,1
Q1_Q2_Q7_Q8,"Q1,Q2,Q7,Q8","Q3,Q4,Q5,Q6",4,1040,1040,KLUE-BERT,0.9307692307692308,0.028781979898261,0.907192062925346,0.0389643846112951,0.9312559278982748,0.0284927432563743,0.9108031836384818,0.0371841655767481,0.8548076923076923,0.7814806284623053,0.8647015847399504,0.8120503672462099,222.0,1
Q1_Q3_Q4_Q7,"Q1,Q3,Q4,Q7","Q2,Q5,Q6,Q8",4,1050,1030,KLUE-BERT,0.9171428571428571,0.0208873449518679,0.8863920049107149,0.0380934479648884,0.916397881847739,0.0208766738123716,0.892954564152505,0.0267906745680893,0.8893203883495145,0.8260519907249947,0.8901854629337647,0.8537921038770867,233.9,1
Q1_Q3_Q6_Q7,"Q1,Q3,Q6,Q7","Q2,Q4,Q5,Q8",4,1040,1040,KLUE-BERT,0.9307692307692308,0.0176252911344455,0.9217652478884109,0.0268470115245095,0.9309950271572948,0.0176789218109276,0.9116111687018298,0.0226274949037826,0.8663461538461539,0.7988073001746917,0.8675761986773322,0.8236871055950317,246.0,1
Q1_Q4_Q5_Q7,"Q1,Q4,Q5,Q7","Q2,Q3,Q6,Q8",4,1040,1040,KLUE-BERT,0.9153846153846154,0.0291014345200414,0.8774286618775857,0.0390635062916452,0.915713017475323,0.0261918541792725,0.8894736784632757,0.037813126255393,0.8942307692307693,0.8444753130893081,0.8967388283133366,0.8637006465879291,229.9,1
Q1_Q4_Q7_Q8,"Q1,Q4,Q7,Q8","Q2,Q3,Q5,Q6",4,1040,1040,KLUE-BERT,0.9076923076923076,0.0244011106547106,0.8789029400292664,0.0352886901638619,0.9077794062177154,0.025001381436025,0.8790743889633565,0.0320793087770477,0.885576923076923,0.8365737177411112,0.8892021830672442,0.8533829954602751,225.9,1
Q1_Q5_Q6_Q8,"Q1,Q5,Q6,Q8","Q2,Q3,Q4,Q7",4,1030,1050,KLUE-BERT,0.9281553398058252,0.0253916443313048,0.8816902919855005,0.051700392668411,0.9287339791869492,0.024155193338714,0.9059948013961528,0.0331685676389583,0.8695238095238095,0.8237961733083454,0.8734490428266178,0.8318334537445552,251.2,1
Q2_Q3_Q4_Q7,"Q2,Q3,Q4,Q7","Q1,Q5,Q6,Q8",4,1050,1030,KLUE-BERT,0.9180952380952382,0.0222131500756011,0.8899161996841404,0.0415607967091737,0.9165613046292374,0.0218480291774678,0.8935463878870182,0.0286199835863032,0.8854368932038835,0.842820222330925,0.8862401099422939,0.8497740554330522,239.6,1
Q2_Q3_Q6_Q7,"Q2,Q3,Q6,Q7","Q1,Q4,Q5,Q8",4,1040,1040,KLUE-BERT,0.9240384615384616,0.0244956523131865,0.9010474981648235,0.0655893090620276,0.923580424388294,0.0254661850199793,0.9023589206285288,0.0316186006501798,0.8673076923076923,0.8088153334581077,0.8679782153063031,0.825503355704698,231.8,1
Q2_Q4_Q5_Q7,"Q2,Q4,Q5,Q7","Q1,Q3,Q6,Q8",4,1040,1040,KLUE-BERT,0.9182692307692308,0.0247957633812069,0.8677439917804914,0.0457302382491141,0.9179743824378804,0.0250229326920506,0.8921184182011288,0.0328047204411104,0.8798076923076923,0.8609235552773146,0.8816074618568438,0.8459109507531398,243.3,1
Q2_Q4_Q7_Q8,"Q2,Q4,Q7,Q8","Q1,Q3,Q5,Q6",4,1040,1040,KLUE-BERT,0.9163461538461538,0.0247210771772739,0.8826983571655159,0.0514837845821826,0.9186527792446152,0.021547772381915,0.8900443791547186,0.0321391397654902,0.8798076923076923,0.8587973838405935,0.8843797948624098,0.8466306523978118,238.8,1
Q2_Q5_Q6_Q7,"Q2,Q5,Q6,Q7","Q1,Q3,Q4,Q8",4,1030,1050,KLUE-BERT,0.9242718446601944,0.0228928662573817,0.8424478185053517,0.0835321985324481,0.9227685592822814,0.0236486375757483,0.9001432997559832,0.0301660173014121,0.86,0.8340357110435399,0.862466052056616,0.8177388996082007,212.9,1
Q3_Q4_Q6_Q7,"Q3,Q4,Q6,Q7","Q1,Q2,Q5,Q8",4,1040,1040,KLUE-BERT,0.9173076923076924,0.0265774518482408,0.8152084691955169,0.0711178640578491,0.9147296280898136,0.0278588379241984,0.8922361192524105,0.034427289269511,0.8634615384615385,0.7666286048262202,0.8579421853713695,0.8224257261450703,207.3,1
Q3_Q5_Q6_Q7,"Q3,Q5,Q6,Q7","Q1,Q2,Q4,Q8",4,1030,1050,KLUE-BERT,0.933009708737864,0.0227483000269125,0.8394565368401681,0.0826068963233137,0.930202260077576,0.0238504798807731,0.9121536201384558,0.0294322145976477,0.8685714285714285,0.8099587339855089,0.8663772033962949,0.8287317044918627,214.7,1
Q4_Q5_Q6_Q7,"Q4,Q5,Q6,Q7","Q1,Q2,Q3,Q8",4,1030,1050,KLUE-BERT,0.925242718446602,0.0221606062340064,0.8081731140305797,0.0454048237766558,0.9232698291290198,0.0209941212116601,0.8999436497101565,0.0298521573839346,0.8704761904761905,0.8097839338429849,0.8669896451782187,0.8334509362553286,229.6,1
Q5_Q6_Q7_Q8,"Q5,Q6,Q7,Q8","Q1,Q2,Q3,Q4",4,1020,1060,KLUE-BERT,0.9264705882352942,0.034313725490196,0.830503174317706,0.0815802112742684,0.9254187494203644,0.0324197858148403,0.9003756501696453,0.0459218772982153,0.8150943396226416,0.6517181650368693,0.8050597948931063,0.7592101313473036,219.2,1
Q1_Q2_Q3_Q4_Q5,"Q1,Q2,Q3,Q4,Q5","Q6,Q7,Q8",5,1315,765,KLUE-BERT,0.9346171640064772,0.0220142407474395,0.912262833267393,0.0344996187780124,0.9340722067097303,0.0224170683350923,0.9155657215611388,0.0284122649518783,0.9333333333333332,0.8355742823783806,0.9318042773220888,0.9089143260033664,263.3,1
Q1_Q2_Q3_Q5_Q6,"Q1,Q2,Q3,Q5,Q6","Q4,Q7,Q8",5,1305,775,KLUE-BERT,0.9417968291250732,0.0160214506257214,0.912192580433611,0.0265066525886512,0.941480278695816,0.0159145729394978,0.9256295729659424,0.0204800895150088,0.910967741935484,0.8249275610217716,0.9105967375460589,0.8795138646364462,252.7,1
Q1_Q2_Q3_Q6_Q8,"Q1,Q2,Q3,Q6,Q8","Q4,Q5,Q7",5,1305,775,KLUE-BERT,0.9348620082207868,0.0138275105495002,0.9141625748337298,0.0314180566707784,0.9345762615410632,0.0138374945149783,0.916795358787008,0.0174987411381709,0.8993548387096775,0.8080180667022298,0.9000267938190157,0.864426926225372,260.5,1
Q1_Q2_Q4_Q5_Q8,"Q1,Q2,Q4,Q5,Q8","Q3,Q6,Q7",5,1305,775,KLUE-BERT,0.9233763945977688,0.0309085148111818,0.8810978468092033,0.05321895481951,0.9240295614776336,0.0300011959790509,0.9001238623718036,0.040616376156221,0.904516129032258,0.8779965431182096,0.907463754740335,0.8765865142522671,284.8,1
Q1_Q2_Q5_Q6_Q7,"Q1,Q2,Q5,Q6,Q7","Q3,Q4,Q8",5,1295,785,KLUE-BERT,0.9335897435897436,0.0210823410341046,0.9049370784099088,0.033228035839271,0.9342518398461732,0.0207012758607867,0.914242127562444,0.0271028282691991,0.8828025477707007,0.8235901298953199,0.8869495860688719,0.8464080713387934,264.3,1
Q1_Q3_Q4_Q5_Q6,"Q1,Q3,Q4,Q5,Q6","Q2,Q7,Q8",5,1305,775,KLUE-BERT,0.9302935995302408,0.0168288515503307,0.8882072722971193,0.0333464162064731,0.929426466639978,0.017539265412108,0.9097661855229742,0.0219478202301234,0.92,0.8713287783632023,0.9186359235306626,0.8941086504748031,249.7,1
Q1_Q3_Q4_Q6_Q8,"Q1,Q3,Q4,Q6,Q8","Q2,Q5,Q7",5,1305,775,KLUE-BERT,0.9318379330593072,0.0202917474579495,0.9030369329065464,0.0302949989749949,0.931747033404281,0.0192742642915402,0.9119191474553648,0.0260746840459041,0.9135483870967742,0.8612520766393034,0.9125740852557712,0.8858816289751874,306.2,1
Q1_Q3_Q5_Q6_Q7,"Q1,Q3,Q5,Q6,Q7","Q2,Q4,Q8",5,1295,785,KLUE-BERT,0.9359451401311868,0.0168080605992253,0.9116209202928796,0.0380008528891256,0.9353351599822396,0.0172218410103635,0.9174093681673168,0.0215258083150739,0.8840764331210191,0.8350521649824455,0.8861420816650989,0.8481092057281976,306.1,1
Q1_Q4_Q5_Q6_Q7,"Q1,Q4,Q5,Q6,Q7","Q2,Q3,Q8",5,1295,785,KLUE-BERT,0.9166249254621348,0.0208579363560043,0.8696480542116009,0.0329352824722997,0.9174105628694702,0.0189853421327421,0.8911506865353076,0.0269048206382066,0.8942675159235669,0.8504685007182757,0.8954855764710267,0.8641678810356221,329.5,1
Q1_Q5_Q6_Q7_Q8,"Q1,Q5,Q6,Q7,Q8","Q2,Q3,Q4",5,1285,795,KLUE-BERT,0.9385840600775192,0.0279868134740788,0.9008415798868284,0.0432630647873202,0.9386281955035992,0.0277580772436598,0.9191979999460196,0.036915197278775,0.8704402515723271,0.8327642994250961,0.874234643575461,0.8323578004753803,352.6,1
Q2_Q3_Q4_Q5_Q8,"Q2,Q3,Q4,Q5,Q8","Q1,Q6,Q7",5,1305,775,KLUE-BERT,0.919594832648268,0.0485021237952822,0.8818903030037533,0.064147793956171,0.9180231993828276,0.0519711789771357,0.8946056623826332,0.0642980358924417,0.9148387096774192,0.9061310480809722,0.9134730864071232,0.8895899394093764,315.7,1
Q2_Q3_Q5_Q6_Q7,"Q2,Q3,Q5,Q6,Q7","Q1,Q4,Q8",5,1295,785,KLUE-BERT,0.9374358974358976,0.0212250136350138,0.896748617195761,0.0656020507928041,0.936509775309724,0.0216388623667237,0.9188389174362138,0.0276013304640473,0.89171974522293,0.8655126246256163,0.8930994433901561,0.8582150286757315,295.9,1
Q2_Q4_Q5_Q6_Q7,"Q2,Q4,Q5,Q6,Q7","Q1,Q3,Q8",5,1295,785,KLUE-BERT,0.929767441860465,0.0313976654423893,0.8605363754701555,0.0822529416892986,0.9289366329352354,0.0335100273775822,0.907303551112232,0.0417640167751112,0.8738853503184714,0.8596798016103158,0.8755661617635024,0.8383826410291604,310.3,1
Q3_Q4_Q5_Q6_Q7,"Q3,Q4,Q5,Q6,Q7","Q1,Q2,Q8",5,1295,785,KLUE-BERT,0.9274001192605844,0.0232576983472745,0.8334499595080876,0.0807159189990937,0.9259889965676686,0.0231349757984371,0.904704847418746,0.0303922029175463,0.8878980891719745,0.8610188099872619,0.8863121429813607,0.8556641579921689,290.1,1
Q1_Q2_Q3_Q4_Q5_Q6,"Q1,Q2,Q3,Q4,Q5,Q6","Q7,Q8",6,1570,510,KLUE-BERT,0.9452229299363056,0.0121520917377954,0.9252968821854776,0.0171300875992247,0.9449794342415024,0.0117144906776854,0.9293645882853714,0.0156066518945477,0.923529411764706,0.8183729563789536,0.920722312297848,0.8941345539706196,352.6,1
Q1_Q2_Q3_Q4_Q6_Q8,"Q1,Q2,Q3,Q4,Q6,Q8","Q5,Q7",6,1570,510,KLUE-BERT,0.9356687898089172,0.0192035839894029,0.8996002534770782,0.0515730354950491,0.935521315724045,0.0190729618204213,0.9171372370118822,0.024639046671625,0.9117647058823528,0.7904341048491529,0.9108588260981532,0.8787042762688484,362.2,1
Q1_Q2_Q4_Q5_Q6_Q7,"Q1,Q2,Q4,Q5,Q6,Q7","Q3,Q8",6,1560,520,KLUE-BERT,0.925,0.0227631806468778,0.8948444794489168,0.0402744512334231,0.9250706921485056,0.0228117251818492,0.9024521412941168,0.0295415711644234,0.8903846153846153,0.813294541390399,0.8919930046258392,0.8581173260572987,337.2,1
Q1_Q2_Q5_Q6_Q7_Q8,"Q1,Q2,Q5,Q6,Q7,Q8","Q3,Q4",6,1550,530,KLUE-BERT,0.9361290322580644,0.0222463737413763,0.8981447155743536,0.0447473263313531,0.936064424013424,0.0221130011287601,0.9167258360913662,0.029049355248417,0.8811320754716981,0.8216632667332336,0.8856135120334291,0.8435992318141365,328.4,1
Q1_Q3_Q4_Q5_Q6_Q7,"Q1,Q3,Q4,Q5,Q6,Q7","Q2,Q8",6,1560,520,KLUE-BERT,0.9326923076923076,0.0181875140501424,0.9082506261247988,0.0339958658037058,0.9327781418226436,0.0180691248499054,0.912669707922342,0.0236679871715748,0.9115384615384616,0.8642695724211297,0.91108701386371,0.8843371629724188,325.4,1
Q1_Q4_Q5_Q6_Q7_Q8,"Q1,Q4,Q5,Q6,Q7,Q8","Q2,Q3",6,1550,530,KLUE-BERT,0.9290322580645162,0.0201967430225787,0.8928143001662041,0.0339339802549716,0.930202512091183,0.0190089586733798,0.9066979806934696,0.026432129720215,0.8943396226415095,0.8700564328579147,0.8971307462733148,0.8653369751635648,336.4,1
Q2_Q3_Q4_Q5_Q6_Q7,"Q2,Q3,Q4,Q5,Q6,Q7","Q1,Q8",6,1560,520,KLUE-BERT,0.9333333333333332,0.0212990355459437,0.8957796246809526,0.0508186081606254,0.933154763427013,0.0212846670209593,0.9131097066974402,0.0275596906179445,0.8865384615384615,0.8632205169501114,0.8863902562812209,0.8532717342439285,336.4,1
Q1_Q2_Q3_Q4_Q5_Q6_Q7,"Q1,Q2,Q3,Q4,Q5,Q6,Q7",Q8,7,1825,255,KLUE-BERT,0.9358794211253229,0.018698316214,0.910564438474258,0.0328323347305826,0.935490546086826,0.0189121497668756,0.917074731449724,0.024269477765558,0.9098039215686274,0.7323864446704897,0.9064219131848892,0.8746821649110061,313.9,1
Q1_Q2_Q3_Q5_Q6_Q7_Q8,"Q1,Q2,Q3,Q5,Q6,Q7,Q8",Q4,7,1815,265,KLUE-BERT,0.942732681682958,0.0171804917750489,0.9121901291678888,0.0339062249891968,0.9427091971841768,0.0170077414412767,0.9259978190507322,0.0221004657767719,0.8641509433962264,0.7940678225119331,0.8694180480028743,0.814721305107788,327.3,1
Q1,Q1,"Q2,Q3,Q4,Q5,Q6,Q7,Q8",1,265,1815,KLUE-BERT,0.8148148148148149,0.0602313162945099,0.7882150963685682,0.066869993691754,0.8170392091578351,0.0602929899724515,0.7639104447113549,0.0796583470550086,0.7586776859504132,0.6669816012345503,0.7537703917810842,0.6816006280113907,105.5,2
Q3,Q3,"Q1,Q2,Q4,Q5,Q6,Q7,Q8",1,265,1815,KLUE-BERT,0.8568376068376068,0.0834622909469513,0.8266432937015644,0.102970346418816,0.8524657498122409,0.0823702948005054,0.8153624644489804,0.1067413975962113,0.7393939393939394,0.5990695532394776,0.7212915948750818,0.6533854166666667,99.9,2
Q7,Q7,"Q1,Q2,Q3,Q4,Q5,Q6,Q8",1,255,1825,KLUE-BERT,0.8070769230769231,0.0754605582936421,0.7431871885997273,0.0466419901755813,0.8022545008139434,0.0741487475304859,0.739536629571752,0.1007624673948999,0.7101369863013699,0.5558849427922262,0.6999577891686175,0.617457573323686,91.0,2
Q1_Q7,"Q1,Q7","Q2,Q3,Q4,Q5,Q6,Q8",2,520,1560,KLUE-BERT,0.8903846153846153,0.0551021106995938,0.8905287866705575,0.0562802795786399,0.8926206059088008,0.0525821288237238,0.8605140981361327,0.0698258720121018,0.8173076923076923,0.7595582535138297,0.8239807090651079,0.7632747945160258,139.3,2
Q2_Q4,"Q2,Q4","Q1,Q3,Q5,Q6,Q7,Q8",2,530,1550,KLUE-BERT,0.8584905660377359,0.0471698113207547,0.8132581044988813,0.0835098291740811,0.8553693791587451,0.049855954909753,0.8136800889855748,0.0615066979357289,0.8374193548387097,0.79801468969759,0.838868254558835,0.7887285091026317,137.5,2
Q2_Q7,"Q2,Q7","Q1,Q3,Q4,Q5,Q6,Q8",2,520,1560,KLUE-BERT,0.8769230769230768,0.0464732537445945,0.847506024253828,0.0782898614483151,0.8777130999412635,0.0452348104512012,0.8411867228062476,0.0599055778506046,0.8211538461538461,0.769071222224242,0.8296431743063155,0.7690571371871919,129.2,2
Q3_Q7,"Q3,Q7","Q1,Q2,Q4,Q5,Q6,Q8",2,520,1560,KLUE-BERT,0.9019230769230768,0.0442307692307692,0.8480108209690396,0.0766141078646462,0.8966736011770415,0.0465947607240624,0.873846806781105,0.0562701931870779,0.8224358974358974,0.689241420936449,0.8165376256276291,0.7682808856933877,133.5,2
Q4_Q7,"Q4,Q7","Q1,Q2,Q3,Q5,Q6,Q8",2,520,1560,KLUE-BERT,0.8403846153846155,0.0298541821081923,0.7446421131638792,0.0883381650010542,0.8355155063625638,0.0303196029016068,0.7857176144762528,0.0403307810706863,0.823076923076923,0.6995543130107729,0.816471008561452,0.7709918791899188,136.4,2
Q5_Q8,"Q5,Q8","Q1,Q2,Q3,Q4,Q6,Q7",2,510,1570,KLUE-BERT,0.8509803921568627,0.0855585263892997,0.7434993297806716,0.1275824359396758,0.8479834522102505,0.0828253652651522,0.7974232022133412,0.1111275819998364,0.7968152866242039,0.6338065309460509,0.7840161025402239,0.7345076918183648,126.9,2
Q1_Q2_Q3,"Q1,Q2,Q3","Q4,Q5,Q6,Q7,Q8",3,795,1285,KLUE-BERT,0.9120411392405062,0.0340197563940154,0.9039082744399972,0.0419530494370669,0.91065663213108,0.0346514519974207,0.8881062593724858,0.0431930542031924,0.8708171206225681,0.77812649718222,0.8737823745370245,0.8268284049800939,182.6,2
Q1_Q2_Q7,"Q1,Q2,Q7","Q3,Q4,Q5,Q6,Q8",3,785,1295,KLUE-BERT,0.9107919506653686,0.0214217454482552,0.909856283698834,0.0209752385449707,0.91105712856033,0.0214221478395579,0.8863746002380009,0.0272154069038343,0.8471042471042471,0.7544280492230655,0.8550540142617411,0.7999854909330032,175.7,2
Q1_Q3_Q4,"Q1,Q3,Q4","Q2,Q5,Q6,Q7,Q8",3,795,1285,KLUE-BERT,0.8904272151898732,0.0439159247444759,0.8805637557379653,0.0462414871167676,0.8903891282164101,0.0435571728508404,0.8575533525591086,0.0572165982961745,0.888715953307393,0.8298111516358834,0.8891160308018166,0.8522727272727273,175.4,2
Q1_Q3_Q7,"Q1,Q3,Q7","Q2,Q4,Q5,Q6,Q8",3,785,1295,KLUE-BERT,0.9171697500811428,0.0192648326017657,0.8997347042536704,0.0493819894841169,0.9164829380362872,0.0204225212097896,0.8944015229859259,0.0249023779303447,0.8540540540540541,0.7856834349618469,0.8584492529993507,0.8088851929068378,176.1,2
Q1_Q4_Q7,"Q1,Q4,Q7","Q2,Q3,Q5,Q6,Q8",3,785,1295,KLUE-BERT,0.8841123012009087,0.0423155972813103,0.8672737183165623,0.054716728313247,0.8854229572120854,0.0411374955745482,0.8499090866271611,0.0540736291107344,0.8563706563706563,0.800637614247248,0.8587246290358801,0.8133817821199185,174.7,2
Q1_Q5_Q8,"Q1,Q5,Q8","Q2,Q3,Q4,Q6,Q7",3,775,1305,KLUE-BERT,0.8915417915417916,0.0335698525921529,0.8461194729767352,0.0557644911324722,0.8927969149581662,0.0331249579120196,0.8587253176765668,0.0434698682855872,0.8505747126436781,0.7893406444160461,0.8575505355029254,0.8082981531535604,177.2,2
Q2_Q3_Q7,"Q2,Q3,Q7","Q1,Q4,Q5,Q6,Q8",3,785,1295,KLUE-BERT,0.9082765335929892,0.0187765606629071,0.8839754134496489,0.0498234752285171,0.909198943049278,0.018494608714889,0.8829661433936487,0.0239140544992833,0.864092664092664,0.8122468244299048,0.8672402347183303,0.822311755864211,177.5,2
Q2_Q4_Q7,"Q2,Q4,Q7","Q1,Q3,Q5,Q6,Q8",3,785,1295,KLUE-BERT,0.8866601752677703,0.0324612298437515,0.8286825803038317,0.0682235434805995,0.8862748800690035,0.0307485502537854,0.8513707869021111,0.0418050604507846,0.8501930501930502,0.8115206493830781,0.8543741188314904,0.8068252069153239,180.1,2
Q2_Q5_Q6,"Q2,Q5,Q6","Q1,Q3,Q4,Q7,Q8",3,775,1305,KLUE-BERT,0.9123043623043624,0.0286798216292573,0.8574072411436469,0.0766282756617604,0.9115270828421512,0.0301017058203999,0.8852232010667459,0.037494128982383,0.8758620689655172,0.8440374893618257,0.87699277964611,0.8380172533347023,170.7,2
Q2_Q6_Q8,"Q2,Q6,Q8","Q1,Q3,Q4,Q5,Q7",3,775,1305,KLUE-BERT,0.9174492174492176,0.0264856499361183,0.8682790895496009,0.056621490065758,0.9175059549198964,0.0249243942314625,0.8923721366391172,0.0342149184735008,0.8544061302681992,0.8237704928207024,0.8576607460934224,0.810906633863537,175.5,2
Q3_Q4_Q7,"Q3,Q4,Q7","Q1,Q2,Q5,Q6,Q8",3,785,1295,KLUE-BERT,0.9031645569620256,0.0387321603632637,0.8094536915293924,0.0746651903664341,0.8993765266258531,0.0394285511927778,0.8730341762161296,0.0507326539302619,0.8563706563706563,0.7894510888579901,0.8544757933484725,0.8131550858554204,176.7,2
Q3_Q5_Q8,"Q3,Q5,Q8","Q1,Q2,Q4,Q6,Q7",3,775,1305,KLUE-BERT,0.9238927738927736,0.0283910320991171,0.7963123604708384,0.062217547917216,0.9183328978672656,0.0294173853773806,0.8997871831958448,0.0371965478969534,0.8613026819923372,0.763375794096844,0.8568039942879727,0.8203076918395401,172.8,2
Q4_Q5_Q6,"Q4,Q5,Q6","Q1,Q2,Q3,Q7,Q8",3,775,1305,KLUE-BERT,0.8955377955377957,0.0295770288406458,0.7699593051771598,0.0693473106345993,0.8900062424288979,0.0307152987427966,0.8596950853533629,0.0394770633298798,0.8697318007662835,0.7564392651157931,0.8604497355826645,0.831171707163388,168.6,2
Q4_Q6_Q8,"Q4,Q6,Q8","Q1,Q2,Q3,Q5,Q7",3,775,1305,KLUE-BERT,0.8953879453879455,0.0326341218304285,0.785716592234478,0.0794679342238331,0.8931350100269485,0.0323177740900789,0.860404551194228,0.043071398187165,0.849808429118774,0.712499564763646,0.8405722426974357,0.8062981499951154,176.5,2
Q5_Q7_Q8,"Q5,Q7,Q8","Q1,Q2,Q3,Q4,Q6",3,765,1315,KLUE-BERT,0.916438824333561,0.020805510943574,0.8202672324245708,0.090153763540909,0.916231324627385,0.0210392735754922,0.8864885919902534,0.0275033088073134,0.8197718631178708,0.6596806698978523,0.8153573375281198,0.7677473155180161,169.3,2
Q1_Q2_Q3_Q5,"Q1,Q2,Q3,Q5","Q4,Q6,Q7,Q8",4,1050,1030,KLUE-BERT,0.921904761904762,0.0228571428571428,0.8929815671617038,0.040370110174647,0.921584402607377,0.0223773066802284,0.9005128257060238,0.0289523157802554,0.9116504854368932,0.8274803676055614,0.912567679334958,0.8816202603268104,211.3,2
Q1_Q2_Q3_Q8,"Q1,Q2,Q3,Q8","Q4,Q5,Q6,Q7",4,1050,1030,KLUE-BERT,0.923809523809524,0.0276026223736941,0.9143467460016982,0.0368823478224496,0.9240802608504084,0.0273271133552267,0.9029820523112568,0.035127285079464,0.8941747572815534,0.8025453887692556,0.8975267421144956,0.8589553373225007,213.1,2
Q1_Q2_Q4_Q8,"Q1,Q2,Q4,Q8","Q3,Q5,Q6,Q7",4,1050,1030,KLUE-BERT,0.9038095238095238,0.0235027860557201,0.8838961986511034,0.0273736575780225,0.9036436128913647,0.0236895014591206,0.8750466268592128,0.0305737103030357,0.8776699029126214,0.8070745015541193,0.8810841391027265,0.8397593797806415,209.6,2
Q1_Q3_Q4_Q8,"Q1,Q3,Q4,Q8","Q2,Q5,Q6,Q7",4,1050,1030,KLUE-BERT,0.9180952380952382,0.0270046607214434,0.8753029728375659,0.0507110300468492,0.917173839300515,0.0279068695091587,0.8939784464569402,0.0349791486505092,0.9029126213592232,0.8487165370217539,0.9037342675931864,0.8723966753759033,211.3,2
Q1_Q3_Q5_Q6,"Q1,Q3,Q5,Q6","Q2,Q4,Q7,Q8",4,1040,1040,KLUE-BERT,0.9240384615384616,0.0179630208579513,0.9085761788878388,0.0328358403201716,0.9237247164987868,0.0183290030377015,0.9027227198982242,0.0229606137567438,0.8875,0.8394550874232262,0.887767668754335,0.8516652911653808,202.3,2
Q1_Q3_Q6_Q8,"Q1,Q3,Q6,Q8","Q2,Q4,Q5,Q7",4,1040,1040,KLUE-BERT,0.9298076923076924,0.0282142322136946,0.9062925932001188,0.0475145823447461,0.9293415965535649,0.0291172847185636,0.9102495240724936,0.0360741749663054,0.8769230769230769,0.8303613989938281,0.8785647003019494,0.8383308436866203,207.1,2
Q1_Q4_Q5_Q8,"Q1,Q4,Q5,Q8","Q2,Q3,Q6,Q7",4,1040,1040,KLUE-BERT,0.9211538461538462,0.0281321900737072,0.8672743091951555,0.0740074439498131,0.920304325840828,0.0291295414503548,0.8965406164306934,0.0370996001223214,0.9009615384615384,0.8596258553984943,0.9027209129311864,0.8729596998091786,210.4,2
Q1_Q5_Q7_Q8,"Q1,Q5,Q7,Q8","Q2,Q3,Q4,Q6",4,1030,1050,KLUE-BERT,0.924271844660194,0.0172586299365351,0.8675581745007122,0.0620451067221059,0.9242230940886332,0.0185432017000824,0.9006776951279104,0.0228833566690877,0.8676190476190476,0.8188531869717925,0.8733561999017039,0.8304334490498697,209.2,2
Q2_Q3_Q4_Q8,"Q2,Q3,Q4,Q8","Q1,Q5,Q6,Q7",4,1050,1030,KLUE-BERT,0.9257142857142858,0.0179694878705839,0.8887046101477999,0.0447681150438488,0.9239028023168536,0.0178045848174853,0.9031246631480369,0.0230842341502525,0.8970873786407767,0.8687841398243401,0.8973834882482892,0.8652784016031352,207.8,2
Q2_Q3_Q5_Q6,"Q2,Q3,Q5,Q6","Q1,Q4,Q7,Q8",4,1040,1040,KLUE-BERT,0.9269230769230768,0.024019223070763,0.8652641252683694,0.071744634227037,0.9255955557243312,0.0250472196106553,0.9057141130947228,0.0310538901275197,0.8913461538461539,0.8644380401086288,0.8909037427418994,0.8569533199440083,211.4,2
Q2_Q3_Q6_Q8,"Q2,Q3,Q6,Q8","Q1,Q4,Q5,Q7",4,1040,1040,KLUE-BERT,0.9278846153846152,0.0211756880245627,0.8901633234780781,0.0673136883479324,0.9269066226816236,0.0229887317309461,0.907145910032632,0.0274258590669337,0.8846153846153846,0.8445930976852338,0.8847726279358711,0.848567396609026,210.8,2
Q2_Q4_Q5_Q8,"Q2,Q4,Q5,Q8","Q1,Q3,Q6,Q7",4,1040,1040,KLUE-BERT,0.9153846153846154,0.0335299918733897,0.8534578287011947,0.0698415606172065,0.9148234513568726,0.0337992402634981,0.888049159417559,0.0439778771879577,0.8875,0.8739926397381167,0.8889168234935336,0.8561236145039883,208.2,2
Q2_Q5_Q6_Q8,"Q2,Q5,Q6,Q8","Q1,Q3,Q4,Q7",4,1030,1050,KLUE-BERT,0.9194174757281554,0.0336460649537154,0.8340346548644113,0.069284224783699,0.9184090248281424,0.0322394712210657,0.8937212001659123,0.0439130679845021,0.8771428571428571,0.8649567749098593,0.8783399012041097,0.8406903535627377,195.1,2
Q3_Q4_Q5_Q6,"Q3,Q4,Q5,Q6","Q1,Q2,Q7,Q8",4,1040,1040,KLUE-BERT,0.9201923076923076,0.0344144810926409,0.8087870483153721,0.0628992049692587,0.9171518573103872,0.0338471754356102,0.8951808569951781,0.0453005519400646,0.8913461538461539,0.835255678831161,0.8872196050064464,0.858663533339507,207.3,2
Q3_Q4_Q6_Q8,"Q3,Q4,Q6,Q8","Q1,Q2,Q5,Q7",4,1040,1040,KLUE-BERT,0.9211538461538462,0.0238647570115208,0.8238188194218227,0.0694423670641802,0.9184400885312924,0.0248476065212822,0.8964823005585201,0.0314840654342047,0.8740384615384615,0.7553388804909135,0.8658439073366812,0.83645325400884,203.6,2
Q3_Q5_Q6_Q8,"Q3,Q5,Q6,Q8","Q1,Q2,Q4,Q7",4,1030,1050,KLUE-BERT,0.9349514563106796,0.0184466019417475,0.8221497048963118,0.0583688727596,0.9319851748980372,0.0174170375196126,0.9145577259147512,0.0239159805780621,0.8628571428571429,0.7557214135929502,0.8550589048386327,0.8214182368357957,201.1,2
Q4_Q5_Q6_Q8,"Q4,Q5,Q6,Q8","Q1,Q2,Q3,Q7",4,1030,1050,KLUE-BERT,0.9223300970873788,0.024942199181874,0.8005647362993958,0.0798047078874049,0.920508976264699,0.0241795008686939,0.8955607999575623,0.0332592963649918,0.8714285714285714,0.7482592186024873,0.8612740154263132,0.8350228698455557,206.2,2
Q1_Q2_Q3_Q4_Q6,"Q1,Q2,Q3,Q4,Q6","Q5,Q7,Q8",5,1315,765,KLUE-BERT,0.9231609993060376,0.0179852707753919,0.9030422049631904,0.0375288735107046,0.9234079670713052,0.0174158899873505,0.9013120828682254,0.022878126081197,0.9111111111111112,0.7686518539479611,0.9077211322380264,0.8767914620888608,235.4,2
Q1_Q2_Q3_Q5_Q7,"Q1,Q2,Q3,Q5,Q7","Q4,Q6,Q8",5,1305,775,KLUE-BERT,0.9364533176746918,0.0252884050286058,0.9175123837946388,0.0461989662209498,0.9364948389270106,0.0251496073045122,0.9186656586489648,0.0322974396913488,0.904516129032258,0.8057132002601416,0.9069223980774528,0.872635653577861,237.0,2
Q1_Q2_Q3_Q7_Q8,"Q1,Q2,Q3,Q7,Q8","Q4,Q5,Q6",5,1305,775,KLUE-BERT,0.9379271873165004,0.019806938058268,0.9251756562534792,0.0258421360435827,0.9379157063834198,0.019835524478835,0.920470875159673,0.0254551303375408,0.8916129032258064,0.7811810491974497,0.8962738651608035,0.856182813514839,240.4,2
Q1_Q2_Q4_Q6_Q7,"Q1,Q2,Q4,Q6,Q7","Q3,Q5,Q8",5,1305,775,KLUE-BERT,0.9264357017028774,0.0261680937814669,0.9012363224359744,0.0600948996820773,0.926110283351073,0.0261820524543033,0.9048398615281826,0.0336868489715126,0.8825806451612903,0.7754973406033381,0.883366525778372,0.845808573065201,235.6,2
Q1_Q2_Q5_Q6_Q8,"Q1,Q2,Q5,Q6,Q8","Q3,Q4,Q7",5,1295,785,KLUE-BERT,0.9358795468097794,0.0199872885211786,0.9019619285330892,0.0319929321402988,0.9364260014562372,0.0195118834311737,0.916857280756801,0.0259897515608586,0.8955414012738854,0.8407281406709165,0.8992589267474584,0.8638484544673867,236.6,2
Q1_Q3_Q4_Q5_Q7,"Q1,Q3,Q4,Q5,Q7","Q2,Q6,Q8",5,1305,775,KLUE-BERT,0.9240869054609512,0.0329273652035639,0.8941913817725462,0.0461441526044969,0.9251245274929276,0.0313206691559338,0.9019841790879258,0.0421731274478232,0.9238709677419354,0.8682418027843389,0.924645492898628,0.9001692047377327,232.7,2
Q1_Q3_Q4_Q7_Q8,"Q1,Q3,Q4,Q7,Q8","Q2,Q5,Q6",5,1305,775,KLUE-BERT,0.9333529066353494,0.0131985839320488,0.9016774902847816,0.0412774528656154,0.9336233158784588,0.0129347656782662,0.9136545121815066,0.0171906368201486,0.9058064516129032,0.8609932657477991,0.9066900000879826,0.8768070656020068,237.5,2
Q1_Q3_Q5_Q6_Q8,"Q1,Q3,Q5,Q6,Q8","Q2,Q4,Q7",5,1295,785,KLUE-BERT,0.9366726296958856,0.0296341794828757,0.8981189284582749,0.0341734989251882,0.9357840086927716,0.0295175077488201,0.9180816693327528,0.0380598461384535,0.8840764331210191,0.8485762356965959,0.8853712241155531,0.8485060557283945,242.8,2
Q1_Q4_Q5_Q6_Q8,"Q1,Q4,Q5,Q6,Q8","Q2,Q3,Q7",5,1295,785,KLUE-BERT,0.93200954084675,0.024986413082053,0.8906122380494794,0.0447655013754767,0.9313126761264392,0.0260573160967197,0.9106176848749123,0.0332166639179385,0.90828025477707,0.8766492735140756,0.9097790640615344,0.8827298304437676,245.3,2
Q2_Q3_Q4_Q6_Q7,"Q2,Q3,Q4,Q6,Q7","Q1,Q5,Q8",5,1305,775,KLUE-BERT,0.9310158543746332,0.0119725208603233,0.8936490406707804,0.0497542394653765,0.9298063520920616,0.0126313433607391,0.9103074192570404,0.0157924900555761,0.8903225806451613,0.8457943617163902,0.8914452982859308,0.8564695987903138,239.9,2
Q2_Q3_Q5_Q6_Q8,"Q2,Q3,Q5,Q6,Q8","Q1,Q4,Q7",5,1295,785,KLUE-BERT,0.9444066785927252,0.0107499723796805,0.8737881188716073,0.0585232437890219,0.9424697337536492,0.0115238279605165,0.927595067085114,0.0142415660298361,0.889171974522293,0.8749594939137353,0.8887248911121258,0.8549534988924262,240.0,2
Q2_Q4_Q5_Q6_Q8,"Q2,Q4,Q5,Q6,Q8","Q1,Q3,Q7",5,1295,785,KLUE-BERT,0.9297614788312464,0.0179231924952055,0.8687606349673109,0.0788093525527039,0.9289211749363248,0.0195910486871398,0.9070234776732712,0.0240907043973903,0.8904458598726115,0.8854271615767165,0.8906425203828997,0.8603133483413892,235.6,2
Q2_Q5_Q6_Q7_Q8,"Q2,Q5,Q6,Q7,Q8","Q1,Q3,Q4",5,1285,795,KLUE-BERT,0.9353924418604652,0.0099951841014393,0.8708527950376818,0.0535029587627114,0.9353891521455449,0.0083835045785687,0.9142773179747,0.0132179166964205,0.8754716981132076,0.8658749322625964,0.8786857291821926,0.8381314938670748,236.4,2
Q3_Q4_Q5_Q6_Q8,"Q3,Q4,Q5,Q6,Q8","Q1,Q2,Q7",5,1295,785,KLUE-BERT,0.9281574239713776,0.0308371735799385,0.804012202362899,0.0719224064794568,0.9256413176552092,0.0311869411049104,0.9052664337716804,0.0405115952545827,0.89171974522293,0.8588497625576101,0.8888966935023732,0.8608594289241395,226.0,2
Q1_Q2_Q3_Q4_Q5_Q7,"Q1,Q2,Q3,Q4,Q5,Q7","Q6,Q8",6,1570,510,KLUE-BERT,0.935031847133758,0.0129911325187077,0.9052724356671796,0.0296034437316558,0.9345333874932418,0.0133980947109764,0.9160052856607588,0.0168496493462052,0.9333333333333332,0.7726731888253049,0.9319627493914,0.9093077261030564,269.0,2
Q1_Q2_Q3_Q4_Q7_Q8,"Q1,Q2,Q3,Q4,Q7,Q8","Q5,Q6",6,1570,510,KLUE-BERT,0.9382165605095544,0.0186896824855047,0.9240812070424262,0.0268936689963037,0.9383687507201212,0.0182732253858466,0.9201231026785684,0.0241606939356221,0.9176470588235294,0.7385312813187198,0.918115204456836,0.8884671259196776,262.4,2
Q1_Q2_Q4_Q5_Q6_Q8,"Q1,Q2,Q4,Q5,Q6,Q8","Q3,Q7",6,1560,520,KLUE-BERT,0.9352564102564104,0.0284444970927356,0.9002439105041089,0.0470768510541538,0.9351928814824124,0.0276982424056669,0.9155707927904692,0.03707793766004,0.9192307692307692,0.901753367677399,0.9198084733241688,0.8962342142022293,268.9,2
Q1_Q3_Q4_Q5_Q6_Q8,"Q1,Q3,Q4,Q5,Q6,Q8","Q2,Q7",6,1560,520,KLUE-BERT,0.942948717948718,0.0126430018739205,0.8955064310748149,0.0475656717788909,0.9425230097489182,0.0129231822979019,0.9256726298059604,0.0166514036643507,0.9346153846153846,0.9009520102709764,0.9342784037171772,0.9151460467080698,270.6,2
Q1_Q3_Q5_Q6_Q7_Q8,"Q1,Q3,Q5,Q6,Q7,Q8","Q2,Q4",6,1550,530,KLUE-BERT,0.9438709677419356,0.0204119897026533,0.912637166140882,0.0329647072752729,0.9438071318923248,0.0193483324023631,0.927123037507794,0.0264323322524136,0.8603773584905661,0.8337888071855373,0.8630835560807005,0.8173656319558921,268.8,2
Q2_Q3_Q4_Q5_Q6_Q8,"Q2,Q3,Q4,Q5,Q6,Q8","Q1,Q7",6,1560,520,KLUE-BERT,0.9326923076923076,0.016025641025641,0.8877329277137512,0.0221942043740565,0.9327816399275448,0.0154376602629786,0.9121359047818997,0.0205625645899039,0.8980769230769231,0.8944572009754885,0.8956311848516525,0.868818749970251,271.8,2
Q2_Q3_Q5_Q6_Q7_Q8,"Q2,Q3,Q5,Q6,Q7,Q8","Q1,Q4",6,1550,530,KLUE-BERT,0.944516129032258,0.0155910270627026,0.8993348752651018,0.0470416472857627,0.9436327233160646,0.0164523922529522,0.9274267904587938,0.0204184521384169,0.869811320754717,0.8592544987980767,0.8709784452349258,0.8291185376247617,265.0,2
Q1_Q2_Q3_Q4_Q5_Q6_Q8,"Q1,Q2,Q3,Q4,Q5,Q6,Q8",Q7,7,1825,255,KLUE-BERT,0.9397375848195522,0.0198690380384617,0.9020725085884655,0.0348258614671119,0.9395483952635744,0.0196895043986613,0.9220177043788388,0.0254874356193333,0.9333333333333332,0.927463457316445,0.9325534737073378,0.9089170903895448,307.4,2
Q1_Q2_Q4_Q5_Q6_Q7_Q8,"Q1,Q2,Q4,Q5,Q6,Q7,Q8",Q3,7,1815,265,KLUE-BERT,0.9361119543439984,0.0223960348800453,0.9077414323268982,0.0372898370485819,0.9364979119193813,0.0220348020235073,0.9165756984176884,0.0291907077803604,0.8716981132075472,0.851412590941587,0.874988719236174,0.835008881319929,306.2,2
Q2,Q2,"Q1,Q3,Q4,Q5,Q6,Q7,Q8",1,265,1815,KLUE-BERT,0.8158119658119658,0.0785468845424341,0.7774704281172657,0.1021915800471465,0.804159065462815,0.0933551859674169,0.7641117237785636,0.1025826510492219,0.7526170798898072,0.7006746750734302,0.7524199872875141,0.6753457843175921,115.0,3
Q4,Q4,"Q1,Q2,Q3,Q5,Q6,Q7,Q8",1,265,1815,KLUE-BERT,0.785042735042735,0.0527775374767205,0.7165762182575204,0.0988106480636088,0.7707559113876788,0.0593813137419478,0.6997103817519552,0.0730576838908287,0.7212121212121212,0.5563585773194887,0.7018540296234532,0.6319417448491722,112.1,3
Q8,Q8,"Q1,Q2,Q3,Q4,Q5,Q6,Q7",1,255,1825,KLUE-BERT,0.8115384615384615,0.0697798736687791,0.6978943608277973,0.0974205774933731,0.8069938623124381,0.0712643468345131,0.7422126699104291,0.0935379872177532,0.6958904109589041,0.5280825550297,0.6702016132166717,0.5928247101080777,112.7,3
Q1_Q8,"Q1,Q8","Q2,Q3,Q4,Q5,Q6,Q7",2,520,1560,KLUE-BERT,0.8846153846153847,0.0321792317897721,0.8327619618936802,0.0973014331842919,0.8822486171172187,0.0332876443477861,0.8522065239145805,0.0409393243185536,0.8269230769230769,0.7657854348921419,0.8330932828224143,0.7761712746758948,149.5,3
Q2_Q8,"Q2,Q8","Q1,Q3,Q4,Q5,Q6,Q7",2,520,1560,KLUE-BERT,0.8826923076923077,0.0519230769230769,0.8296209888500912,0.0628805846607622,0.8826618240215526,0.0500527342503134,0.8476860625781517,0.067917650377165,0.8205128205128205,0.7756474723105866,0.8261200087826187,0.7679645529731932,144.9,3
Q3_Q4,"Q3,Q4","Q1,Q2,Q5,Q6,Q7,Q8",2,530,1550,KLUE-BERT,0.8433962264150944,0.060876474735478,0.7749525974892211,0.0961770675800871,0.8380425486031093,0.0655194521033193,0.7938651108596696,0.0789964855135346,0.8238709677419355,0.718964246380609,0.8173867759787942,0.7689028359715311,140.3,3
Q3_Q8,"Q3,Q8","Q1,Q2,Q4,Q5,Q6,Q7",2,520,1560,KLUE-BERT,0.9,0.024019223070763,0.8469656760920244,0.0731836652534137,0.8973616344911012,0.0252998416738873,0.8705513945474598,0.0310285517989053,0.8121794871794872,0.6617588800106813,0.8044014057365553,0.7552768234173546,139.8,3
Q4_Q8,"Q4,Q8","Q1,Q2,Q3,Q5,Q6,Q7",2,520,1560,KLUE-BERT,0.8480769230769232,0.0442307692307692,0.7617710493313361,0.0782947437543963,0.847896840413895,0.0419479017819977,0.7961897791892115,0.0572509936045746,0.8211538461538461,0.6943744592317873,0.8145561900755635,0.7685458709814997,147.6,3
Q6_Q7,"Q6,Q7","Q1,Q2,Q3,Q4,Q5,Q8",2,510,1570,KLUE-BERT,0.8960784313725491,0.0488624933112827,0.8515937349393232,0.077956615882586,0.8979419813156838,0.0467531872452972,0.8613892084493895,0.064127074193344,0.7968152866242039,0.6205976307672009,0.7868576181208569,0.7347883093555657,157.8,3
Q1_Q2_Q4,"Q1,Q2,Q4","Q3,Q5,Q6,Q7,Q8",3,795,1285,KLUE-BERT,0.8905379746835443,0.0302794361857721,0.869742019517159,0.0539066490465206,0.8893037027204105,0.0328396396222024,0.8577138184776956,0.0403958252174772,0.863035019455253,0.7814823541629726,0.8678801333130417,0.8196498419065315,190.8,3
Q1_Q2_Q8,"Q1,Q2,Q8","Q3,Q4,Q5,Q6,Q7",3,785,1295,KLUE-BERT,0.9133885102239534,0.0265975168135612,0.8901628517817344,0.0199076245449353,0.914599775124529,0.0251166771830006,0.8896080579295284,0.0334067424054302,0.8501930501930502,0.7822874120266727,0.8567478422877607,0.8043561383329738,189.8,3
Q1_Q3_Q8,"Q1,Q3,Q8","Q2,Q4,Q5,Q6,Q7",3,785,1295,KLUE-BERT,0.91587147030185,0.0270809033104336,0.8977237177720203,0.0521250414398019,0.914553888223074,0.0254702892712412,0.8924725259434435,0.0344322143488372,0.8586872586872587,0.7904651052454733,0.8629006032294883,0.81564172797421,189.8,3
Q1_Q4_Q8,"Q1,Q4,Q8","Q2,Q3,Q5,Q6,Q7",3,785,1295,KLUE-BERT,0.8865952612788057,0.0489733349625782,0.8585980110028828,0.0693537264360468,0.8863948743828743,0.047817545098605,0.8527054032869008,0.0620937068418325,0.8687258687258688,0.8126862631932706,0.8718124488987836,0.8301605278100082,170.5,3
Q1_Q6_Q7,"Q1,Q6,Q7","Q2,Q3,Q4,Q5,Q8",3,775,1305,KLUE-BERT,0.9045621045621044,0.0402979111605262,0.8794573752600586,0.050858202603091,0.9040273389607718,0.0402899526173374,0.8770851177755269,0.0516167790332353,0.8367816091954023,0.7803390692156486,0.8402174119078583,0.7873882404773506,178.6,3
Q2_Q3_Q4,"Q2,Q3,Q4","Q1,Q5,Q6,Q7,Q8",3,795,1285,KLUE-BERT,0.8955379746835442,0.0405402350183579,0.8483553825238704,0.0781796617542248,0.8930940961224387,0.0404517783556904,0.8635607360188795,0.0528103574167243,0.8809338521400778,0.8362046102146306,0.8817405160822737,0.842983932218063,182.4,3
Q2_Q3_Q8,"Q2,Q3,Q8","Q1,Q4,Q5,Q6,Q7",3,785,1295,KLUE-BERT,0.9132911392405064,0.0338528980850266,0.8754542193114107,0.0690440520902165,0.91194863056709,0.0334137110733792,0.8888660226154013,0.0431285934853627,0.8694980694980695,0.8209721737060869,0.8722631902600916,0.8294211910392248,174.5,3
Q2_Q4_Q8,"Q2,Q4,Q8","Q1,Q3,Q5,Q6,Q7",3,785,1295,KLUE-BERT,0.8905387861084064,0.0414096589273344,0.8363013273245528,0.0833974122251765,0.8916418383992408,0.0397228087975584,0.8561737555047484,0.0540192517897529,0.8617760617760618,0.843497634810593,0.8648219504611623,0.8218512620774246,185.0,3
Q2_Q5_Q7,"Q2,Q5,Q7","Q1,Q3,Q4,Q6,Q8",3,775,1305,KLUE-BERT,0.916150516150516,0.0408235320306789,0.8509521566453131,0.0714580591023863,0.915654513651341,0.041159799616656,0.8897577265264134,0.0536117570841979,0.8697318007662835,0.8408087688775266,0.8745900690593746,0.8314796218337387,176.3,3
Q2_Q7_Q8,"Q2,Q7,Q8","Q1,Q3,Q4,Q5,Q6",3,775,1305,KLUE-BERT,0.9146853146853148,0.0311270892339839,0.876554680731037,0.0538677184687239,0.91532214956804,0.0297860912154874,0.888163862663456,0.0409063453847865,0.8406130268199233,0.8086082631145103,0.8484408802453113,0.7953293098924167,176.3,3
Q3_Q4_Q8,"Q3,Q4,Q8","Q1,Q2,Q5,Q6,Q7",3,785,1295,KLUE-BERT,0.8917234664070108,0.0172907460405725,0.777723551827936,0.0538516563411879,0.8900046030902538,0.0156068844462305,0.8579523241391851,0.0217460005574967,0.861003861003861,0.7684471843073032,0.8574033446240898,0.8195852550612489,178.1,3
Q3_Q6_Q7,"Q3,Q6,Q7","Q1,Q2,Q4,Q5,Q8",3,775,1305,KLUE-BERT,0.9108724608724608,0.0436265418927619,0.8530344017575896,0.0977199866299916,0.9089108893026692,0.0445939291652506,0.8848574516364314,0.0562364458596119,0.8421455938697318,0.6965881316002133,0.8347071836211388,0.7939000296695639,178.5,3
Q4_Q5_Q7,"Q4,Q5,Q7","Q1,Q2,Q3,Q6,Q8",3,775,1305,KLUE-BERT,0.8813186813186812,0.0388824627235763,0.7565760931405008,0.0957707404084545,0.8797436340040814,0.039122910397913,0.8404079234547952,0.0515479545359491,0.8659003831417624,0.8195524129019597,0.8652366204398548,0.8278624950158325,178.3,3
Q4_Q7_Q8,"Q4,Q7,Q8","Q1,Q2,Q3,Q5,Q6",3,775,1305,KLUE-BERT,0.8902930402930401,0.0335331045981367,0.8085807179920537,0.082448449015307,0.8927258434033233,0.0301775632753871,0.8533058607049707,0.0437176724225883,0.8352490421455939,0.7414641878508924,0.8338005966380765,0.7893127122735905,171.7,3
Q6_Q7_Q8,"Q6,Q7,Q8","Q1,Q2,Q3,Q4,Q5",3,765,1315,KLUE-BERT,0.9177204374572796,0.0338218326591164,0.8469758981985267,0.0713182040594671,0.9177735827950346,0.033106108257559,0.8896940692467231,0.0442303567544751,0.8167300380228137,0.6471632042526917,0.8088799173040215,0.7623391797077712,187.7,3
Q1_Q2_Q3_Q6,"Q1,Q2,Q3,Q6","Q4,Q5,Q7,Q8",4,1050,1030,KLUE-BERT,0.9352380952380952,0.0243928542378394,0.9270092466338828,0.0205756551274666,0.935875556387338,0.023845394559694,0.9179707794159916,0.0307706805286213,0.8902912621359224,0.7836494656196192,0.8912165001864852,0.8517288953490594,218.9,3
Q1_Q2_Q4_Q5,"Q1,Q2,Q4,Q5","Q3,Q6,Q7,Q8",4,1050,1030,KLUE-BERT,0.9152380952380952,0.0210603279880914,0.8806944827998343,0.0311770242152768,0.915017617693309,0.0216839838369767,0.8899759528964599,0.0274453428172129,0.90873786407767,0.8431265184397762,0.9102323680204089,0.880212257643861,213.8,3
Q1_Q2_Q5_Q6,"Q1,Q2,Q5,Q6","Q3,Q4,Q7,Q8",4,1040,1040,KLUE-BERT,0.9278846153846152,0.0216078894752348,0.8996788253921236,0.0299653724728891,0.9279333442473224,0.0210102227646039,0.90741810889035,0.0276480902860506,0.8865384615384615,0.8245829088345873,0.8885913475399925,0.8504443285350076,211.3,3
Q1_Q2_Q6_Q7,"Q1,Q2,Q6,Q7","Q3,Q4,Q5,Q8",4,1040,1040,KLUE-BERT,0.925,0.0246274009132032,0.916155776502347,0.0297998622614709,0.9258527257115892,0.0245884349266429,0.9041258813344442,0.0315363444162915,0.8634615384615385,0.774432886681809,0.8683883609108671,0.8206173445342222,218.7,3
Q1_Q3_Q4_Q5,"Q1,Q3,Q4,Q5","Q2,Q6,Q7,Q8",4,1050,1030,KLUE-BERT,0.9180952380952382,0.0322124467148338,0.8927831637009046,0.0431439701964894,0.9176778890470804,0.0327593181503294,0.8937599087339152,0.0417460565221222,0.9223300970873788,0.8676779177302042,0.9214562524690402,0.8970272877687413,214.5,3
Q1_Q3_Q5_Q7,"Q1,Q3,Q5,Q7","Q2,Q4,Q6,Q8",4,1040,1040,KLUE-BERT,0.9192307692307692,0.038748926306942,0.8913992997105555,0.0507499605903517,0.9187108329773098,0.0391503381236546,0.8961849304027627,0.0503403990173848,0.8865384615384615,0.8316639007642966,0.8881877049129622,0.8515699932388874,206.7,3
Q1_Q3_Q7_Q8,"Q1,Q3,Q7,Q8","Q2,Q4,Q5,Q6",4,1040,1040,KLUE-BERT,0.9346153846153846,0.0291014345200414,0.9209784001093546,0.0527510409231967,0.9343709903570372,0.0291016508434036,0.9161163301657675,0.0372145320446225,0.8663461538461539,0.8050524700960556,0.8706469359690239,0.8262867470342812,211.5,3
Q1_Q4_Q6_Q7,"Q1,Q4,Q6,Q7","Q2,Q3,Q5,Q8",4,1040,1040,KLUE-BERT,0.9057692307692308,0.021414478318577,0.8821425449124082,0.0368550112052124,0.907582280610413,0.0193880690922823,0.8780457948657006,0.0273717957993809,0.8740384615384615,0.8275167960241101,0.8754658872247423,0.8364934910631884,203.3,3
Q2_Q3_Q4_Q5,"Q2,Q3,Q4,Q5","Q1,Q6,Q7,Q8",4,1050,1030,KLUE-BERT,0.9266666666666667,0.0213171707481898,0.8872198111552038,0.0471441717404864,0.9259603190646978,0.0209724719917729,0.9043715024307868,0.0280356495699715,0.9048543689320389,0.8727925488450621,0.9036096833164096,0.8749800282638771,209.6,3
Q2_Q3_Q5_Q7,"Q2,Q3,Q5,Q7","Q1,Q4,Q6,Q8",4,1040,1040,KLUE-BERT,0.9317307692307694,0.0174407280261702,0.8674581281698968,0.0637398043696379,0.9307175381266622,0.0188626545980302,0.911749787886326,0.0224338586709523,0.8903846153846153,0.8616229819271716,0.8920054404537954,0.8571753829918721,212.9,3
Q2_Q3_Q7_Q8,"Q2,Q3,Q7,Q8","Q1,Q4,Q5,Q6",4,1040,1040,KLUE-BERT,0.926923076923077,0.0269230769230769,0.8980013083003954,0.051379214776278,0.9265430744548075,0.0258536130487453,0.9054865706482408,0.0344890909317513,0.8817307692307692,0.8411661952708684,0.8859376720223019,0.8468942586543882,208.3,3
Q2_Q4_Q6_Q7,"Q2,Q4,Q6,Q7","Q1,Q3,Q5,Q8",4,1040,1040,KLUE-BERT,0.9182692307692308,0.0193505882668251,0.8922202957946601,0.0601911057255358,0.918530430007206,0.0202940717716277,0.893081911048095,0.0255993315609232,0.8663461538461539,0.8189314372602149,0.8679263876192903,0.8279131613814088,209.0,3
Q2_Q5_Q7_Q8,"Q2,Q5,Q7,Q8","Q1,Q3,Q4,Q6",4,1030,1050,KLUE-BERT,0.9242718446601944,0.0161293667241127,0.8768145894022729,0.0423432358040932,0.9247362134192084,0.0161011584632059,0.8995079584457848,0.0212515190348413,0.8761904761904762,0.8471822629088626,0.8801680256286623,0.8409563591240365,203.2,3
Q3_Q4_Q5_Q7,"Q3,Q4,Q5,Q7","Q1,Q2,Q6,Q8",4,1040,1040,KLUE-BERT,0.9240384615384616,0.0270087921253617,0.847558542569527,0.0804013118725025,0.9219792216107864,0.0276659889300679,0.8999349668863366,0.0361031594142893,0.8971153846153846,0.8609590834492552,0.8955277939307569,0.867165948262999,212.0,3
Q3_Q4_Q7_Q8,"Q3,Q4,Q7,Q8","Q1,Q2,Q5,Q6",4,1040,1040,KLUE-BERT,0.9221153846153848,0.0163461538461538,0.8176095370307589,0.067980042729745,0.919309410951478,0.0171199869832869,0.8974249458536511,0.0218065204675757,0.8798076923076923,0.8146445876451495,0.8783352574958452,0.8452751186918368,209.7,3
Q3_Q5_Q7_Q8,"Q3,Q5,Q7,Q8","Q1,Q2,Q4,Q6",4,1030,1050,KLUE-BERT,0.9281553398058252,0.0257601925464496,0.8185113438292546,0.0573913729572836,0.925501481610672,0.0258399440434196,0.905443654692083,0.0336537908496383,0.8695238095238095,0.8322623748163298,0.8686694459460131,0.8315575742885547,207.7,3
Q4_Q5_Q7_Q8,"Q4,Q5,Q7,Q8","Q1,Q2,Q3,Q6",4,1030,1050,KLUE-BERT,0.9184466019417477,0.02264447337804,0.7837137797197966,0.0718359484785807,0.9164888307859624,0.0219046848570957,0.8896852947059004,0.0310709477631648,0.8819047619047619,0.8383528275202418,0.8809158180704482,0.8494416505450513,207.7,3
Q1_Q2_Q3_Q4_Q7,"Q1,Q2,Q3,Q4,Q7","Q5,Q6,Q8",5,1315,765,KLUE-BERT,0.9270182743465186,0.0135861861370974,0.9074846348938388,0.0293899683296699,0.9265212170450254,0.0137135494045544,0.9061238919449148,0.0173935282438677,0.8941176470588236,0.7183421464486172,0.8935283829708912,0.855773594918501,260.0,3
Q1_Q2_Q3_Q5_Q8,"Q1,Q2,Q3,Q5,Q8","Q4,Q6,Q7",5,1305,775,KLUE-BERT,0.9410041103934234,0.0201991193651977,0.9074444539287108,0.0342361974330639,0.9400691910573162,0.0209521201933437,0.9242509905658458,0.0259791984034153,0.9187096774193548,0.8446558515977086,0.9208856244682596,0.8920503035636113,244.4,3
Q1_Q2_Q4_Q5_Q6,"Q1,Q2,Q4,Q5,Q6","Q3,Q7,Q8",5,1305,775,KLUE-BERT,0.925689958896066,0.0163938416693235,0.8959110094446661,0.0281467705065634,0.9261667653464578,0.0161152597873369,0.903758208425187,0.0211172221173511,0.8993548387096775,0.8344989222082254,0.8998611912072015,0.8680364389704004,242.1,3
Q1_Q2_Q4_Q6_Q8,"Q1,Q2,Q4,Q6,Q8","Q3,Q5,Q7",5,1305,775,KLUE-BERT,0.9271931884908984,0.0227810601450916,0.9043200731728688,0.0341363404090271,0.9271618572182307,0.0230225299958118,0.9056651192445364,0.0296133022063419,0.8993548387096775,0.8337889414965286,0.9006994063743053,0.8685472349253361,234.1,3
Q1_Q2_Q5_Q7_Q8,"Q1,Q2,Q5,Q7,Q8","Q3,Q4,Q6",5,1295,785,KLUE-BERT,0.9358795468097794,0.013950788183713,0.9003237605579567,0.0347358376390972,0.9369226464986904,0.0140657144394887,0.916738599817714,0.0181931499084471,0.889171974522293,0.8275411112617743,0.8963900453405661,0.8570340024408574,255.9,3
Q1_Q3_Q4_Q5_Q8,"Q1,Q3,Q4,Q5,Q8","Q2,Q6,Q7",5,1305,775,KLUE-BERT,0.925689958896066,0.0144957375849342,0.8834271772046577,0.0221586934630414,0.9251535769604072,0.0138369220803283,0.9032871826825124,0.0188830487405666,0.9329032258064516,0.8891372807013266,0.933437401908166,0.9124548697250258,256.3,3
Q1_Q3_Q5_Q7_Q8,"Q1,Q3,Q5,Q7,Q8","Q2,Q4,Q6",5,1295,785,KLUE-BERT,0.9443470483005368,0.0222350005698747,0.909689417151222,0.0481547723481701,0.9438963667675608,0.023562660640024,0.9277928562377138,0.029123763505699,0.8904458598726115,0.8452641417131799,0.8938300013283916,0.858224690030577,258.1,3
Q1_Q4_Q5_Q7_Q8,"Q1,Q4,Q5,Q7,Q8","Q2,Q3,Q6",5,1295,785,KLUE-BERT,0.9135301132975552,0.0285964456930298,0.8733481789159112,0.0436357487842873,0.9148523252505376,0.0274779786686149,0.8865368295215854,0.0371195233363474,0.8993630573248408,0.8594601467185793,0.9028867747042502,0.8720746738177505,241.5,3
Q2_Q3_Q4_Q5_Q6,"Q2,Q3,Q4,Q5,Q6","Q1,Q7,Q8",5,1305,775,KLUE-BERT,0.9333059307105108,0.01982008296497,0.8663132778668678,0.0660676328197642,0.9312458043658712,0.0205829173935971,0.9130317065935978,0.026186160186798,0.9070967741935484,0.8787493128037589,0.9053784999590234,0.8783155204410299,245.0,3
Q2_Q3_Q4_Q6_Q8,"Q2,Q3,Q4,Q6,Q8","Q1,Q5,Q7",5,1305,775,KLUE-BERT,0.93332941867293,0.0249586707104453,0.8941343707405153,0.0718213104046728,0.9328888159828288,0.0255748938496521,0.9131829216977132,0.0324960414261318,0.8941935483870967,0.8632701455028532,0.8932518100852308,0.8616649832822514,246.8,3
Q2_Q3_Q5_Q7_Q8,"Q2,Q3,Q5,Q7,Q8","Q1,Q4,Q6",5,1295,785,KLUE-BERT,0.940494931425164,0.0217280617785272,0.8912845584553549,0.0583348997191969,0.9399473587440156,0.0212368827803834,0.9224237148178548,0.0280608000436305,0.8942675159235669,0.8864854689488112,0.8962488346384705,0.8632619439868204,253.1,3
Q2_Q4_Q5_Q7_Q8,"Q2,Q4,Q5,Q7,Q8","Q1,Q3,Q6",5,1295,785,KLUE-BERT,0.926660703637448,0.0269724027145238,0.8744180608419084,0.0627352285595086,0.926877186678992,0.0262671375771181,0.902697751932185,0.0358121059445417,0.8968152866242038,0.8961151663866804,0.9006518198978651,0.869327453051595,248.4,3
Q3_Q4_Q5_Q7_Q8,"Q3,Q4,Q5,Q7,Q8","Q1,Q2,Q6",5,1295,785,KLUE-BERT,0.9243649373881933,0.0385310461775659,0.8280693663479092,0.0690156083853988,0.9231302326071112,0.0365602512632592,0.9004114461477879,0.0494039837647548,0.9006369426751593,0.88350107724519,0.8997983286282565,0.873202774090541,238.9,3
Q3_Q5_Q6_Q7_Q8,"Q3,Q5,Q6,Q7,Q8","Q1,Q2,Q4",5,1285,795,KLUE-BERT,0.942423691860465,0.013941766643766,0.8331610534250438,0.0736806074001943,0.9402178542912304,0.0150507594150012,0.9238471997508249,0.0184353245431986,0.8528301886792453,0.7931929554055535,0.8498073825688667,0.8081646795319972,254.0,3
Q1_Q2_Q3_Q4_Q5_Q8,"Q1,Q2,Q3,Q4,Q5,Q8","Q6,Q7",6,1570,510,KLUE-BERT,0.9343949044585986,0.0153528290359158,0.901746958731507,0.0336739025999979,0.9336316490610784,0.0164169355823408,0.9149399352791734,0.0200727104586282,0.9392156862745098,0.9331261058886284,0.9390037111638788,0.9180111081724412,286.1,3
Q1_Q2_Q3_Q5_Q6_Q7,"Q1,Q2,Q3,Q5,Q6,Q7","Q4,Q8",6,1560,520,KLUE-BERT,0.9410256410256408,0.0194009563466943,0.9136070153143044,0.0283169038871852,0.940532176694999,0.01958836419135,0.9243359477635904,0.0248565034080545,0.8942307692307693,0.789030940735716,0.8956352291725952,0.8566897332725351,274.7,3
Q1_Q2_Q3_Q5_Q7_Q8,"Q1,Q2,Q3,Q5,Q7,Q8","Q4,Q6",6,1560,520,KLUE-BERT,0.948076923076923,0.016580150200484,0.9248297417772936,0.0324728967448224,0.948154561692484,0.0161797509111766,0.9331095811661404,0.0213531519993668,0.9057692307692308,0.8258009183964115,0.9099059428569692,0.8756175189893192,276.6,3
Q1_Q2_Q4_Q5_Q7_Q8,"Q1,Q2,Q4,Q5,Q7,Q8","Q3,Q6",6,1560,520,KLUE-BERT,0.9346153846153844,0.0217948717948717,0.8981200224644696,0.0451768570643667,0.9336263110744608,0.0226624157322726,0.9145407011415392,0.0284980832880516,0.8961538461538462,0.8658429818463894,0.900965552486422,0.8676370767026171,287.0,3
Q1_Q3_Q4_Q5_Q7_Q8,"Q1,Q3,Q4,Q5,Q7,Q8","Q2,Q6",6,1560,520,KLUE-BERT,0.9384615384615383,0.0209096236285898,0.9057435930633791,0.0396927976959398,0.9385938252177144,0.020804635460511,0.9198069013296788,0.0272622843204853,0.925,0.8802326275274988,0.927060900368008,0.9037197047024472,278.3,3
Q2_Q3_Q4_Q5_Q7_Q8,"Q2,Q3,Q4,Q5,Q7,Q8","Q1,Q6",6,1560,520,KLUE-BERT,0.9378205128205128,0.0212700769526116,0.883831680773759,0.0510379436015948,0.9371365790483974,0.0217100573200123,0.91849519968851,0.0278797448450591,0.9096153846153846,0.9041387348074668,0.9096223053282252,0.8848147799038553,281.5,3
Q2_Q4_Q5_Q6_Q7_Q8,"Q2,Q4,Q5,Q6,Q7,Q8","Q1,Q3",6,1550,530,KLUE-BERT,0.9329032258064516,0.0216297478893421,0.8835598881175148,0.0686609225032011,0.9336504567307295,0.0197439364236593,0.9113591991647276,0.0280024696289885,0.8811320754716981,0.8846942944568077,0.8827163437960093,0.8478517431660872,279.8,3
Q1_Q2_Q3_Q4_Q5_Q7_Q8,"Q1,Q2,Q3,Q4,Q5,Q7,Q8",Q6,7,1825,255,KLUE-BERT,0.9429982585720292,0.0141659406755164,0.914960572476938,0.0297706017015952,0.942734967779722,0.0139515830310482,0.9260597844275382,0.0182554200272602,0.9450980392156862,0.9265163987953132,0.945621852986774,0.9267722349852314,309.8,3
Q1_Q3_Q4_Q5_Q6_Q7_Q8,"Q1,Q3,Q4,Q5,Q6,Q7,Q8",Q2,7,1815,265,KLUE-BERT,0.9454647562382368,0.0086223486584898,0.9105111930056488,0.019310066008464,0.9449737667797056,0.0085426948784867,0.9289163954927644,0.0110938118547585,0.9169811320754716,0.8958588954998519,0.9177865287202176,0.8942787197388703,318.3,3
Q5,Q5,"Q1,Q2,Q3,Q4,Q6,Q7,Q8",1,255,1825,KLUE-BERT,0.7878461538461539,0.0520920895992526,0.5804063473342553,0.1113863306097088,0.7785195023758491,0.0555214574427655,0.7052160066433254,0.0756235217434362,0.7008219178082192,0.5196611976387946,0.6638847855749644,0.5916006083878337,113.6,4
Q1_Q2,"Q1,Q2","Q3,Q4,Q5,Q6,Q7,Q8",2,530,1550,KLUE-BERT,0.8867924528301888,0.0223248293701872,0.8915923671301822,0.0244115560740403,0.8854805918002366,0.0235280349227122,0.8561890950019686,0.0290900463415411,0.8212903225806452,0.7581637117967338,0.8291945042029755,0.7661092365469911,150.6,4
Q1_Q4,"Q1,Q4","Q2,Q3,Q5,Q6,Q7,Q8",2,530,1550,KLUE-BERT,0.8584905660377359,0.0486558375782174,0.8462917619808398,0.0484774179217011,0.8594368893916912,0.0478933586242347,0.815518538304563,0.062019609796921,0.824516129032258,0.7741354419094438,0.8237440817068523,0.7700090992604942,146.7,4
Q1_Q5,"Q1,Q5","Q2,Q3,Q4,Q6,Q7,Q8",2,520,1560,KLUE-BERT,0.8653846153846153,0.0430013072596113,0.8126196788209221,0.0830115403115292,0.8664239141175841,0.0404271943074422,0.8276354885171793,0.0544193056618008,0.8461538461538461,0.7912024080343459,0.8480957855510756,0.7997825630077964,145.9,4
Q2_Q5,"Q2,Q5","Q1,Q3,Q4,Q6,Q7,Q8",2,520,1560,KLUE-BERT,0.8557692307692308,0.0313054242232686,0.7812927230055752,0.0595386233292076,0.8502136872160164,0.0320812665744335,0.8117063275492067,0.0408754834415655,0.8551282051282051,0.819032635388167,0.8563573854180797,0.8113764766307139,142.2,4
Q3_Q5,"Q3,Q5","Q1,Q2,Q4,Q6,Q7,Q8",2,520,1560,KLUE-BERT,0.8865384615384615,0.0628760874010454,0.7971143636098094,0.0832785730210833,0.8810335298384653,0.0623304923564371,0.8528275835766012,0.081057450112412,0.8326923076923077,0.7285524898512264,0.8247493524521541,0.7808344825581583,144.2,4
Q4_Q5,"Q4,Q5","Q1,Q2,Q3,Q6,Q7,Q8",2,520,1560,KLUE-BERT,0.851923076923077,0.0244011106547106,0.7166996294065477,0.0792877070715011,0.844420510439328,0.0257784521486417,0.7989012971449383,0.0333488293858733,0.8320512820512821,0.7152469956383942,0.8240986595879226,0.7816765798561497,147.9,4
Q5_Q6,"Q5,Q6","Q1,Q2,Q3,Q4,Q7,Q8",2,510,1570,KLUE-BERT,0.8666666666666668,0.0486653868470229,0.7592852247970594,0.0879866703107103,0.8617577262621353,0.0497199958309914,0.8185336845503992,0.0667154351364654,0.810828025477707,0.6395287843494533,0.7935340460668941,0.7509617526088691,137.4,4
Q6_Q8,"Q6,Q8","Q1,Q2,Q3,Q4,Q5,Q7",2,510,1570,KLUE-BERT,0.8862745098039216,0.0427792631946498,0.8197036107535227,0.066695589740478,0.8887768282326827,0.040365195935557,0.8483705221436507,0.0562043874641259,0.7955414012738854,0.6269163141680184,0.7875191881376993,0.7336388212816223,142.2,4
Q1_Q2_Q5,"Q1,Q2,Q5","Q3,Q4,Q6,Q7,Q8",3,785,1295,KLUE-BERT,0.9070107108081792,0.0267532080639632,0.8877554287686268,0.0500721603341714,0.9076194607186124,0.0267568208229364,0.8811405637917901,0.0342727100173225,0.8803088803088803,0.8185833206825199,0.8859541242595024,0.8434624263031475,187.4,4
Q1_Q3_Q5,"Q1,Q3,Q5","Q2,Q4,Q6,Q7,Q8",3,785,1295,KLUE-BERT,0.9019961051606622,0.0324412855526066,0.8627340020795815,0.050267666117051,0.8992335950243199,0.0320769425146579,0.874454649159558,0.0414722077289943,0.8818532818532818,0.822239791203736,0.8824565723844898,0.844576351225206,184.0,4
Q1_Q4_Q5,"Q1,Q4,Q5","Q2,Q3,Q6,Q7,Q8",3,785,1295,KLUE-BERT,0.8852482960077899,0.0325688958696946,0.8460765966033865,0.0498726338539859,0.8850123546716647,0.0339813348751273,0.8503412351927755,0.0431200389085284,0.888030888030888,0.8324102176967048,0.8892039424840653,0.8544366304182675,181.9,4
Q1_Q5_Q6,"Q1,Q5,Q6","Q2,Q3,Q4,Q7,Q8",3,775,1305,KLUE-BERT,0.9006660006660006,0.0229797013018623,0.8430824114004732,0.0554459077902148,0.901291327594802,0.0238012805117286,0.8717279938843481,0.0297968136287118,0.8628352490421456,0.8160142944180745,0.8647836855131183,0.8212778752422478,180.7,4
Q1_Q6_Q8,"Q1,Q6,Q8","Q2,Q3,Q4,Q5,Q7",3,775,1305,KLUE-BERT,0.902014652014652,0.0431075490701131,0.8559082909101935,0.079884181365234,0.902096153094833,0.0429944537515163,0.8736711153469345,0.0554431939093706,0.8337164750957854,0.7836355431453483,0.8389096617245875,0.7848850988578252,183.3,4
Q2_Q3_Q5,"Q2,Q3,Q5","Q1,Q4,Q6,Q7,Q8",3,785,1295,KLUE-BERT,0.9108568646543332,0.0259478446708488,0.8499749508753744,0.0447246074867516,0.907422670003425,0.0257194390903081,0.885242956389801,0.033508334384922,0.8833976833976834,0.8450281500513077,0.8828524304365777,0.846676587923875,190.6,4
Q2_Q4_Q5,"Q2,Q4,Q5","Q1,Q3,Q6,Q7,Q8",3,785,1295,KLUE-BERT,0.8802174618630314,0.0525673792255424,0.8283000467725907,0.0722106724541028,0.8769456595886324,0.053298340560618,0.8418451858108351,0.0695812546569024,0.8787644787644787,0.854507736403967,0.8805438683996293,0.843283662621479,182.1,4
Q2_Q5_Q8,"Q2,Q5,Q8","Q1,Q3,Q4,Q6,Q7",3,775,1305,KLUE-BERT,0.907126207126207,0.0287777415822714,0.8470891522213513,0.044848902583112,0.9066844216570082,0.0303380936802503,0.8772143607822436,0.0383313349907094,0.8628352490421456,0.8500517603919064,0.8675639141242798,0.8234831391052156,184.0,4
Q3_Q4_Q5,"Q3,Q4,Q5","Q1,Q2,Q6,Q7,Q8",3,785,1295,KLUE-BERT,0.9069133398247322,0.0258346462678208,0.8116073755798894,0.062344500851096,0.902997841861568,0.0283071569980259,0.87708840789144,0.034637786071492,0.8841698841698842,0.8346686498213648,0.8805287724166557,0.8490733453038696,186.2,4
Q3_Q5_Q6,"Q3,Q5,Q6","Q1,Q2,Q4,Q7,Q8",3,775,1305,KLUE-BERT,0.9174825174825172,0.0292848376594881,0.819011929196732,0.0861729495859356,0.9138180133735048,0.0311041821173856,0.892758446381362,0.0378245911225828,0.8513409961685824,0.7104975930328404,0.8389531610144684,0.8045600342755242,182.3,4
Q3_Q6_Q8,"Q3,Q6,Q8","Q1,Q2,Q4,Q5,Q7",3,775,1305,KLUE-BERT,0.911022311022311,0.0295152906074781,0.8229853506904614,0.0740366221126769,0.9065609038841091,0.0327564719981726,0.8845132905946971,0.0382568315984577,0.8452107279693487,0.7012723640698499,0.8365950047487494,0.7979634631243657,181.4,4
Q4_Q5_Q8,"Q4,Q5,Q8","Q1,Q2,Q3,Q6,Q7",3,775,1305,KLUE-BERT,0.8837662337662338,0.0329937168536998,0.7632079889543721,0.0822464422783846,0.8846994325419534,0.0323913803909566,0.8433594828437704,0.0443210577503092,0.8613026819923372,0.7675127000319149,0.8578549065532194,0.8221836618700433,179.4,4
Q5_Q6_Q7,"Q5,Q6,Q7","Q1,Q2,Q3,Q4,Q8",3,765,1315,KLUE-BERT,0.9124743677375255,0.023323049016952,0.8209835208960199,0.0805428350817834,0.9115936907196708,0.0232325204784339,0.8817699350843752,0.0314828530050718,0.8220532319391635,0.6564930176380451,0.8129468070521901,0.7682404015328625,179.2,4
Q1_Q2_Q3_Q7,"Q1,Q2,Q3,Q7","Q4,Q5,Q6,Q8",4,1050,1030,KLUE-BERT,0.9295238095238096,0.0181702705031799,0.9206464763882264,0.0163486917860812,0.9294068293989286,0.017767559133676,0.910466852971642,0.0228631709500893,0.8669902912621359,0.7503350591740794,0.870566485057523,0.8224403845887666,220.1,4
Q1_Q2_Q4_Q6,"Q1,Q2,Q4,Q6","Q3,Q5,Q7,Q8",4,1050,1030,KLUE-BERT,0.9123809523809524,0.0285078658039919,0.8976620759490018,0.0402995918367882,0.9132773941440948,0.0274866455625818,0.8870025937508139,0.036663542719504,0.8844660194174757,0.7931073867487054,0.8854124342159873,0.8470608786793606,234.4,4
Q1_Q2_Q5_Q7,"Q1,Q2,Q5,Q7","Q3,Q4,Q6,Q8",4,1040,1040,KLUE-BERT,0.923076923076923,0.0243252127705259,0.8983077401268046,0.0372561934636828,0.9227175763575832,0.0247423367440922,0.9008319819735012,0.0313885767995021,0.885576923076923,0.8176938417364059,0.8914736050634008,0.8507252058016463,226.2,4
Q1_Q2_Q6_Q8,"Q1,Q2,Q6,Q8","Q3,Q4,Q5,Q7",4,1040,1040,KLUE-BERT,0.9259615384615388,0.0192547926870199,0.8991327692481491,0.0339169843925208,0.9265607882837292,0.0185127013597226,0.9051646697585188,0.0243396914072958,0.8740384615384615,0.8056964486647334,0.8777717752242323,0.8347253813726382,228.8,4
Q1_Q3_Q4_Q6,"Q1,Q3,Q4,Q6","Q2,Q5,Q7,Q8",4,1050,1030,KLUE-BERT,0.9257142857142858,0.0303569094295413,0.902433506278356,0.0489736637646145,0.9251400465166713,0.0301392499788418,0.9042050474036384,0.0389867449152759,0.9067961165048544,0.8410626877200607,0.905093430867362,0.875485283765865,226.3,4
Q1_Q3_Q5_Q8,"Q1,Q3,Q5,Q8","Q2,Q4,Q6,Q7",4,1040,1040,KLUE-BERT,0.9249999999999998,0.0170926815717607,0.88033874282449,0.0437477133316009,0.9231765744841928,0.0174463309748348,0.903126749440448,0.0224087615147944,0.8923076923076924,0.8467952566369407,0.8937863147527038,0.8597197767656063,228.1,4
Q1_Q4_Q5_Q6,"Q1,Q4,Q5,Q6","Q2,Q3,Q7,Q8",4,1040,1040,KLUE-BERT,0.910576923076923,0.0304217154222237,0.8718180263404284,0.0442403742852424,0.9111182402569844,0.0290871726112499,0.8835807799626852,0.0392474167755317,0.9009615384615384,0.8611919516120052,0.90025096079544,0.8714871001217706,223.0,4
Q1_Q4_Q6_Q8,"Q1,Q4,Q6,Q8","Q2,Q3,Q5,Q7",4,1040,1040,KLUE-BERT,0.9201923076923076,0.0285400424608765,0.8821948379843112,0.0497733084497479,0.9204535496510988,0.0289763617635501,0.8958691589359467,0.0372524263798014,0.8990384615384616,0.8661285880983901,0.9001075604493355,0.869558985140236,229.3,4
Q1_Q5_Q6_Q7,"Q1,Q5,Q6,Q7","Q2,Q3,Q4,Q8",4,1030,1050,KLUE-BERT,0.9233009708737866,0.0282889364744339,0.8988993092485762,0.0461541628899116,0.9245642680194492,0.027833598858233,0.9002672943072296,0.0368446792372967,0.8714285714285714,0.8213587881899086,0.8741549398011963,0.8332137100095307,218.1,4
Q1_Q6_Q7_Q8,"Q1,Q6,Q7,Q8","Q2,Q3,Q4,Q5",4,1030,1050,KLUE-BERT,0.921359223300971,0.0235624487369157,0.8880388517621218,0.0526711866677337,0.92217511994788,0.022812381781449,0.8976287958445054,0.0305747981694691,0.8419047619047619,0.7864389522684699,0.8468748296453987,0.7961625226729724,217.6,4
Q2_Q3_Q4_Q6,"Q2,Q3,Q4,Q6","Q1,Q5,Q7,Q8",4,1050,1030,KLUE-BERT,0.9190476190476192,0.0245596132537669,0.8893590465459237,0.0616446991508124,0.9180174188352468,0.0249389425814656,0.8950792646766104,0.0320044357018595,0.8951456310679612,0.8395187270723693,0.8934585964207135,0.8611447444958445,226.3,4
Q2_Q3_Q5_Q8,"Q2,Q3,Q5,Q8","Q1,Q4,Q6,Q7",4,1040,1040,KLUE-BERT,0.9307692307692308,0.0260858845504818,0.886306892139779,0.0557882084580685,0.9296249932512198,0.027151933680057,0.9101499472214618,0.0336210472376429,0.8980769230769231,0.8824567419278367,0.8980809527945192,0.8671952834086865,221.6,4
Q2_Q4_Q5_Q6,"Q2,Q4,Q5,Q6","Q1,Q3,Q7,Q8",4,1040,1040,KLUE-BERT,0.923076923076923,0.0250738554046255,0.8549973546173557,0.0656881895517801,0.922821487003089,0.0250205378281051,0.8989458938097072,0.0328866826882877,0.8903846153846153,0.8677237426805179,0.8910303215464637,0.8587914136222932,220.2,4
Q2_Q4_Q6_Q8,"Q2,Q4,Q6,Q8","Q1,Q3,Q5,Q7",4,1040,1040,KLUE-BERT,0.9182692307692308,0.0193505882668251,0.8637013760766354,0.0676329396260376,0.9169553704586434,0.0185753551192165,0.8924246619871508,0.0256637316804988,0.8817307692307692,0.8504275483368573,0.8822872635408338,0.8479441796331737,222.3,4
Q2_Q6_Q7_Q8,"Q2,Q6,Q7,Q8","Q1,Q3,Q4,Q5",4,1030,1050,KLUE-BERT,0.924271844660194,0.0309463639815713,0.8645658739937303,0.0711223388821805,0.9250359131437298,0.0289096020185624,0.9006372967686659,0.0404461617037623,0.8676190476190476,0.8357669662840965,0.8707724408518837,0.8286068597183257,216.2,4
Q3_Q4_Q5_Q8,"Q3,Q4,Q5,Q8","Q1,Q2,Q6,Q7",4,1040,1040,KLUE-BERT,0.920192307692308,0.0365004863386582,0.8088943536576663,0.0654658782578377,0.9170382249244644,0.0361231422939779,0.8945832476508118,0.0475932413026044,0.8980769230769231,0.863313092848806,0.896584604356397,0.8687584674836721,218.8,4
Q3_Q6_Q7_Q8,"Q3,Q6,Q7,Q8","Q1,Q2,Q4,Q5",4,1030,1050,KLUE-BERT,0.9291262135922328,0.0199206645909545,0.8475618121500659,0.075676413063492,0.9266899073585104,0.019798947373328,0.9073181108912384,0.0256959207911397,0.8428571428571429,0.7042983474718937,0.8351448341675857,0.7959452886034413,217.7,4
Q4_Q6_Q7_Q8,"Q4,Q6,Q7,Q8","Q1,Q2,Q3,Q5",4,1030,1050,KLUE-BERT,0.9155339805825242,0.0225819482516757,0.8223427791751486,0.0846077371983479,0.9154386300784256,0.0237573192820799,0.8873192468851151,0.0298477030162573,0.8561904761904762,0.7417122701920269,0.8490567187829581,0.8155217691293628,213.4,4
Q1_Q2_Q3_Q4_Q8,"Q1,Q2,Q3,Q4,Q8","Q5,Q6,Q7",5,1315,765,KLUE-BERT,0.9337786259541986,0.0298518006186031,0.90976855952171,0.0436194119611196,0.9331656044967568,0.0289484934999536,0.914381325291686,0.0386065343989337,0.9163398692810456,0.8078361403328458,0.9161865681569136,0.8861702424462238,255.4,4
Q1_Q2_Q3_Q6_Q7,"Q1,Q2,Q3,Q6,Q7","Q4,Q5,Q8",5,1305,775,KLUE-BERT,0.9371520845566648,0.0244665781169984,0.930825909935454,0.0332744452304331,0.9371055301754714,0.0242096480981797,0.91991115638735,0.031120157957742,0.8774193548387097,0.7528259030357065,0.8788564058928846,0.8344787739401583,256.3,4
Q1_Q2_Q4_Q5_Q7,"Q1,Q2,Q4,Q5,Q7","Q3,Q6,Q8",5,1305,775,KLUE-BERT,0.928702290076336,0.0198112260991692,0.9037611225985268,0.019007928715208,0.928790407976836,0.0198029057711748,0.907354272301846,0.0259362355874274,0.8993548387096775,0.8182603352152144,0.9021707880400772,0.8693676269424677,252.8,4
Q1_Q2_Q4_Q7_Q8,"Q1,Q2,Q4,Q7,Q8","Q3,Q5,Q6",5,1305,775,KLUE-BERT,0.921015854374633,0.0273480541168876,0.905652964044616,0.02421835313355,0.92108588809549,0.0278528887385733,0.8971945123057028,0.035662107326911,0.8903225806451613,0.8047321425010973,0.8957984570626099,0.8581136383217024,254.8,4
Q1_Q2_Q6_Q7_Q8,"Q1,Q2,Q6,Q7,Q8","Q3,Q4,Q5",5,1295,785,KLUE-BERT,0.939767441860465,0.0161517416771795,0.923661517596312,0.0229764084912776,0.9405335262770232,0.0152073441238063,0.922269737672579,0.0207696023082573,0.8636942675159236,0.7930670324293868,0.8691438147035314,0.8220071582810802,253.6,4
Q1_Q3_Q4_Q6_Q7,"Q1,Q3,Q4,Q6,Q7","Q2,Q5,Q8",5,1305,775,KLUE-BERT,0.9303053435114504,0.0219397159760035,0.9079431017271384,0.0321654671650322,0.9305033904388323,0.0215820541285117,0.91005339982157,0.0282936518560823,0.9006451612903226,0.8293445052391053,0.9008044814586526,0.8685112186867207,255.8,4
Q1_Q3_Q6_Q7_Q8,"Q1,Q3,Q6,Q7,Q8","Q2,Q4,Q5",5,1295,785,KLUE-BERT,0.947453786523554,0.0213463253674048,0.9144610683347476,0.0402204578667576,0.9472848091184928,0.0203279865001728,0.932438088686176,0.0271383876940426,0.870063694267516,0.8219384488993551,0.8734464185535652,0.8300894645706719,262.4,4
Q1_Q4_Q6_Q7_Q8,"Q1,Q4,Q6,Q7,Q8","Q2,Q3,Q5",5,1295,785,KLUE-BERT,0.9189206917113896,0.0239977671381579,0.8874062040118045,0.0361112417778842,0.9189913108392032,0.024016493648501,0.8940105289859647,0.0311487707179527,0.9006369426751593,0.8628852781887578,0.9029472717335196,0.872751644377942,258.7,4
Q2_Q3_Q4_Q5_Q7,"Q2,Q3,Q4,Q5,Q7","Q1,Q6,Q8",5,1305,775,KLUE-BERT,0.9302701115678216,0.0249625807251904,0.8925703475867192,0.0421828800095405,0.9303759005444596,0.0243867241734627,0.9090539419371704,0.0325560007214655,0.910967741935484,0.8877042425075343,0.9111948603233276,0.8845306730582367,254.1,4
Q2_Q3_Q4_Q7_Q8,"Q2,Q3,Q4,Q7,Q8","Q1,Q5,Q6",5,1305,775,KLUE-BERT,0.9310334703464476,0.0161153623609859,0.8931320927041053,0.0414231712385139,0.930862763489056,0.015569956964586,0.9100833416415852,0.0209790034657841,0.9096774193548388,0.8816349624781531,0.9101274614033538,0.8829209128068335,258.3,4
Q2_Q3_Q6_Q7_Q8,"Q2,Q3,Q6,Q7,Q8","Q1,Q4,Q5",5,1295,785,KLUE-BERT,0.9328085867620752,0.0169365524583631,0.8759898353552771,0.066020769251841,0.9314217281198812,0.0170620349260448,0.912885273238658,0.0218809156280373,0.8866242038216561,0.8532190156207127,0.8887755879761888,0.8520683748377549,252.5,4
Q2_Q4_Q6_Q7_Q8,"Q2,Q4,Q6,Q7,Q8","Q1,Q3,Q5",5,1295,785,KLUE-BERT,0.9266487775790102,0.0201369730935506,0.8710818011325433,0.0705454547382776,0.926455954004674,0.0195565002232469,0.903235931249702,0.0263937988546393,0.8764331210191083,0.8582575636315927,0.8793192960594606,0.8423508756674389,256.6,4
Q3_Q4_Q6_Q7_Q8,"Q3,Q4,Q6,Q7,Q8","Q1,Q2,Q5",5,1295,785,KLUE-BERT,0.9343649373881932,0.0192730980577803,0.8164097109687478,0.0633329069842416,0.93242607395182,0.0188324494656613,0.9137584756854183,0.0250990882030668,0.8751592356687898,0.8232017823771655,0.8724289241942287,0.8393120475233627,260.4,4
Q4_Q5_Q6_Q7_Q8,"Q4,Q5,Q6,Q7,Q8","Q1,Q2,Q3",5,1285,795,KLUE-BERT,0.9307957848837208,0.0253160677722546,0.8269412866954813,0.0489883852529177,0.9298026481644162,0.0237885307887288,0.9068518523459004,0.0340244304532058,0.8729559748427673,0.8000943708226621,0.8667353854861564,0.8367270997023083,249.7,4
Q1_Q2_Q3_Q4_Q6_Q7,"Q1,Q2,Q3,Q4,Q6,Q7","Q5,Q8",6,1570,510,KLUE-BERT,0.9363057324840764,0.0156018454954342,0.9226894696296892,0.0212433836835889,0.93609433806462,0.0155720683755788,0.9180018912684036,0.0200392479332875,0.9,0.7007668000556821,0.8990630635969726,0.8619705155011197,297.3,4
Q1_Q2_Q3_Q5_Q6_Q8,"Q1,Q2,Q3,Q5,Q6,Q8","Q4,Q7",6,1560,520,KLUE-BERT,0.9455128205128204,0.0125778313271465,0.9111631324565558,0.0294256809319582,0.9453271761144753,0.0125879505200504,0.9298823361357372,0.0161200640326287,0.9,0.8442819780199782,0.8999566077411529,0.8655375266662357,295.7,4
Q1_Q2_Q3_Q6_Q7_Q8,"Q1,Q2,Q3,Q6,Q7,Q8","Q4,Q5",6,1560,520,KLUE-BERT,0.9493589743589744,0.0160768412871595,0.9394309380199032,0.0234987190304848,0.9492048084654848,0.0154064271858488,0.9350172260499254,0.0204803640601907,0.8865384615384615,0.7724065607277286,0.8889283446189677,0.8471213163113782,289.2,4
Q1_Q2_Q4_Q6_Q7_Q8,"Q1,Q2,Q4,Q6,Q7,Q8","Q3,Q5",6,1560,520,KLUE-BERT,0.9358974358974358,0.016959944301696,0.9142889736312384,0.0298965829557881,0.9359758638547442,0.0167440396081127,0.916630656416389,0.0219633091656767,0.8788461538461538,0.7998504498969101,0.8813102143788,0.8433293001946428,292.0,4
Q1_Q3_Q4_Q6_Q7_Q8,"Q1,Q3,Q4,Q6,Q7,Q8","Q2,Q5",6,1560,520,KLUE-BERT,0.9403846153846154,0.0234741454148725,0.9164115414556566,0.0212150395127813,0.9397355496548911,0.0240652473975867,0.9227362130842598,0.0303414942676266,0.903846153846154,0.8518149951198316,0.9044448691065564,0.874839939538063,288.4,4
Q2_Q3_Q4_Q6_Q7_Q8,"Q2,Q3,Q4,Q6,Q7,Q8","Q1,Q5",6,1560,520,KLUE-BERT,0.9333333333333332,0.0125614858604265,0.8975567712672581,0.046178007960167,0.9328769439046936,0.0128108760849541,0.9130377729238892,0.0164717068425138,0.8884615384615384,0.8582639669471275,0.8887457579251669,0.8563138988670904,291.9,4
Q3_Q4_Q5_Q6_Q7_Q8,"Q3,Q4,Q5,Q6,Q7,Q8","Q1,Q2",6,1550,530,KLUE-BERT,0.9458064516129032,0.0108724513202275,0.8486095388815235,0.0661482165913491,0.943997251264002,0.0115920974217636,0.9282946624662988,0.0143689440725967,0.8924528301886793,0.8912319840382212,0.8914251792064288,0.8625737511770619,294.6,4
Q1_Q2_Q3_Q4_Q6_Q7_Q8,"Q1,Q2,Q3,Q4,Q6,Q7,Q8",Q5,7,1825,255,KLUE-BERT,0.9430132708821232,0.0151801166002263,0.926513167414547,0.0281096907222931,0.9431877553732644,0.0152615254433202,0.926417247025064,0.0196937157767907,0.9019607843137256,0.6776309542320246,0.903539650021235,0.8643443843894965,332.3,4
Q2_Q3_Q4_Q5_Q6_Q7_Q8,"Q2,Q3,Q4,Q5,Q6,Q7,Q8",Q1,7,1815,265,KLUE-BERT,0.948776637726914,0.0106784093949591,0.9023082482425504,0.0242008841545829,0.948652660051568,0.0109513441051528,0.93283617685978,0.0139570521295323,0.8943396226415095,0.9075026412476032,0.8941186808395136,0.8650909090909091,337.4,4
