model,train_seed,test_seed,is_same_seed,accuracy,macro_f1,kappa
mBERT,42,42,True,0.9134615384615384,0.8789281601596854,0.8881428091272361
mBERT,42,43,False,0.9663461538461539,0.9603401281306282,0.9563451015665992
mBERT,42,44,False,0.9639423076923077,0.9513829210642875,0.9532976079992815
mBERT,43,42,False,0.96875,0.9689387154504445,0.9595118664370742
mBERT,43,43,True,0.9254807692307693,0.8925530459898299,0.9030616463584223
mBERT,43,44,False,0.9807692307692307,0.9824070613029686,0.9750691068177902
mBERT,44,42,False,0.9735576923076923,0.9746031971173361,0.9656863480256153
mBERT,44,43,False,0.9735576923076923,0.9626482405217628,0.965631970679024
mBERT,44,44,True,0.9278846153846154,0.8942833109083967,0.9063189659055082
KLUE-BERT,42,42,True,0.9230769230769231,0.9039391008902614,0.9003077936958459
KLUE-BERT,42,43,False,0.9711538461538461,0.9700025413152791,0.9625789911619853
KLUE-BERT,42,44,False,0.9759615384615384,0.9760607196146228,0.968809980806142
KLUE-BERT,43,42,False,0.9735576923076923,0.9734411772900268,0.965646419374939
KLUE-BERT,43,43,True,0.9302884615384616,0.893618721943033,0.909145680202434
KLUE-BERT,43,44,False,0.9855769230769231,0.9845824752050831,0.9812879526201365
KLUE-BERT,44,42,False,0.9807692307692307,0.980336842102159,0.9750026289302507
KLUE-BERT,44,43,False,0.9855769230769231,0.9859260968754795,0.9812918796564182
KLUE-BERT,44,44,True,0.9663461538461539,0.9408752932905561,0.9562739783622263
KLUE-RoBERTa,42,42,True,0.9423076923076923,0.9211516883944026,0.9252218851814403
KLUE-RoBERTa,42,43,False,0.9783653846153846,0.9777596774852109,0.9719296141071683
KLUE-RoBERTa,42,44,False,0.9783653846153846,0.9681149004576659,0.971911924678345
KLUE-RoBERTa,43,42,False,0.96875,0.9603816054323254,0.9594903332609233
KLUE-RoBERTa,43,43,True,0.9278846153846154,0.8892331111747219,0.9059320117584986
KLUE-RoBERTa,43,44,False,0.9783653846153846,0.9799463373848394,0.9719434973209937
KLUE-RoBERTa,44,42,False,0.96875,0.9686855511372957,0.9594757626394707
KLUE-RoBERTa,44,43,False,0.9807692307692307,0.9675331638966377,0.975047423391541
KLUE-RoBERTa,44,44,True,0.9399038461538461,0.9025168865802616,0.9220074092961169
KoELECTRA,42,42,True,0.8509615384615384,0.7833988516795337,0.8074649148999702
KoELECTRA,42,43,False,0.8966346153846154,0.8557776616039329,0.8665124435655386
KoELECTRA,42,44,False,0.9350961538461539,0.8953543928104748,0.9161046003540457
KoELECTRA,43,42,False,0.90625,0.8963418094510532,0.8779673255709
KoELECTRA,43,43,True,0.8798076923076923,0.8320837532504569,0.8430922888912358
KoELECTRA,43,44,False,0.9326923076923077,0.9174034097947141,0.912587989853963
KoELECTRA,44,42,False,0.9158653846153846,0.8799118268335834,0.8903779551272399
KoELECTRA,44,43,False,0.9278846153846154,0.9024485000667285,0.906046735726331
KoELECTRA,44,44,True,0.9086538461538461,0.8618287008258364,0.8809961155108554
