model,seed,agreement_rate,accuracy_mean,accuracy_std,macro_f1_mean,macro_f1_std,run1_acc,run2_acc,run3_acc
mBERT,42,1.0,0.9134615384615384,0.0,0.8789281601596853,1.1102230246251565e-16,0.9134615384615384,0.9134615384615384,0.9134615384615384
mBERT,43,1.0,0.9254807692307693,0.0,0.8925530459898298,1.1102230246251565e-16,0.9254807692307693,0.9254807692307693,0.9254807692307693
mBERT,44,1.0,0.9278846153846154,0.0,0.8942833109083969,1.1102230246251565e-16,0.9278846153846154,0.9278846153846154,0.9278846153846154
KLUE-BERT,42,1.0,0.923076923076923,1.1102230246251565e-16,0.9039391008902614,0.0,0.9230769230769231,0.9230769230769231,0.9230769230769231
KLUE-BERT,43,1.0,0.9302884615384616,0.0,0.893618721943033,0.0,0.9302884615384616,0.9302884615384616,0.9302884615384616
KLUE-BERT,44,1.0,0.9663461538461539,0.0,0.9408752932905561,0.0,0.9663461538461539,0.9663461538461539,0.9663461538461539
KLUE-RoBERTa,42,1.0,0.9423076923076922,1.1102230246251565e-16,0.9211516883944025,1.1102230246251565e-16,0.9423076923076923,0.9423076923076923,0.9423076923076923
KLUE-RoBERTa,43,1.0,0.9278846153846154,0.0,0.8892331111747219,0.0,0.9278846153846154,0.9278846153846154,0.9278846153846154
KLUE-RoBERTa,44,1.0,0.9399038461538461,0.0,0.9025168865802616,0.0,0.9399038461538461,0.9399038461538461,0.9399038461538461
KoELECTRA,42,1.0,0.8509615384615384,0.0,0.7833988516795337,0.0,0.8509615384615384,0.8509615384615384,0.8509615384615384
KoELECTRA,43,1.0,0.8798076923076922,1.1102230246251565e-16,0.8320837532504569,0.0,0.8798076923076923,0.8798076923076923,0.8798076923076923
KoELECTRA,44,1.0,0.9086538461538461,0.0,0.8618287008258364,0.0,0.9086538461538461,0.9086538461538461,0.9086538461538461
